Snap.svg,The JavaScript library for modern SVG graphics.
username,timestamp,url,sha,message
dangodev,2017-10-02 12:07:52,https://api.github.com/repos/adobe-webplatform/Snap.svg/git/commits/b242f49e6798ac297a3dad0dfb03c0893e394464,b242f49e6798ac297a3dad0dfb03c0893e394464,"Update webpack install instructions (#551)

* Update webpack install instructions

This updates the older webpack instructions to work in a friendlier, more invisible way. Until Snap is updated to a more ES6-import-friendly format.

* Fix README syntax errors

This fixes some basic syntax errors in the webpack config fix."
DmitryBaranovskiy,2017-02-07 02:25:01,https://api.github.com/repos/adobe-webplatform/Snap.svg/git/commits/d8f7508872b6e9c0059e1f714514244d08acdb7b,d8f7508872b6e9c0059e1f714514244d08acdb7b,Regenerate dist
DmitryBaranovskiy,2017-02-06 01:14:53,https://api.github.com/repos/adobe-webplatform/Snap.svg/git/commits/8c67c8ceaa6b4b2c7202c79297fe86532dacd03c,8c67c8ceaa6b4b2c7202c79297fe86532dacd03c,Merge branch 'dev'
DmitryBaranovskiy,2017-02-06 01:05:34,https://api.github.com/repos/adobe-webplatform/Snap.svg/git/commits/bc579407fd2b61d531dd3d626600c812f3e65870,bc579407fd2b61d531dd3d626600c812f3e65870,Fix for fill attribute getter
DmitryBaranovskiy,2017-02-05 02:23:31,https://api.github.com/repos/adobe-webplatform/Snap.svg/git/commits/b1ff04a2e05dbad5640e1b361655c30de7ae719b,b1ff04a2e05dbad5640e1b361655c30de7ae719b,Merge branch 'dev'
DmitryBaranovskiy,2017-02-05 02:17:33,https://api.github.com/repos/adobe-webplatform/Snap.svg/git/commits/e4da83403ec4a5e764651885116858fafa47ca0f,e4da83403ec4a5e764651885116858fafa47ca0f,Added tests for gradients
DmitryBaranovskiy,2017-02-05 01:17:21,https://api.github.com/repos/adobe-webplatform/Snap.svg/git/commits/23140bf2e1f9c01154e692180af4de2eae080f80,23140bf2e1f9c01154e692180af4de2eae080f80,Docs fix
DmitryBaranovskiy,2017-02-03 23:39:45,https://api.github.com/repos/adobe-webplatform/Snap.svg/git/commits/fa62b7b152e7db6489e421bce3704846fb8ff40d,fa62b7b152e7db6489e421bce3704846fb8ff40d,Added missed doc for set
DmitryBaranovskiy,2017-02-03 11:19:22,https://api.github.com/repos/adobe-webplatform/Snap.svg/git/commits/5433d225f650e80859581f6f1d06f61b08e1a977,5433d225f650e80859581f6f1d06f61b08e1a977,Pre 0.5.0 clean up
DmitryBaranovskiy,2017-02-03 05:46:23,https://api.github.com/repos/adobe-webplatform/Snap.svg/git/commits/7396c39a422f84fc61912696bbcfd17039d459bd,7396c39a422f84fc61912696bbcfd17039d459bd,Travis integration with Slack
DmitryBaranovskiy,2017-02-03 02:46:22,https://api.github.com/repos/adobe-webplatform/Snap.svg/git/commits/24fe30b58345136a1812353531fb0148d659fd0b,24fe30b58345136a1812353531fb0148d659fd0b,Added link to the slack room
DmitryBaranovskiy,2017-02-03 02:09:16,https://api.github.com/repos/adobe-webplatform/Snap.svg/git/commits/d98ed510da008896dd9c8c34cbb10094485664c6,d98ed510da008896dd9c8c34cbb10094485664c6,"Bumped version number and added release notes.

I think enough code to releaseâ€¦"
DmitryBaranovskiy,2017-02-03 01:57:47,https://api.github.com/repos/adobe-webplatform/Snap.svg/git/commits/5981a095a679022a3f7e46addf4323da927460ca,5981a095a679022a3f7e46addf4323da927460ca,Updated badges
DmitryBaranovskiy,2017-02-03 01:48:28,https://api.github.com/repos/adobe-webplatform/Snap.svg/git/commits/3463a66acea64df40b6515d7bb18be7472a0e56a,3463a66acea64df40b6515d7bb18be7472a0e56a,Updated README with badges
DmitryBaranovskiy,2017-02-03 00:54:28,https://api.github.com/repos/adobe-webplatform/Snap.svg/git/commits/d7b6d3afc2e20e33f75ec7c8cafd29ecbb1f8b0e,d7b6d3afc2e20e33f75ec7c8cafd29ecbb1f8b0e,Updated README with build badge
DmitryBaranovskiy,2017-02-03 00:52:50,https://api.github.com/repos/adobe-webplatform/Snap.svg/git/commits/de8cbbe908a1ea7cb78c070dc42ff0a2eb7336c5,de8cbbe908a1ea7cb78c070dc42ff0a2eb7336c5,Merge branch 'master' into dev
DmitryBaranovskiy,2017-02-03 00:47:38,https://api.github.com/repos/adobe-webplatform/Snap.svg/git/commits/492021f27614aeb8f5c072aa6b94fa7301ed7f8a,492021f27614aeb8f5c072aa6b94fa7301ed7f8a,Make node version latest
DmitryBaranovskiy,2017-02-03 00:44:01,https://api.github.com/repos/adobe-webplatform/Snap.svg/git/commits/deac9d6e73c15fd6f8da0ef38e5e53a75eb75826,deac9d6e73c15fd6f8da0ef38e5e53a75eb75826,Dropped node version
DmitryBaranovskiy,2017-02-03 00:41:35,https://api.github.com/repos/adobe-webplatform/Snap.svg/git/commits/9880c1f749927d479dca2ea54f07b67c23b11997,9880c1f749927d479dca2ea54f07b67c23b11997,Adding auto testing
DmitryBaranovskiy,2017-02-02 01:51:35,https://api.github.com/repos/adobe-webplatform/Snap.svg/git/commits/e02f17aebe94a3e23a1f42185084c38de3e72c2d,e02f17aebe94a3e23a1f42185084c38de3e72c2d,Fixed shadowsâ€™ tests
ThomasBrierley,2017-02-01 00:04:04,https://api.github.com/repos/adobe-webplatform/Snap.svg/git/commits/a63c1e61277b3b4cd8298a9798fb52b4818f8987,a63c1e61277b3b4cd8298a9798fb52b4818f8987,"Fix clipPath coercion when used multiple times (#498)

Check parent nodes before coercing elements into clipPaths to prevent
the same element being coerced multiple times.

Fixes adobe-webplatform/Snap.svg#471"
ThomasBrierley,2017-01-31 23:50:07,https://api.github.com/repos/adobe-webplatform/Snap.svg/git/commits/230396fd680f3a49cd1fd11198a87f1e388edda8,230396fd680f3a49cd1fd11198a87f1e388edda8,"Fix mina frame loop exit on resume (#499)

Invoke frame function from resume to restart animation loop when it has
previously exited after running out of animations. Add checks to frame
function and move handling of animation frame requests internally to
prevent simultaneous requests / loops.

Fixes adobe-webplatform/Snap.svg#496"
DmitryBaranovskiy,2017-01-31 23:47:28,https://api.github.com/repos/adobe-webplatform/Snap.svg/git/commits/768ddb1b7766480665a7d23b19fbd7bb1eb2ecc3,768ddb1b7766480665a7d23b19fbd7bb1eb2ecc3,"Fixes left out `URL` call.

Fixes #390. Slightly better duplicate of #501."
DmitryBaranovskiy,2017-01-30 23:18:50,https://api.github.com/repos/adobe-webplatform/Snap.svg/git/commits/fe2d206c5aefb56061fceeb9a0caaff67f8f4b99,fe2d206c5aefb56061fceeb9a0caaff67f8f4b99,Update syntax highlighting in README
DmitryBaranovskiy,2017-01-30 23:12:04,https://api.github.com/repos/adobe-webplatform/Snap.svg/git/commits/646e58b4347371d8cedfc8bfb112b5483200b6d6,646e58b4347371d8cedfc8bfb112b5483200b6d6,Updated README
DmitryBaranovskiy,2017-01-24 02:32:41,https://api.github.com/repos/adobe-webplatform/Snap.svg/git/commits/7abe4d149f109e9f3d4a65418622e85bb83c2011,7abe4d149f109e9f3d4a65418622e85bb83c2011,Included ESLint
DmitryBaranovskiy,2017-01-24 02:08:13,https://api.github.com/repos/adobe-webplatform/Snap.svg/git/commits/989b3f7c93b8f9e1c4f0c4b9f00960ad09d85da8,989b3f7c93b8f9e1c4f0c4b9f00960ad09d85da8,"Added support for gradientsâ€™ stops manipulation + url, deurl"
DmitryBaranovskiy,2017-01-18 00:42:08,https://api.github.com/repos/adobe-webplatform/Snap.svg/git/commits/c31fad6ef95a1f752905d54823000c67af8d802d,c31fad6ef95a1f752905d54823000c67af8d802d,Regenrate things
DmitryBaranovskiy,2017-01-18 00:39:57,https://api.github.com/repos/adobe-webplatform/Snap.svg/git/commits/dd8b5a249ed304c3aa6325ae6ad244d393d5cf33,dd8b5a249ed304c3aa6325ae6ad244d393d5cf33,"Fixes typo

Proper duplicate of #488. HT to @daanmichiels."
DmitryBaranovskiy,2017-01-18 00:34:47,https://api.github.com/repos/adobe-webplatform/Snap.svg/git/commits/14ff07d96a01a6a3cc427cbee3c416d118375c61,14ff07d96a01a6a3cc427cbee3c416d118375c61,"Bumped eveâ€™s version

Fixes #369."
DmitryBaranovskiy,2017-01-18 00:15:00,https://api.github.com/repos/adobe-webplatform/Snap.svg/git/commits/ce1c2a3d045c71b8330cc29415f67f3b1f5e8e85,ce1c2a3d045c71b8330cc29415f67f3b1f5e8e85,"Merge pull request #379 from ThomasBrierley/issue_378

Fixed pathValues exponential notation parsing regression"
DmitryBaranovskiy,2017-01-02 23:49:09,https://api.github.com/repos/adobe-webplatform/Snap.svg/git/commits/4c93894571fc3df426715947933db79600b27291,4c93894571fc3df426715947933db79600b27291,Fix for #481
DmitryBaranovskiy,2017-01-02 23:34:35,https://api.github.com/repos/adobe-webplatform/Snap.svg/git/commits/2e040ced8b49c68b17376b9cdc16ed5a4a29a8f2,2e040ced8b49c68b17376b9cdc16ed5a4a29a8f2,Fix for #492
DmitryBaranovskiy,2016-12-30 00:29:34,https://api.github.com/repos/adobe-webplatform/Snap.svg/git/commits/f028c2dee54d866267af87d392250cf79861a980,f028c2dee54d866267af87d392250cf79861a980,Adding material and flat colours palettes.
DmitryBaranovskiy,2016-12-29 05:13:00,https://api.github.com/repos/adobe-webplatform/Snap.svg/git/commits/b59c08038a0c93799f049ecaa3d521029055d8e5,b59c08038a0c93799f049ecaa3d521029055d8e5,Fixed animation of percentage. Moved animation to separate module.
DmitryBaranovskiy,2016-12-22 00:33:43,https://api.github.com/repos/adobe-webplatform/Snap.svg/git/commits/1492b44dac27424ad294f3aab9fadab2daca775a,1492b44dac27424ad294f3aab9fadab2daca775a,Fixed bug with missed bbox parameter
DmitryBaranovskiy,2016-12-14 00:40:56,https://api.github.com/repos/adobe-webplatform/Snap.svg/git/commits/2e6a2afa0ffc02182ea87734bc0955a19d67f41a,2e6a2afa0ffc02182ea87734bc0955a19d67f41a,"Fixed matrix splitting and matrix animation

Fixed #1036."
DmitryBaranovskiy,2016-08-01 01:37:11,https://api.github.com/repos/adobe-webplatform/Snap.svg/git/commits/b14d35dd346d0d398e4513a5534001506ef0aa9a,b14d35dd346d0d398e4513a5534001506ef0aa9a,"Arc with zero radius proper conversion to curve

Fixes #430."
DmitryBaranovskiy,2016-07-30 11:18:45,https://api.github.com/repos/adobe-webplatform/Snap.svg/git/commits/2825d0ce65fd556ecbf0330699213de57d7d9d1a,2825d0ce65fd556ecbf0330699213de57d7d9d1a,Improved matrix and getBBox for span elements
DmitryBaranovskiy,2016-07-30 08:16:40,https://api.github.com/repos/adobe-webplatform/Snap.svg/git/commits/378b3a56b6ff911d4417277732928cc39193bd82,378b3a56b6ff911d4417277732928cc39193bd82,"Merge pull request #381 from ThomasBrierley/issue_373

Fixed equal.js aggressive numeric type capture regression"
DmitryBaranovskiy,2016-07-30 08:14:34,https://api.github.com/repos/adobe-webplatform/Snap.svg/git/commits/ad20c7591acd061b19b9630721f1329413739398,ad20c7591acd061b19b9630721f1329413739398,"Merge pull request #459 from Jameskmonger/master

Fix ""Macchiato"" spelling"
DmitryBaranovskiy,2016-07-30 08:13:19,https://api.github.com/repos/adobe-webplatform/Snap.svg/git/commits/938350b999fa68406a7bc199a07b7589b1b3f20a,938350b999fa68406a7bc199a07b7589b1b3f20a,"Merge pull request #463 from NicolasPinzon/bug_fix

Bug fix"
NicolasPinzon,2016-06-09 12:02:46,https://api.github.com/repos/adobe-webplatform/Snap.svg/git/commits/e2acee474191a7d7e1428f37fec27d74877d485e,e2acee474191a7d7e1428f37fec27d74877d485e,fix undefined tagName
NicolasPinzon,2016-06-09 01:06:05,https://api.github.com/repos/adobe-webplatform/Snap.svg/git/commits/a7f1a26b6f6f33c67856e688221707eeb48669bd,a7f1a26b6f6f33c67856e688221707eeb48669bd,jquery added svg element fix
Jameskmonger,2016-05-20 08:10:45,https://api.github.com/repos/adobe-webplatform/Snap.svg/git/commits/935c0afc79077ddbf9e0f2c59a9588f1f7335627,935c0afc79077ddbf9e0f2c59a9588f1f7335627,Fix spelling on pie
Jameskmonger,2016-05-20 08:10:17,https://api.github.com/repos/adobe-webplatform/Snap.svg/git/commits/1ceae28ade5e892793c5d0b4c86c97241d1756c4,1ceae28ade5e892793c5d0b4c86c97241d1756c4,Fix spelling on legend
DmitryBaranovskiy,2015-08-25 11:49:30,https://api.github.com/repos/adobe-webplatform/Snap.svg/git/commits/be27cadf4392675b8ecb0fb217acb6a13d5e96ac,be27cadf4392675b8ecb0fb217acb6a13d5e96ac,"Merge pull request #398 from mariuszjamro/matrix-skew

Added methods for performing skew transform on the Matrix objects."
mariuszjamro,2015-08-03 19:05:12,https://api.github.com/repos/adobe-webplatform/Snap.svg/git/commits/ec89611d5d02f775ca5971122b212825930799da,ec89611d5d02f775ca5971122b212825930799da,Added methods for performing skew transform on the Matrix objects.
ThomasBrierley,2015-05-17 13:34:25,https://api.github.com/repos/adobe-webplatform/Snap.svg/git/commits/9284f56cdbfb015cc0ad1a8560714d75019c22fe,9284f56cdbfb015cc0ad1a8560714d75019c22fe,Moved the isNumeric condition after named conditions in equal.js to prevent erroneous capture of named conditions.
ThomasBrierley,2015-05-14 23:25:32,https://api.github.com/repos/adobe-webplatform/Snap.svg/git/commits/d0085416bbd4fe4b8e86b47c7dcb76833459de28,d0085416bbd4fe4b8e86b47c7dcb76833459de28,"Fixed pathValues regexp exponential notation group, removing extra backslash escape from digit."
DmitryBaranovskiy,2015-05-10 11:25:02,https://api.github.com/repos/adobe-webplatform/Snap.svg/git/commits/923b180f321895e3cb44538abc91628c183744f1,923b180f321895e3cb44538abc91628c183744f1,"Merge pull request #376 from kizu/patch-1

Updated prism.js theme, fixing browser selection in docs"
kizu,2015-05-08 19:27:59,https://api.github.com/repos/adobe-webplatform/Snap.svg/git/commits/b6e273d672097732464a5c8ec311b2e2e0e2cae6,b6e273d672097732464a5c8ec311b2e2e0e2cae6,"Updated prism.js theme, fixing browser selection in docs"
DmitryBaranovskiy,2015-04-02 11:09:20,https://api.github.com/repos/adobe-webplatform/Snap.svg/git/commits/ae7f54ff5798d0855fadf8c42000441f2f411964,ae7f54ff5798d0855fadf8c42000441f2f411964,"Merge pull request #309 from dirtyrottenscoundrel/fix-cb-for-set-animate

Fix Set.animate callback"
DmitryBaranovskiy,2015-04-02 11:04:54,https://api.github.com/repos/adobe-webplatform/Snap.svg/git/commits/9a4a2a6e2f8103c76cf7b848bc42f9e1cf60548d,9a4a2a6e2f8103c76cf7b848bc42f9e1cf60548d,"Merge pull request #275 from alexnormand/dev

remove attachEvent from addEvent"
DmitryBaranovskiy,2015-04-02 10:51:34,https://api.github.com/repos/adobe-webplatform/Snap.svg/git/commits/fce81bfdb9ca1c2e478ba8d6ba1cc1b2939deccd,fce81bfdb9ca1c2e478ba8d6ba1cc1b2939deccd,"Merge pull request #233 from whroman/dev

Updated README with instructions for installation either through Bower o..."
cjgammon,2014-11-19 07:23:37,https://api.github.com/repos/adobe-webplatform/Snap.svg/git/commits/e087fd95f30fb9dd06b1197234f69b418ac801a1,e087fd95f30fb9dd06b1197234f69b418ac801a1,remove CNAME file from source
cjgammon,2014-11-19 07:20:16,https://api.github.com/repos/adobe-webplatform/Snap.svg/git/commits/c08de1ec0ebc37ff11c3b591723056fceaaacde1,c08de1ec0ebc37ff11c3b591723056fceaaacde1,add CNAME file to configure custom domain correctly
tvjg,2014-10-01 04:10:23,https://api.github.com/repos/adobe-webplatform/Snap.svg/git/commits/29aa1048bc90526bfa2d68cbdaee8c6cc64dacfe,29aa1048bc90526bfa2d68cbdaee8c6cc64dacfe,Fix Set.animate callback
DmitryBaranovskiy,2014-09-17 07:44:54,https://api.github.com/repos/adobe-webplatform/Snap.svg/git/commits/34a57177130701475cc144dc08162af813ee7555,34a57177130701475cc144dc08162af813ee7555,â€¢ â€¢ build â€¢ â€¢
DmitryBaranovskiy,2014-09-17 07:41:59,https://api.github.com/repos/adobe-webplatform/Snap.svg/git/commits/2056ab02b1ee55c022f7746b3df1d7b772ab6797,2056ab02b1ee55c022f7746b3df1d7b772ab6797,Stylistic clean up.
DmitryBaranovskiy,2014-09-17 07:40:26,https://api.github.com/repos/adobe-webplatform/Snap.svg/git/commits/c58e1cab9facc539ab1a8e4dda8454cc3dd6d629,c58e1cab9facc539ab1a8e4dda8454cc3dd6d629,Merge remote-tracking branch 'origin/dev' into dev
DmitryBaranovskiy,2014-09-17 07:40:16,https://api.github.com/repos/adobe-webplatform/Snap.svg/git/commits/141d7a76106bd20e5ff275b95efd398684af03fc,141d7a76106bd20e5ff275b95efd398684af03fc,Added new align module with two new methods for Element.
DmitryBaranovskiy,2014-09-17 06:23:47,https://api.github.com/repos/adobe-webplatform/Snap.svg/git/commits/c0b0b5805ecb231ff5624ea6351d7e45e5497b8f,c0b0b5805ecb231ff5624ea6351d7e45e5497b8f,"Merge pull request #300 from Klowner/dev-browserify-support

Add Browserify / CommonJS support (dev branch rebased)"
DmitryBaranovskiy,2014-08-25 06:54:39,https://api.github.com/repos/adobe-webplatform/Snap.svg/git/commits/3dcca7c330eb62f276dc145ffcf985a57b244c3c,3dcca7c330eb62f276dc145ffcf985a57b244c3c,"Merge pull request #287 from voithos/transform-animate-bug

Fix regression from v0.2.0 when animating transforms"
DmitryBaranovskiy,2014-08-25 06:52:37,https://api.github.com/repos/adobe-webplatform/Snap.svg/git/commits/1c608e67daf483a9acc388a25fa9396da8346c86,1c608e67daf483a9acc388a25fa9396da8346c86,Fix for pattern methods
voithos,2014-08-25 02:28:07,https://api.github.com/repos/adobe-webplatform/Snap.svg/git/commits/383aa9a621af08bdccff0b132e364940cd89c274,383aa9a621af08bdccff0b132e364940cd89c274,Fix regression from v0.2.0 when animating transforms
DmitryBaranovskiy,2014-08-13 12:46:40,https://api.github.com/repos/adobe-webplatform/Snap.svg/git/commits/59e4a15cda2258a055446641e7f2aae8897a8647,59e4a15cda2258a055446641e7f2aae8897a8647,Added toDataURL() methods to paper and element. Extracted element methods as module.
DmitryBaranovskiy,2014-08-05 00:12:05,https://api.github.com/repos/adobe-webplatform/Snap.svg/git/commits/28b7a7a753866c15b1a8eecdb2fee4d002823a6f,28b7a7a753866c15b1a8eecdb2fee4d002823a6f,Fixed #196
DmitryBaranovskiy,2014-08-04 23:52:27,https://api.github.com/repos/adobe-webplatform/Snap.svg/git/commits/70916007aede058e3b1056a4f6e032ee6cdd4996,70916007aede058e3b1056a4f6e032ee6cdd4996,Fixed issue with parse in IE
DmitryBaranovskiy,2014-08-04 11:22:04,https://api.github.com/repos/adobe-webplatform/Snap.svg/git/commits/5c2f9a6aa7bdea9d676417fefa5409ec3f284c6e,5c2f9a6aa7bdea9d676417fefa5409ec3f284c6e,Fix for Paper.use and new method Paper.symbol
DmitryBaranovskiy,2014-08-03 22:59:28,https://api.github.com/repos/adobe-webplatform/Snap.svg/git/commits/1ccc381f329add63621e27e55b313320b33bb347,1ccc381f329add63621e27e55b313320b33bb347,Fixed bug with clipPath having id and paper.use
DmitryBaranovskiy,2014-07-31 08:39:33,https://api.github.com/repos/adobe-webplatform/Snap.svg/git/commits/9ff4c3f0df21fb541d78218d6daa67e0f82eb944,9ff4c3f0df21fb541d78218d6daa67e0f82eb944,Merge remote-tracking branch 'origin/dev' into dev
DmitryBaranovskiy,2014-07-31 08:37:34,https://api.github.com/repos/adobe-webplatform/Snap.svg/git/commits/728fc208f2ba0566795656ffc29437d24fbfdc48,728fc208f2ba0566795656ffc29437d24fbfdc48,Fixed #280
alexnormand,2014-07-09 20:35:37,https://api.github.com/repos/adobe-webplatform/Snap.svg/git/commits/7259df485a583f9365f525a47c557a4ce7b361b4,7259df485a583f9365f525a47c557a4ce7b361b4,remove attachEvent from addEvent
DmitryBaranovskiy,2014-06-13 03:48:24,https://api.github.com/repos/adobe-webplatform/Snap.svg/git/commits/dae5337e7f7e571d9a07c345fe1c60e50e36ce35,dae5337e7f7e571d9a07c345fe1c60e50e36ce35,Moved class methods in to separate module and added docs for them
DmitryBaranovskiy,2014-06-05 11:56:10,https://api.github.com/repos/adobe-webplatform/Snap.svg/git/commits/e2a8156f34ce3a27b33331d1df0689c39829eb5f,e2a8156f34ce3a27b33331d1df0689c39829eb5f,Typo in dr.js comments
DmitryBaranovskiy,2014-06-05 03:32:29,https://api.github.com/repos/adobe-webplatform/Snap.svg/git/commits/5b17fca57cbc4f8a8fd9ddd55cea2511da619ecf,5b17fca57cbc4f8a8fd9ddd55cea2511da619ecf,"Merge pull request #256 from kristoferjoseph/master

Fixing npm install by updating main property"
DmitryBaranovskiy,2014-06-03 09:28:07,https://api.github.com/repos/adobe-webplatform/Snap.svg/git/commits/064ad5b0813a022186df0e20cf64afc8f6e8a397,064ad5b0813a022186df0e20cf64afc8f6e8a397,Merge branch 'dev'
DmitryBaranovskiy,2014-06-03 09:27:27,https://api.github.com/repos/adobe-webplatform/Snap.svg/git/commits/008fc2261bc62226b0e27cbb48d542ce86a9ffbf,008fc2261bc62226b0e27cbb48d542ce86a9ffbf,build after merge
DmitryBaranovskiy,2014-06-03 08:55:01,https://api.github.com/repos/adobe-webplatform/Snap.svg/git/commits/d398a81e7429b923f30fda8596c2f17c883907a9,d398a81e7429b923f30fda8596c2f17c883907a9,Bump up version on component.js
DmitryBaranovskiy,2014-06-03 08:54:39,https://api.github.com/repos/adobe-webplatform/Snap.svg/git/commits/50399ba59b8b1b4b200ebb2731203691026c6576,50399ba59b8b1b4b200ebb2731203691026c6576,"Merge pull request #253 from bitblitter/dev

Element.transform().toString() fix attempt"
bitblitter,2014-05-31 11:35:25,https://api.github.com/repos/adobe-webplatform/Snap.svg/git/commits/542c41aaa2664143c70988ac7363f93fbfbd5ea3,542c41aaa2664143c70988ac7363f93fbfbd5ea3,"Element.transform().toString() fix attempt

Sometimes calling .transform().toString() returns an object, instead of a string.

elproto._.transform gets assigned to the toString() property of the transform() return value,
but this value is an object.

Sample case:
http://jsfiddle.net/bitblitter/hUWT7/3/"
DmitryBaranovskiy,2014-05-29 15:58:58,https://api.github.com/repos/adobe-webplatform/Snap.svg/git/commits/25fdc9f477f4deae9eab813276f0a5b8a414b69f,25fdc9f477f4deae9eab813276f0a5b8a414b69f,Fix for #88
DmitryBaranovskiy,2014-05-28 20:29:35,https://api.github.com/repos/adobe-webplatform/Snap.svg/git/commits/2a4a76e016b50812f514508143bbb38b7a2b77cc,2a4a76e016b50812f514508143bbb38b7a2b77cc,Fix for bug #252
DmitryBaranovskiy,2014-05-27 13:57:03,https://api.github.com/repos/adobe-webplatform/Snap.svg/git/commits/5850f162d95269285e89cbb6638cdf29072c24e8,5850f162d95269285e89cbb6638cdf29072c24e8,Fix for getScroll
DmitryBaranovskiy,2014-05-25 07:52:40,https://api.github.com/repos/adobe-webplatform/Snap.svg/git/commits/499193a51f2635182850a50c31716d602244ed21,499193a51f2635182850a50c31716d602244ed21,Fixed bug in mouse handler and update tests
DmitryBaranovskiy,2014-05-23 11:36:04,https://api.github.com/repos/adobe-webplatform/Snap.svg/git/commits/ddcb2a34303c18176e5412f49a417eea15dd3496,ddcb2a34303c18176e5412f49a417eea15dd3496,Playing with precision in path intersection.
DmitryBaranovskiy,2014-05-23 11:35:35,https://api.github.com/repos/adobe-webplatform/Snap.svg/git/commits/fb9c60849c2ff3eec86e492421c1fc3039607148,fb9c60849c2ff3eec86e492421c1fc3039607148,Avoid referencing document absolutely
DmitryBaranovskiy,2014-05-23 11:03:26,https://api.github.com/repos/adobe-webplatform/Snap.svg/git/commits/8d75bb48814900b4b9d21ba53201de03fb13cfae,8d75bb48814900b4b9d21ba53201de03fb13cfae,Added new method `Snap.matrix()`
DmitryBaranovskiy,2014-05-23 11:03:03,https://api.github.com/repos/adobe-webplatform/Snap.svg/git/commits/73ec9f0b53cab456754a2c72778ce30980765cf6,73ec9f0b53cab456754a2c72778ce30980765cf6,Upgrade eve.
DmitryBaranovskiy,2014-05-23 11:01:02,https://api.github.com/repos/adobe-webplatform/Snap.svg/git/commits/28119905a5452662580c8fa52f5299adb637a9b6,28119905a5452662580c8fa52f5299adb637a9b6,"Merge pull request #245 from dcjones/dev

Correctly check for undefined in getScroll. Fixes #219"
DmitryBaranovskiy,2014-05-22 02:23:30,https://api.github.com/repos/adobe-webplatform/Snap.svg/git/commits/71ad3080274f8b0c63ae858fe3ced8e0af9b326a,71ad3080274f8b0c63ae858fe3ced8e0af9b326a,Fix for #248
DmitryBaranovskiy,2014-05-21 02:38:35,https://api.github.com/repos/adobe-webplatform/Snap.svg/git/commits/8c5eb95c50b3098ad2e9aec7f5b3da87856cbf6b,8c5eb95c50b3098ad2e9aec7f5b3da87856cbf6b,Two more design tutorials.
DmitryBaranovskiy,2014-05-21 02:38:18,https://api.github.com/repos/adobe-webplatform/Snap.svg/git/commits/b92dcb5af5f62c9a80938e8bc3d6bc96eb9ef113,b92dcb5af5f62c9a80938e8bc3d6bc96eb9ef113,"unit2px and getBBox fix

Fix for Firefox bug when getBBox throws an exception."
DmitryBaranovskiy,2014-05-20 08:22:26,https://api.github.com/repos/adobe-webplatform/Snap.svg/git/commits/c1e8a98db922a1def28611f0e1380b1515150ff2,c1e8a98db922a1def28611f0e1380b1515150ff2,Fix for use getBBox()
DmitryBaranovskiy,2014-05-16 13:04:23,https://api.github.com/repos/adobe-webplatform/Snap.svg/git/commits/1bbd8e9fdd0a6586e2e6045b42e88d6a2b273e05,1bbd8e9fdd0a6586e2e6045b42e88d6a2b273e05,First two design tutorials.
dcjones,2014-05-16 05:47:07,https://api.github.com/repos/adobe-webplatform/Snap.svg/git/commits/78bf554eb2306b87abc426aa6e6c5e95975af3b2,78bf554eb2306b87abc426aa6e6c5e95975af3b2,Correctly check for undefined in getScroll. Fixes #219
DmitryBaranovskiy,2014-05-16 02:30:49,https://api.github.com/repos/adobe-webplatform/Snap.svg/git/commits/8c0a7dc0a41561a8f3cc0df8afbe8cabae880ba4,8c0a7dc0a41561a8f3cc0df8afbe8cabae880ba4,Fix for mask being passed to `.attr()` method.
DmitryBaranovskiy,2014-05-16 01:15:29,https://api.github.com/repos/adobe-webplatform/Snap.svg/git/commits/20adda58291936cde854a82c7c481bee0f82a6ca,20adda58291936cde854a82c7c481bee0f82a6ca,Fix for prepend of set. Keeping order intact.
DmitryBaranovskiy,2014-05-15 07:08:19,https://api.github.com/repos/adobe-webplatform/Snap.svg/git/commits/d1f8db5f6e0778b227430e4a4e22ad0c35a0644d,d1f8db5f6e0778b227430e4a4e22ad0c35a0644d,"Fix for error when getting attribute ""points"" ðŸ”¨

bug #239"
DmitryBaranovskiy,2014-05-15 07:04:05,https://api.github.com/repos/adobe-webplatform/Snap.svg/git/commits/d7e1f819bb7b33686937704a5f309201cadf6101,d7e1f819bb7b33686937704a5f309201cadf6101,"Prepend accepts set ðŸ”¨

Fix for #244"
DmitryBaranovskiy,2014-05-15 06:58:29,https://api.github.com/repos/adobe-webplatform/Snap.svg/git/commits/5296fa16a02e1daabf5953c2df1e5ef60f6dd9a8,5296fa16a02e1daabf5953c2df1e5ef60f6dd9a8,Mistype in pattern code fix
DmitryBaranovskiy,2014-05-15 06:58:04,https://api.github.com/repos/adobe-webplatform/Snap.svg/git/commits/d2b729cd16495d30ef79bd9c10ef9f46623fd067,d2b729cd16495d30ef79bd9c10ef9f46623fd067,"Prefixed values

Added ability to specify attributes as `""+=10""` or `""-=1em""` or `""*=2""`
Bug #243."
DmitryBaranovskiy,2014-05-12 14:10:07,https://api.github.com/repos/adobe-webplatform/Snap.svg/git/commits/48a5f6ae79e6a040c4a6d601399687c593cd83de,48a5f6ae79e6a040c4a6d601399687c593cd83de,Added docs to `animateEach`
DmitryBaranovskiy,2014-05-12 14:04:33,https://api.github.com/repos/adobe-webplatform/Snap.svg/git/commits/6d43f667ffd29a645245927ab78f288f0077e47f,6d43f667ffd29a645245927ab78f288f0077e47f,Adding log file (finally)
DmitryBaranovskiy,2014-05-12 06:47:29,https://api.github.com/repos/adobe-webplatform/Snap.svg/git/commits/c96be4e66a201b336e27e42e911b5c8372d6cd67,c96be4e66a201b336e27e42e911b5c8372d6cd67,Fix for missed `gradient` reference.
DmitryBaranovskiy,2014-05-09 01:07:34,https://api.github.com/repos/adobe-webplatform/Snap.svg/git/commits/40f0c95002c35330e6b6e51254c0e7df4a843130,40f0c95002c35330e6b6e51254c0e7df4a843130,Workaround of Firefox bug introduced lately.
DmitryBaranovskiy,2014-05-08 04:21:19,https://api.github.com/repos/adobe-webplatform/Snap.svg/git/commits/f39b99ee0688c2909c265e82af02849c7abd0750,f39b99ee0688c2909c265e82af02849c7abd0750,"Added garbage collector to clear the hub.

Fix for bug #241"
DmitryBaranovskiy,2014-05-08 00:33:20,https://api.github.com/repos/adobe-webplatform/Snap.svg/git/commits/f5d9ff5bb7afd9efd343cb1e16523555281487cb,f5d9ff5bb7afd9efd343cb1e16523555281487cb,Formatting clean up after merging pull request.
DmitryBaranovskiy,2014-05-08 00:28:28,https://api.github.com/repos/adobe-webplatform/Snap.svg/git/commits/47cbe2f9f1e58a44d6f2ddfec67aa7293669aee3,47cbe2f9f1e58a44d6f2ddfec67aa7293669aee3,"Merge pull request #240 from xogeny/set_bind

Adding a way to specify how attributes are bound on Set objects"
mtiller,2014-03-23 12:59:50,https://api.github.com/repos/adobe-webplatform/Snap.svg/git/commits/985d3dec10e245ee4a53703e9fc71e7e3eced555,985d3dec10e245ee4a53703e9fc71e7e3eced555,"Adding a way to specify how attributes are bound on Set objects

This commit is backward compatible with previous versions but adds a new option for handling
attribute applications on Set objects.  The normal behavior (of applying the attribute
to all elements in the set) is preserved unless the developer explicitly defines how
the attribute should be treated.  This relatively simply change allows three useful
cases.  First, the user can specify that an attribute to applied to a specific element.
Second, it allows pseudo-attributes to be defined and applied to a specific element.  Finally,
and most powerfully, it allows the user to specify a function to be called when a given
attribute is set.  That function can, of course, apply the attribute to a number of
different elements.

This commit includes test cases for all these cases."
DmitryBaranovskiy,2014-05-07 08:37:05,https://api.github.com/repos/adobe-webplatform/Snap.svg/git/commits/88f214e91807fec172c32a49b2eb0b4808dc7f3c,88f214e91807fec172c32a49b2eb0b4808dc7f3c,"Decouple all the things and bug fixes

â€¢ extract matrix, attar & paper.js
â€¢ fix for transform for sag element
â€¢ add Fragment to plugin call"
DmitryBaranovskiy,2014-05-06 01:16:46,https://api.github.com/repos/adobe-webplatform/Snap.svg/git/commits/400b6a87dfef6a544a37d1ebad54677d69c3fb8b,400b6a87dfef6a544a37d1ebad54677d69c3fb8b,"Revert f948729..59f8584

This rolls back to commit f94872941f4f833e2f1feb88c2ef1c43d83a88b4."
DmitryBaranovskiy,2014-05-06 00:30:46,https://api.github.com/repos/adobe-webplatform/Snap.svg/git/commits/59f85849e5cc3f7d1f403ac73038158f1beb3f21,59f85849e5cc3f7d1f403ac73038158f1beb3f21,"Merge pull request #217 from xogeny/master

Adding a way to specify how attributes are bound on Set objects"
DmitryBaranovskiy,2014-05-06 00:25:44,https://api.github.com/repos/adobe-webplatform/Snap.svg/git/commits/83100d6f71fa4fa56be0b7418de9ed4955a1bfbf,83100d6f71fa4fa56be0b7418de9ed4955a1bfbf,"Merge pull request #235 from tomconroy/patch-cors

Patch Snap.ajax to allow CORS GET requests"
DmitryBaranovskiy,2014-05-06 00:18:46,https://api.github.com/repos/adobe-webplatform/Snap.svg/git/commits/58fd1f9b5266977c2781b0068f6867c2208ed07d,58fd1f9b5266977c2781b0068f6867c2208ed07d,Clock demo
DmitryBaranovskiy,2014-05-06 00:13:22,https://api.github.com/repos/adobe-webplatform/Snap.svg/git/commits/c55f03745d3a91dcd9c49ed02c108810e76c08a8,c55f03745d3a91dcd9c49ed02c108810e76c08a8,"Big commit:
â†’ Added Paper.mask(), Paper.svg(), Paper.ptrn()
â†’ getBBox() fix
â†’ Added Set.animate() and Set.animateEach()
â†’ mask & pattern are sharing paper methods
â†’ Added to tranform output total and totalMatrix
â†’ Added reference of mina in inAnim() method
â†’ Initial support for <object> tag"
DmitryBaranovskiy,2014-05-05 10:39:16,https://api.github.com/repos/adobe-webplatform/Snap.svg/git/commits/8c9f457394eafda5947f1a5b4417e8b4ae8fbe43,8c9f457394eafda5947f1a5b4417e8b4ae8fbe43,Changed pathes in tutorial
tomconroy,2014-04-29 19:33:00,https://api.github.com/repos/adobe-webplatform/Snap.svg/git/commits/c9c743ab99f3a2a1162c33b1e59d4b3d93a197c3,c9c743ab99f3a2a1162c33b1e59d4b3d93a197c3,Patch Snap.ajax to allow CORS GET requests
DmitryBaranovskiy,2014-04-22 09:09:21,https://api.github.com/repos/adobe-webplatform/Snap.svg/git/commits/0f466e855dbaece53258721d8f623ebbc73d0bf1,0f466e855dbaece53258721d8f623ebbc73d0bf1,Added new method paper.use()
DmitryBaranovskiy,2014-04-22 07:12:11,https://api.github.com/repos/adobe-webplatform/Snap.svg/git/commits/3469abf423defb8282be5c7bfd89d5bf8fc61b33,3469abf423defb8282be5c7bfd89d5bf8fc61b33,Added paper.svg() method
DmitryBaranovskiy,2014-04-22 04:05:04,https://api.github.com/repos/adobe-webplatform/Snap.svg/git/commits/2b8bcc1be70bbdaad54a1814b9931287dbb12671,2b8bcc1be70bbdaad54a1814b9931287dbb12671,"Oops, forgotten console.log()"
DmitryBaranovskiy,2014-04-22 03:56:47,https://api.github.com/repos/adobe-webplatform/Snap.svg/git/commits/51afce7824bb2ea99811950d8170e7cd488e8789,51afce7824bb2ea99811950d8170e7cd488e8789,Fixed tests. Added new tests for class methods. Fix for bug #227
DmitryBaranovskiy,2014-04-18 00:31:07,https://api.github.com/repos/adobe-webplatform/Snap.svg/git/commits/bbc1d4d7f86f5de9d7b032e9a969c9828a5997f7,bbc1d4d7f86f5de9d7b032e9a969c9828a5997f7,Fix for #229 and #207
DmitryBaranovskiy,2014-03-25 05:02:10,https://api.github.com/repos/adobe-webplatform/Snap.svg/git/commits/c58fc82583323ba878df508b783276758b6c963d,c58fc82583323ba878df508b783276758b6c963d,"Merge pull request #216 from tshinnic/dedupe_group_make

cleanup duplicate code on group Element creation  (not a bug)"
DmitryBaranovskiy,2014-03-25 05:01:23,https://api.github.com/repos/adobe-webplatform/Snap.svg/git/commits/6696e89661ba95796d5906cedccc3b7cfc13c422,6696e89661ba95796d5906cedccc3b7cfc13c422,"Merge pull request #215 from tshinnic/path2curve_apply_fix

Fix typo in src/path.js - ref issue #211"
mtiller,2014-03-23 12:59:50,https://api.github.com/repos/adobe-webplatform/Snap.svg/git/commits/b54624a11b5eb9c174c9d2c0cb7632f76e48a096,b54624a11b5eb9c174c9d2c0cb7632f76e48a096,"Adding a way to specify how attributes are bound on Set objects

This commit is backward compatible with previous versions but adds a new option for handling
attribute applications on Set objects.  The normal behavior (of applying the attribute
to all elements in the set) is preserved unless the developer explicitly defines how
the attribute should be treated.  This relatively simply change allows three useful
cases.  First, the user can specify that an attribute to applied to a specific element.
Second, it allows pseudo-attributes to be defined and applied to a specific element.  Finally,
and most powerfully, it allows the user to specify a function to be called when a given
attribute is set.  That function can, of course, apply the attribute to a number of
different elements.

This commit includes test cases for all these cases."
tshinnic,2014-03-17 02:10:39,https://api.github.com/repos/adobe-webplatform/Snap.svg/git/commits/0ed59d7b92de2bf1018ad8d0198a356fc626f94d,0ed59d7b92de2bf1018ad8d0198a356fc626f94d,cleanup duplicate code on group Element creation
tshinnic,2014-03-17 00:17:56,https://api.github.com/repos/adobe-webplatform/Snap.svg/git/commits/eaf424c8ebadbf6458c77c8cfec6f5c8ef1af45f,eaf424c8ebadbf6458c77c8cfec6f5c8ef1af45f,Fix typo in src/path.js - ref issue #211
DmitryBaranovskiy,2014-03-07 06:16:58,https://api.github.com/repos/adobe-webplatform/Snap.svg/git/commits/8ba748d905b7303095ab3041bb9acf70bf21af34,8ba748d905b7303095ab3041bb9acf70bf21af34,"Fixes for #197, #190, #184 & #177"
DmitryBaranovskiy,2014-03-07 02:22:40,https://api.github.com/repos/adobe-webplatform/Snap.svg/git/commits/db451db0e21b4c07ea57adddd325ecfe0edf4e54,db451db0e21b4c07ea57adddd325ecfe0edf4e54,Fix for #197: Transform of <use>
DmitryBaranovskiy,2014-03-06 23:45:24,https://api.github.com/repos/adobe-webplatform/Snap.svg/git/commits/f09212b2113752ad5025ceac1a66f00cd25ef778,f09212b2113752ad5025ceac1a66f00cd25ef778,Fixes for #203 & #204
cjgammon,2014-02-12 18:33:52,https://api.github.com/repos/adobe-webplatform/Snap.svg/git/commits/f94872941f4f833e2f1feb88c2ef1c43d83a88b4,f94872941f4f833e2f1feb88c2ef1c43d83a88b4,banner ad demo added
DmitryBaranovskiy,2014-01-13 02:06:26,https://api.github.com/repos/adobe-webplatform/Snap.svg/git/commits/5b3e509fb63548050bf8f16df2401a2c11e83aa1,5b3e509fb63548050bf8f16df2401a2c11e83aa1,Fix for bug #165 â€” added opacity option for shadow filters
DmitryBaranovskiy,2014-01-08 02:07:30,https://api.github.com/repos/adobe-webplatform/Snap.svg/git/commits/7a4e7a8632a52c172e6093c0ff65fdfcde635fb0,7a4e7a8632a52c172e6093c0ff65fdfcde635fb0,Fix for #161
DmitryBaranovskiy,2014-01-03 01:23:53,https://api.github.com/repos/adobe-webplatform/Snap.svg/git/commits/1bde666776e2ed60b7f3b23904c122ca4245b6e5,1bde666776e2ed60b7f3b23904c122ca4245b6e5,Fix for #157
DmitryBaranovskiy,2014-01-02 08:43:26,https://api.github.com/repos/adobe-webplatform/Snap.svg/git/commits/effb57e0d888e67b8a578de10f29ec96ac13db50,effb57e0d888e67b8a578de10f29ec96ac13db50,Fix for bug #142
DmitryBaranovskiy,2014-01-02 07:41:23,https://api.github.com/repos/adobe-webplatform/Snap.svg/git/commits/7a59550f23608a82c4fc94e1a105ac2d17814e9f,7a59550f23608a82c4fc94e1a105ac2d17814e9f,Fixes for bugs #153 & #155
DmitryBaranovskiy,2013-12-23 01:27:58,https://api.github.com/repos/adobe-webplatform/Snap.svg/git/commits/4d9fd5ef7af71da4a301b8398a9f25cfa38396f0,4d9fd5ef7af71da4a301b8398a9f25cfa38396f0,Merge
DmitryBaranovskiy,2013-12-23 01:27:10,https://api.github.com/repos/adobe-webplatform/Snap.svg/git/commits/b591b3b0a7f1f90f2262787fa70828a99472e34e,b591b3b0a7f1f90f2262787fa70828a99472e34e,Merge branch 'dev' of https://github.com/adobe-webplatform/Snap.svg into dev
DmitryBaranovskiy,2013-12-23 01:26:40,https://api.github.com/repos/adobe-webplatform/Snap.svg/git/commits/5ff0d9bd4d5dea399804c61564a1fe863d722193,5ff0d9bd4d5dea399804c61564a1fe863d722193,Added support for text path
DmitryBaranovskiy,2013-12-20 01:02:33,https://api.github.com/repos/adobe-webplatform/Snap.svg/git/commits/eb6a978ab1a248a6337cae26c0ffb15e4325c56c,eb6a978ab1a248a6337cae26c0ffb15e4325c56c,"Merge pull request #130 from throrin19/patch-data

elem.data() return all data if no params were bounds"
DmitryBaranovskiy,2013-12-20 01:01:46,https://api.github.com/repos/adobe-webplatform/Snap.svg/git/commits/57dbdddf73b5cfaa92083459ead2e55a87ca1b97,57dbdddf73b5cfaa92083459ead2e55a87ca1b97,"Merge pull request #146 from throrin19/patch-node

fix null error if element defs not exist."
DmitryBaranovskiy,2013-12-17 11:30:01,https://api.github.com/repos/adobe-webplatform/Snap.svg/git/commits/f7acae905fc4726020a0010610d90e4cab566ecd,f7acae905fc4726020a0010610d90e4cab566ecd,"Merge pull request #150 from herschel666/ek-fluent-interface

enabling fluent-interface for `group.add`"
throrin19,2013-12-12 13:05:36,https://api.github.com/repos/adobe-webplatform/Snap.svg/git/commits/2538ee19b1edfa68670423b46fd907ed75a7f5f3,2538ee19b1edfa68670423b46fd907ed75a7f5f3,fix null error if element defs not exist.
throrin19,2013-11-28 10:03:03,https://api.github.com/repos/adobe-webplatform/Snap.svg/git/commits/ea532816076a4f0855eb8515dbbee7863efe618d,ea532816076a4f0855eb8515dbbee7863efe618d,"Merge pull request #1 from adobe-webplatform/dev

Dev"
DmitryBaranovskiy,2013-11-27 06:09:32,https://api.github.com/repos/adobe-webplatform/Snap.svg/git/commits/c3134f596bf6b70a078d9ff3d6e82f03a32ee1c9,c3134f596bf6b70a078d9ff3d6e82f03a32ee1c9,"Merge pull request #98 from jakeswenson/dev

fix issues with transformation parsing and issues with touch items when ..."
DmitryBaranovskiy,2013-11-27 02:20:50,https://api.github.com/repos/adobe-webplatform/Snap.svg/git/commits/aa6be97f6036c73ac5205b0a878bcf045f0a9c31,aa6be97f6036c73ac5205b0a878bcf045f0a9c31,Added line to getbbox primitives
DmitryBaranovskiy,2013-11-27 01:53:33,https://api.github.com/repos/adobe-webplatform/Snap.svg/git/commits/e2fdaaf12e4a4cf6ebfa22a358b1f6e8307fbcea,e2fdaaf12e4a4cf6ebfa22a358b1f6e8307fbcea,Fix for marker and pattern values treating. Fix for #102 & #133
DmitryBaranovskiy,2013-11-26 07:46:13,https://api.github.com/repos/adobe-webplatform/Snap.svg/git/commits/d6fc9070c5e75c76a39242ac40e982bab0c57044,d6fc9070c5e75c76a39242ac40e982bab0c57044,A bit more precise handling of group array-like possibilities. #94
throrin19,2013-11-25 10:02:19,https://api.github.com/repos/adobe-webplatform/Snap.svg/git/commits/46899ad251d56a465b59854c4ebe808d31d91715,46899ad251d56a465b59854c4ebe808d31d91715,+ elem.data() return all data if no params were bounds
DmitryBaranovskiy,2013-11-25 01:00:34,https://api.github.com/repos/adobe-webplatform/Snap.svg/git/commits/9fa23f0f95ea718890dd0be26be3966fb4366321,9fa23f0f95ea718890dd0be26be3966fb4366321,"Animation of SVG transformations, matrices and polygon points"
DmitryBaranovskiy,2013-11-21 11:19:08,https://api.github.com/repos/adobe-webplatform/Snap.svg/git/commits/19f9b2d5617d17e9b488c2e21f33ab4cef31f55f,19f9b2d5617d17e9b488c2e21f33ab4cef31f55f,"Merge pull request #129 from throrin19/patch-1

@ fix bug for transform=""translate(x)"""
DmitryBaranovskiy,2013-11-21 11:18:25,https://api.github.com/repos/adobe-webplatform/Snap.svg/git/commits/5784381a9fc99a5bd4296f2dfbf833d91865c6bc,5784381a9fc99a5bd4296f2dfbf833d91865c6bc,Added outerSVG as an alias toString
throrin19,2013-11-21 10:15:09,https://api.github.com/repos/adobe-webplatform/Snap.svg/git/commits/03319cedd44b2f4de15d365cf1fa6699aead4af1,03319cedd44b2f4de15d365cf1fa6699aead4af1,"@ fix bug for transform=""translate(x)""

if element has transform=""translate(5)"", snap.svg ignore that but it works and it's possible on transform attribute."
DmitryBaranovskiy,2013-11-21 00:39:33,https://api.github.com/repos/adobe-webplatform/Snap.svg/git/commits/8302edf2a16a891a56ce0cd4cf72ddf5e8d1e416,8302edf2a16a891a56ce0cd4cf72ddf5e8d1e416,Fix for #97
DmitryBaranovskiy,2013-11-20 07:07:47,https://api.github.com/repos/adobe-webplatform/Snap.svg/git/commits/1ae1f20d48d552c3c254c8ab115632ca548908ef,1ae1f20d48d552c3c254c8ab115632ca548908ef,Fix for bug #111
DmitryBaranovskiy,2013-11-20 01:29:50,https://api.github.com/repos/adobe-webplatform/Snap.svg/git/commits/74cbaf763b8cb44796c3d782599d99f5f64b8e9a,74cbaf763b8cb44796c3d782599d99f5f64b8e9a,Fix for #117
DmitryBaranovskiy,2013-11-20 00:42:25,https://api.github.com/repos/adobe-webplatform/Snap.svg/git/commits/913d1d578b8a3213f98452ff681b5a205cedf969,913d1d578b8a3213f98452ff681b5a205cedf969,Fix for #122 and added Set.remove() method
DmitryBaranovskiy,2013-11-19 07:31:04,https://api.github.com/repos/adobe-webplatform/Snap.svg/git/commits/4396f201bd58267e3b268877d4bc2522cab55357,4396f201bd58267e3b268877d4bc2522cab55357,Accidently reverted ast pull request merge
DmitryBaranovskiy,2013-11-19 07:03:38,https://api.github.com/repos/adobe-webplatform/Snap.svg/git/commits/b324696ef092c1f0bb6f913fd6ed1174a2494703,b324696ef092c1f0bb6f913fd6ed1174a2494703,Fix for #123
DmitryBaranovskiy,2013-11-18 12:02:22,https://api.github.com/repos/adobe-webplatform/Snap.svg/git/commits/c2a42eef500100605782001a6883b0e2c0b9acf6,c2a42eef500100605782001a6883b0e2c0b9acf6,Merge branch 'dev' of https://github.com/adobe-webplatform/Snap.svg into dev
DmitryBaranovskiy,2013-11-18 12:02:11,https://api.github.com/repos/adobe-webplatform/Snap.svg/git/commits/3c81659909a0a485a595c4cbb864e2ec6f4136b0,3c81659909a0a485a595c4cbb864e2ec6f4136b0,Fix for bug #25 & #110
DmitryBaranovskiy,2013-11-18 11:55:31,https://api.github.com/repos/adobe-webplatform/Snap.svg/git/commits/5d66163ef53f07e726264a14ace20a03c1c91bb4,5d66163ef53f07e726264a14ace20a03c1c91bb4,"Merge pull request #119 from sbking/sbking

Added Element.appendTo() and Element.prependTo()"
sbking,2013-11-18 09:03:26,https://api.github.com/repos/adobe-webplatform/Snap.svg/git/commits/38af3ec9f1398333dba6d78395f2596cef8c32a5,38af3ec9f1398333dba6d78395f2596cef8c32a5,Added Element.appendTo() and Element.prependTo()
DmitryBaranovskiy,2013-11-18 03:44:45,https://api.github.com/repos/adobe-webplatform/Snap.svg/git/commits/12e519f2e27c3f9eafb7264511616c4e9b88bce2,12e519f2e27c3f9eafb7264511616c4e9b88bce2,"Fix for bugs #95, #116, #103"
DmitryBaranovskiy,2013-11-18 00:17:17,https://api.github.com/repos/adobe-webplatform/Snap.svg/git/commits/c60429c1b705ba2d0e3dc34f89a1489a2c8f86af,c60429c1b705ba2d0e3dc34f89a1489a2c8f86af,Restore elemental removal. For attr() moved from white list to black list strategy
DmitryBaranovskiy,2013-11-18 00:16:23,https://api.github.com/repos/adobe-webplatform/Snap.svg/git/commits/4e1abf87143ab8e49c25e797a04ada250ad8a6e7,4e1abf87143ab8e49c25e797a04ada250ad8a6e7,Updated to the new version of dr.js. Now with templates
jakeswenson,2013-11-07 06:19:52,https://api.github.com/repos/adobe-webplatform/Snap.svg/git/commits/01c9adc5bf551da61157886a683bf8b37b07d1a3,01c9adc5bf551da61157886a683bf8b37b07d1a3,fix issues with transformation parsing and issues with touch items when touch is applied to a parent element
DmitryBaranovskiy,2013-11-06 00:13:22,https://api.github.com/repos/adobe-webplatform/Snap.svg/git/commits/e217a1ee832784a2503098f2b9e00785f9cc1095,e217a1ee832784a2503098f2b9e00785f9cc1095,"Merge pull request #96 from oslego/fix-docs

fix typos and tenses in tutorial"
oslego,2013-11-05 13:45:43,https://api.github.com/repos/adobe-webplatform/Snap.svg/git/commits/79162b126b864cd23173b660e77d688ae2ae63cf,79162b126b864cd23173b660e77d688ae2ae63cf,fix typos and tenses in tutorial
DmitryBaranovskiy,2013-10-30 00:18:42,https://api.github.com/repos/adobe-webplatform/Snap.svg/git/commits/a5d8368e6b39ed60d15ddaa00eb61b71ac385f6c,a5d8368e6b39ed60d15ddaa00eb61b71ac385f6c,Fix for bug #78
DmitryBaranovskiy,2013-10-29 01:13:58,https://api.github.com/repos/adobe-webplatform/Snap.svg/git/commits/99f10966ea58efe502f8976d2e8abd15bfaba4ba,99f10966ea58efe502f8976d2e8abd15bfaba4ba,Moved docs from dist/ to doc/
DmitryBaranovskiy,2013-10-25 22:53:28,https://api.github.com/repos/adobe-webplatform/Snap.svg/git/commits/5c9b7fd7b27d963cc50c390d1afccd14d750d88b,5c9b7fd7b27d963cc50c390d1afccd14d750d88b,Bumped up version
DmitryBaranovskiy,2013-10-25 22:53:09,https://api.github.com/repos/adobe-webplatform/Snap.svg/git/commits/6f4f847659165f93917cfe3ac36848fe236c504d,6f4f847659165f93917cfe3ac36848fe236c504d,Fix for bug #67
DmitryBaranovskiy,2013-10-25 22:42:35,https://api.github.com/repos/adobe-webplatform/Snap.svg/git/commits/b8c2751557cc18a24c7940013f886d086f2383c6,b8c2751557cc18a24c7940013f886d086f2383c6,Added json files for Bower and Component. Published on NPM and Bower. bug #51
DmitryBaranovskiy,2013-10-25 20:59:41,https://api.github.com/repos/adobe-webplatform/Snap.svg/git/commits/d865bf0810f5ef6d18935eb44d71e089fb71d715,d865bf0810f5ef6d18935eb44d71e089fb71d715,Getting rid of elemental.js. Fix for issue #50
DmitryBaranovskiy,2013-10-25 20:54:02,https://api.github.com/repos/adobe-webplatform/Snap.svg/git/commits/36958d25c2749ad2df80f80abee2ad08846249b1,36958d25c2749ad2df80f80abee2ad08846249b1,Added statement regarding DEV branch into README
DmitryBaranovskiy,2013-10-25 20:37:35,https://api.github.com/repos/adobe-webplatform/Snap.svg/git/commits/6b92046ebd7051c5f0ab6ab5db83b2f5204a2c33,6b92046ebd7051c5f0ab6ab5db83b2f5204a2c33,"Merge pull request #68 from subzey/feature/is-finite

Use native isFinite method to detect NaN and Infinities"
DmitryBaranovskiy,2013-10-25 20:22:06,https://api.github.com/repos/adobe-webplatform/Snap.svg/git/commits/f596064e2654fb9e8c5d1a651f7ca8ae75610e8a,f596064e2654fb9e8c5d1a651f7ca8ae75610e8a,"Merge pull request #59 from subzey/feature/date-now

Use Date.now when possible"
subzey,2013-10-25 13:24:59,https://api.github.com/repos/adobe-webplatform/Snap.svg/git/commits/013c92fc0f19c2906e8b3ce19af29f03d3b613d0,013c92fc0f19c2906e8b3ce19af29f03d3b613d0,Use native isFinite method to detect NaN and Infinities
DmitryBaranovskiy,2013-10-24 21:31:16,https://api.github.com/repos/adobe-webplatform/Snap.svg/git/commits/c367ff2d19fe07a503a904f7224060bbba1c75a6,c367ff2d19fe07a503a904f7224060bbba1c75a6,"Merge pull request #56 from vmx/readme-typo-fix

Fixed typo in README"
subzey,2013-10-24 07:45:23,https://api.github.com/repos/adobe-webplatform/Snap.svg/git/commits/3e4318395bfe14ba5a8a4a65dabd73371412c0b5,3e4318395bfe14ba5a8a4a65dabd73371412c0b5,Use Date.now when possible
vmx,2013-10-24 01:01:42,https://api.github.com/repos/adobe-webplatform/Snap.svg/git/commits/9cd2b0325adf08720bc11eceaecb41721a89f11e,9cd2b0325adf08720bc11eceaecb41721a89f11e,Fixed typo in README
cantrell,2013-10-23 20:53:23,https://api.github.com/repos/adobe-webplatform/Snap.svg/git/commits/d487c73ce8abbc756c6b637ceb76042c0838dd2b,d487c73ce8abbc756c6b637ceb76042c0838dd2b,Fixed CLA link
cantrell,2013-10-23 14:56:38,https://api.github.com/repos/adobe-webplatform/Snap.svg/git/commits/07698ced61e95a4332877673fa52ad490e5a99e4,07698ced61e95a4332877673fa52ad490e5a99e4,Added a twitter link.
cantrell,2013-10-23 13:53:40,https://api.github.com/repos/adobe-webplatform/Snap.svg/git/commits/b3c6d18ce89591b0dc4a040e91391310f666240f,b3c6d18ce89591b0dc4a040e91391310f666240f,Added some additional links
DmitryBaranovskiy,2013-10-23 13:05:41,https://api.github.com/repos/adobe-webplatform/Snap.svg/git/commits/76033e7026078a2e40bac905dd5f470e401e387e,76033e7026078a2e40bac905dd5f470e401e387e,Fixed version to 0.1.0
DmitryBaranovskiy,2013-10-23 12:50:10,https://api.github.com/repos/adobe-webplatform/Snap.svg/git/commits/c33b77adf8d9287e873060089b1924a88a7f57c9,c33b77adf8d9287e873060089b1924a88a7f57c9,Added link to the API Reference
DmitryBaranovskiy,2013-10-22 18:00:51,https://api.github.com/repos/adobe-webplatform/Snap.svg/git/commits/954aabd17255d302d2e325df1f7f7a69402f87ba,954aabd17255d302d2e325df1f7f7a69402f87ba,Merge branch 'master' of https://github.com/adobe-webplatform/savage
DmitryBaranovskiy,2013-10-22 18:00:42,https://api.github.com/repos/adobe-webplatform/Snap.svg/git/commits/ac7f96303d37880d06a49302315bbfe34745305f,ac7f96303d37880d06a49302315bbfe34745305f,Fix croc demo for IE10
cantrell,2013-10-22 17:23:59,https://api.github.com/repos/adobe-webplatform/Snap.svg/git/commits/c7b5f03a1cfffd7a9fb9505094e9dd110a2be519,c7b5f03a1cfffd7a9fb9505094e9dd110a2be519,Fixed some text. Added a link.
DmitryBaranovskiy,2013-10-22 00:30:46,https://api.github.com/repos/adobe-webplatform/Snap.svg/git/commits/886a941712b89238c47ed192273b08779f08dfca,886a941712b89238c47ed192273b08779f08dfca,Fix for tutorial. Add ability to click on numbers
DmitryBaranovskiy,2013-10-21 21:49:51,https://api.github.com/repos/adobe-webplatform/Snap.svg/git/commits/627d968734ecd18a229d2f5773b17fd097c54b08,627d968734ecd18a229d2f5773b17fd097c54b08,Removing test regarding asPX for further investigation. #44
DmitryBaranovskiy,2013-10-21 17:19:55,https://api.github.com/repos/adobe-webplatform/Snap.svg/git/commits/80a72714c8d8ca54d7a53754800d7c36600140a7,80a72714c8d8ca54d7a53754800d7c36600140a7,Increased the circles radius
DmitryBaranovskiy,2013-10-21 14:13:38,https://api.github.com/repos/adobe-webplatform/Snap.svg/git/commits/bb60ea14475413bdae24729c06ded31313045c27,bb60ea14475413bdae24729c06ded31313045c27,Force dr.js to be at least 0.0.10
DmitryBaranovskiy,2013-10-21 13:56:55,https://api.github.com/repos/adobe-webplatform/Snap.svg/git/commits/931c5905f1d953c3ff6a88aac15f1b75b262dd2b,931c5905f1d953c3ff6a88aac15f1b75b262dd2b,Tutorial
DmitryBaranovskiy,2013-10-21 10:45:14,https://api.github.com/repos/adobe-webplatform/Snap.svg/git/commits/9cb27e5f5fc74082cfcdd28d8d933726c217a3aa,9cb27e5f5fc74082cfcdd28d8d933726c217a3aa,Fix for bug #43
DmitryBaranovskiy,2013-10-20 15:46:25,https://api.github.com/repos/adobe-webplatform/Snap.svg/git/commits/bb3ba6e03c0db87e45188f21a7860f82c169eea4,bb3ba6e03c0db87e45188f21a7860f82c169eea4,Added new method Paper.clear(). How I missed it? :)
DmitryBaranovskiy,2013-10-20 03:59:06,https://api.github.com/repos/adobe-webplatform/Snap.svg/git/commits/dc1866045a5d5ec824fa6098829ce1b28b44956b,dc1866045a5d5ec824fa6098829ce1b28b44956b,Fixed bug in transformation handling reported here: https://github.com/adobe-webplatform/Snap.svg/issues/42
cjgammon,2013-10-18 19:55:49,https://api.github.com/repos/adobe-webplatform/Snap.svg/git/commits/b29e12b3878264fead34bbc48913cff97d2e0c2d,b29e12b3878264fead34bbc48913cff97d2e0c2d,die rotates in firefox
cjgammon,2013-10-18 16:32:45,https://api.github.com/repos/adobe-webplatform/Snap.svg/git/commits/b431a6560f18a51e4f67ddccc007385d0bdd2f99,b431a6560f18a51e4f67ddccc007385d0bdd2f99,Merge branch 'master' of https://github.com/adobe-webplatform/Snap.svg
cjgammon,2013-10-18 16:32:22,https://api.github.com/repos/adobe-webplatform/Snap.svg/git/commits/39d5a2396958ef1e64fe0b34d52ce359ea048d41,39d5a2396958ef1e64fe0b34d52ce359ea048d41,fix game demo for webkit
DmitryBaranovskiy,2013-10-18 04:39:09,https://api.github.com/repos/adobe-webplatform/Snap.svg/git/commits/65e65fa074876d0ada31deac219230f2e2f0ba65,65e65fa074876d0ada31deac219230f2e2f0ba65,Merge branch 'master' of https://github.com/adobe-webplatform/savage
DmitryBaranovskiy,2013-10-18 04:38:53,https://api.github.com/repos/adobe-webplatform/Snap.svg/git/commits/bd0a1e11e1dc06f6c6ded98134136bffa4551055,bd0a1e11e1dc06f6c6ded98134136bffa4551055,Fix for bug #38
DmitryBaranovskiy,2013-10-18 04:38:27,https://api.github.com/repos/adobe-webplatform/Snap.svg/git/commits/453482d8734767694c2aea6470a15138b966652a,453482d8734767694c2aea6470a15138b966652a,Fix for transform strings to be equal to what you set them to be (Matrix roundtrip distortion fix)
yoheishimomae,2013-10-18 02:51:49,https://api.github.com/repos/adobe-webplatform/Snap.svg/git/commits/bb4dfeb5edb9cf882e69a8634287f74115edf687,bb4dfeb5edb9cf882e69a8634287f74115edf687,updated crocodile 2 demo
yoheishimomae,2013-10-17 23:39:02,https://api.github.com/repos/adobe-webplatform/Snap.svg/git/commits/2048c9a542988fee6de4fe9364bf66be2c1ce38f,2048c9a542988fee6de4fe9364bf66be2c1ce38f,cleaned up snap log index
yoheishimomae,2013-10-17 23:15:22,https://api.github.com/repos/adobe-webplatform/Snap.svg/git/commits/04a4f10f96b7d3901897b719232aec2bc4cc4517,04a4f10f96b7d3901897b719232aec2bc4cc4517,made snap logo demo interactive
yoheishimomae,2013-10-17 23:05:54,https://api.github.com/repos/adobe-webplatform/Snap.svg/git/commits/a1906ac8e52eb470b4fc36815d759fc72a56f187,a1906ac8e52eb470b4fc36815d759fc72a56f187,added crocodile demo-2
cjgammon,2013-10-17 21:46:30,https://api.github.com/repos/adobe-webplatform/Snap.svg/git/commits/0168ffde3232c56fa8780eb0e52d28cc79272333,0168ffde3232c56fa8780eb0e52d28cc79272333,fixes for firefox transforms
cjgammon,2013-10-17 18:52:39,https://api.github.com/repos/adobe-webplatform/Snap.svg/git/commits/9578e161647547dcba9e1095684ef39ec5fa37a2,9578e161647547dcba9e1095684ef39ec5fa37a2,Merge branch 'master' of https://github.com/adobe-webplatform/Snap.svg
cjgammon,2013-10-17 18:52:18,https://api.github.com/repos/adobe-webplatform/Snap.svg/git/commits/b6092c5043f20acfe24e7a7a239d157eb4f38c33,b6092c5043f20acfe24e7a7a239d157eb4f38c33,add elephants to game demo
DmitryBaranovskiy,2013-10-17 07:24:07,https://api.github.com/repos/adobe-webplatform/Snap.svg/git/commits/b31c4ca01c32a4b35f1027d093e0d80fffe24552,b31c4ca01c32a4b35f1027d093e0d80fffe24552,Merge branch 'master' of https://github.com/adobe-webplatform/savage
DmitryBaranovskiy,2013-10-17 07:23:49,https://api.github.com/repos/adobe-webplatform/Snap.svg/git/commits/570cae0c49345574bec3e29349d4188afbd46e36,570cae0c49345574bec3e29349d4188afbd46e36,Fix for bug #37 (fonts in coffeemaker demo) and fix for animated map in Firefox
jadbox,2013-10-16 22:15:29,https://api.github.com/repos/adobe-webplatform/Snap.svg/git/commits/417312b82f27143c5e4d5d16a7c0a17bd5fc17e5,417312b82f27143c5e4d5d16a7c0a17bd5fc17e5,"Update README.md

Added CLA url"
cantrell,2013-10-16 21:42:11,https://api.github.com/repos/adobe-webplatform/Snap.svg/git/commits/32734eb8d7fd27f49b466813c472b682af5e88a9,32734eb8d7fd27f49b466813c472b682af5e88a9,Edited copy
cantrell,2013-10-16 21:41:37,https://api.github.com/repos/adobe-webplatform/Snap.svg/git/commits/bd91b508843e1e3414b30e58a0c071c456e9bfe0,bd91b508843e1e3414b30e58a0c071c456e9bfe0,Edited copy
jadbox,2013-10-16 21:17:58,https://api.github.com/repos/adobe-webplatform/Snap.svg/git/commits/9f84dafad85ab0e6021a8bf2b96d8309b6042ab2,9f84dafad85ab0e6021a8bf2b96d8309b6042ab2,"Update README.md

Fixed link."
cjgammon,2013-10-16 18:15:55,https://api.github.com/repos/adobe-webplatform/Snap.svg/git/commits/5f302ce598b1c36ffcab8ec1524531eea9ccf973,5f302ce598b1c36ffcab8ec1524531eea9ccf973,add license info
cjgammon,2013-10-16 18:01:54,https://api.github.com/repos/adobe-webplatform/Snap.svg/git/commits/93fe17a7ce817aafc73619503612f4f2e24487cd,93fe17a7ce817aafc73619503612f4f2e24487cd,game demo clean up artwork
cjgammon,2013-10-16 17:57:10,https://api.github.com/repos/adobe-webplatform/Snap.svg/git/commits/e9c4d6cbf3e83bc88c7d5c3d200830258f274290,e9c4d6cbf3e83bc88c7d5c3d200830258f274290,remove triggering on roll
cjgammon,2013-10-16 17:50:02,https://api.github.com/repos/adobe-webplatform/Snap.svg/git/commits/147d2d8f765e19d1add44aa322b7be55b13ec869,147d2d8f765e19d1add44aa322b7be55b13ec869,Merge branch 'master' of https://github.com/adobe-webplatform/Snap.svg
cjgammon,2013-10-16 17:49:29,https://api.github.com/repos/adobe-webplatform/Snap.svg/git/commits/0f89e6226a483e7c83df757703a9cfbb6deb7827,0f89e6226a483e7c83df757703a9cfbb6deb7827,add js for game demo
DmitryBaranovskiy,2013-10-16 12:52:37,https://api.github.com/repos/adobe-webplatform/Snap.svg/git/commits/77b8e4436df0d695c9f0a63c9d3b80154110d47b,77b8e4436df0d695c9f0a63c9d3b80154110d47b,Small typo in code
DmitryBaranovskiy,2013-10-16 07:25:12,https://api.github.com/repos/adobe-webplatform/Snap.svg/git/commits/036c208a844613a0b30e0860dcedba52e70a2351,036c208a844613a0b30e0860dcedba52e70a2351,Small fix for my small fix :)
DmitryBaranovskiy,2013-10-16 07:14:38,https://api.github.com/repos/adobe-webplatform/Snap.svg/git/commits/ec07510f81dc6b82a2524de5db3361f60ad4e1c4,ec07510f81dc6b82a2524de5db3361f60ad4e1c4,Small optimisations for logo animation
DmitryBaranovskiy,2013-10-16 06:52:11,https://api.github.com/repos/adobe-webplatform/Snap.svg/git/commits/78226035f1f09fb003e9717a4628357c1f6f0669,78226035f1f09fb003e9717a4628357c1f6f0669,Merge branch 'master' of https://github.com/adobe-webplatform/savage
DmitryBaranovskiy,2013-10-16 06:51:56,https://api.github.com/repos/adobe-webplatform/Snap.svg/git/commits/967076515fc79030794ff15c1aac3f88fe192d2e,967076515fc79030794ff15c1aac3f88fe192d2e,Small optimisations for Crocodile demo
yoheishimomae,2013-10-16 06:40:00,https://api.github.com/repos/adobe-webplatform/Snap.svg/git/commits/53533d1b0395b4a6e1bf6b1a27b0c44c7692d6a2,53533d1b0395b4a6e1bf6b1a27b0c44c7692d6a2,Merge branch 'master' of github.com:adobe-webplatform/Snap.svg
yoheishimomae,2013-10-16 06:39:50,https://api.github.com/repos/adobe-webplatform/Snap.svg/git/commits/23b28d7932bf36b965a3d0e64f46e38184ef4595,23b28d7932bf36b965a3d0e64f46e38184ef4595,added logo animation demo
DmitryBaranovskiy,2013-10-16 06:34:52,https://api.github.com/repos/adobe-webplatform/Snap.svg/git/commits/14db7036694508d31353ebcc5d914d083605ca3e,14db7036694508d31353ebcc5d914d083605ca3e,Found workaround for Safari and change location to San Francisco
yoheishimomae,2013-10-16 05:42:29,https://api.github.com/repos/adobe-webplatform/Snap.svg/git/commits/e0fe0cd2b0b16489a1e54bf7e3bd0ffcb2e5df88,e0fe0cd2b0b16489a1e54bf7e3bd0ffcb2e5df88,added hover event on crocodile
DmitryBaranovskiy,2013-10-16 00:10:39,https://api.github.com/repos/adobe-webplatform/Snap.svg/git/commits/f8d7d64735bff7b557d275d3a61b8377c5fe3f75,f8d7d64735bff7b557d275d3a61b8377c5fe3f75,Small optimisations of crocodile demo
yoheishimomae,2013-10-15 21:53:00,https://api.github.com/repos/adobe-webplatform/Snap.svg/git/commits/a803cb783efab8fffe26eff71e250b164f4e2999,a803cb783efab8fffe26eff71e250b164f4e2999,added crocodile demo
DmitryBaranovskiy,2013-10-15 20:25:23,https://api.github.com/repos/adobe-webplatform/Snap.svg/git/commits/fcc9322fbdec8bd43df6242c33078c6520d4d5e9,fcc9322fbdec8bd43df6242c33078c6520d4d5e9,Renamed demos files to index.html
DmitryBaranovskiy,2013-10-15 20:23:04,https://api.github.com/repos/adobe-webplatform/Snap.svg/git/commits/75dde3b1a001edb811e1d17aa8eddad6ab6e705b,75dde3b1a001edb811e1d17aa8eddad6ab6e705b,Merge
DmitryBaranovskiy,2013-10-15 20:20:07,https://api.github.com/repos/adobe-webplatform/Snap.svg/git/commits/d92bd5c4741ae588585f059505f821ac60f83c96,d92bd5c4741ae588585f059505f821ac60f83c96,Merge branch 'master' of https://github.com/adobe-webplatform/savage
DmitryBaranovskiy,2013-10-15 20:20:01,https://api.github.com/repos/adobe-webplatform/Snap.svg/git/commits/8befc80d1917d8724501087bfea4f16f9d0f4fa9,8befc80d1917d8724501087bfea4f16f9d0f4fa9,Updates to README and code sample for Snap.animate
cjgammon,2013-10-15 19:20:38,https://api.github.com/repos/adobe-webplatform/Snap.svg/git/commits/f62d90d25e8bd491e00422cd0582f6a1a77a1174,f62d90d25e8bd491e00422cd0582f6a1a77a1174,update index to reference cleaned up file structure
cjgammon,2013-10-15 19:12:47,https://api.github.com/repos/adobe-webplatform/Snap.svg/git/commits/ba87d18044f69d8db339fbd9e5725581248bdcb2,ba87d18044f69d8db339fbd9e5725581248bdcb2,organize demos in demo folder
jadbox,2013-10-15 17:21:01,https://api.github.com/repos/adobe-webplatform/Snap.svg/git/commits/b8987a3a6a229a98e35f7333845e7ab15f968ff3,b8987a3a6a229a98e35f7333845e7ab15f968ff3,"Update README.md

Added Contributing section"
DmitryBaranovskiy,2013-10-15 01:32:49,https://api.github.com/repos/adobe-webplatform/Snap.svg/git/commits/ba58eb1fdd5052052a28c1603d4fc64d2cdce934,ba58eb1fdd5052052a28c1603d4fc64d2cdce934,Fix for bug #35 & #36
DmitryBaranovskiy,2013-10-15 00:12:33,https://api.github.com/repos/adobe-webplatform/Snap.svg/git/commits/f384675b82da255de50fcffbcb594bc40e8c72fa,f384675b82da255de50fcffbcb594bc40e8c72fa,Fix for bug #27
DmitryBaranovskiy,2013-10-14 12:40:21,https://api.github.com/repos/adobe-webplatform/Snap.svg/git/commits/74cd5600e3ad16504e7bf5adf09d6cf3134abe4d,74cd5600e3ad16504e7bf5adf09d6cf3134abe4d,Type in README
DmitryBaranovskiy,2013-10-14 12:02:50,https://api.github.com/repos/adobe-webplatform/Snap.svg/git/commits/d1b88b9597f11c75843fdc5328f3554236657ef0,d1b88b9597f11c75843fdc5328f3554236657ef0,Fix for bug #24
DmitryBaranovskiy,2013-10-14 11:59:34,https://api.github.com/repos/adobe-webplatform/Snap.svg/git/commits/c6245cb435f2f4290350adc7120510521c7c9a98,c6245cb435f2f4290350adc7120510521c7c9a98,Fix for bug #23 and generate docs with new pull request. Removed VERIFY sections
DmitryBaranovskiy,2013-10-14 03:11:27,https://api.github.com/repos/adobe-webplatform/Snap.svg/git/commits/9b4b3ad9bcc28b10f3c97263e9b09f3fbf847b1a,9b4b3ad9bcc28b10f3c97263e9b09f3fbf847b1a,"Merge pull request #26 from adobe-webplatform/copyedit

Copyedit"
DmitryBaranovskiy,2013-10-09 09:06:53,https://api.github.com/repos/adobe-webplatform/Snap.svg/git/commits/d87f65327c488d8ffd92e518f573a9d27d46d80d,d87f65327c488d8ffd92e518f573a9d27d46d80d,Another iteration of demo
DmitryBaranovskiy,2013-10-09 09:06:18,https://api.github.com/repos/adobe-webplatform/Snap.svg/git/commits/c7c36416c3065c525ca3dcdea116f8d7d69c8517,c7c36416c3065c525ca3dcdea116f8d7d69c8517,"Fix for bbox for polyline, polygon"
DmitryBaranovskiy,2013-09-28 12:26:04,https://api.github.com/repos/adobe-webplatform/Snap.svg/git/commits/79c172991ce3c31852d641bcc1363618373602dc,79c172991ce3c31852d641bcc1363618373602dc,Demo WIP
DmitryBaranovskiy,2013-09-28 12:25:29,https://api.github.com/repos/adobe-webplatform/Snap.svg/git/commits/bc67ef2de6e162fffd0eb0ce5be58cfc617e2499,bc67ef2de6e162fffd0eb0ce5be58cfc617e2499,Fix for transformation equal. If stringâ†’string fails defaults to matrixâ†’matrix
DmitryBaranovskiy,2013-09-25 05:52:57,https://api.github.com/repos/adobe-webplatform/Snap.svg/git/commits/a27e4043a1ac21f1cab5f606523431b8f1deeab6,a27e4043a1ac21f1cab5f606523431b8f1deeab6,Change name to Snap.svg. Added dr.js to grunt via grunt-exec
Fyrd,2013-09-24 20:16:55,https://api.github.com/repos/adobe-webplatform/Snap.svg/git/commits/a553d07b28955cedea94edd4964d0d5f37311539,a553d07b28955cedea94edd4964d0d5f37311539,add more missing tests
Fyrd,2013-09-23 23:51:21,https://api.github.com/repos/adobe-webplatform/Snap.svg/git/commits/25b4a2cfb23bb526e4f9172f6229a4bee87832b4,25b4a2cfb23bb526e4f9172f6229a4bee87832b4,fix bugs in tests
Fyrd,2013-09-23 23:45:37,https://api.github.com/repos/adobe-webplatform/Snap.svg/git/commits/db9eb2e8a2eefdceb1b8f727c4f1aa8f73979b6e,db9eb2e8a2eefdceb1b8f727c4f1aa8f73979b6e,add missing element tests
Fyrd,2013-09-23 17:58:36,https://api.github.com/repos/adobe-webplatform/Snap.svg/git/commits/c6138bf5857be78e335c796cc1ed95ddc3039adc,c6138bf5857be78e335c796cc1ed95ddc3039adc,add missing parseTransformString tests
Fyrd,2013-09-23 17:29:41,https://api.github.com/repos/adobe-webplatform/Snap.svg/git/commits/e1665067ae440614bce20e0afc81b04e451dfea5,e1665067ae440614bce20e0afc81b04e451dfea5,fix issue in last checkin that broke mina
Fyrd,2013-09-20 23:29:24,https://api.github.com/repos/adobe-webplatform/Snap.svg/git/commits/fe21b6a759d38f400d3bf76ddef7209131324dae,fe21b6a759d38f400d3bf76ddef7209131324dae,change gruntfile to build a single build with support for requireJS or standalone
Fyrd,2013-09-20 00:11:50,https://api.github.com/repos/adobe-webplatform/Snap.svg/git/commits/95f4e4f7e26fa27897c037934427ef90374e12f4,95f4e4f7e26fa27897c037934427ef90374e12f4,add missing matrix tests
Fyrd,2013-09-19 22:40:24,https://api.github.com/repos/adobe-webplatform/Snap.svg/git/commits/c3703f13b9290865a9cf04d5ef3e956b1f52efad,c3703f13b9290865a9cf04d5ef3e956b1f52efad,add option in Gruntfile to generate requirejs compatible build of savage
DmitryBaranovskiy,2013-09-19 12:19:27,https://api.github.com/repos/adobe-webplatform/Snap.svg/git/commits/ac5b4edeb761171e14600e21f8214c8bb70d1bad,ac5b4edeb761171e14600e21f8214c8bb70d1bad,Fix bugs in filter tests
DmitryBaranovskiy,2013-09-19 12:09:06,https://api.github.com/repos/adobe-webplatform/Snap.svg/git/commits/c9103b8b042e51ce80d1fd691b3472d0a0b47340,c9103b8b042e51ce80d1fd691b3472d0a0b47340,Fix for bug #20
DmitryBaranovskiy,2013-09-19 11:03:34,https://api.github.com/repos/adobe-webplatform/Snap.svg/git/commits/d599b39e3d1b4c5feda2453056135de6bd1f9978,d599b39e3d1b4c5feda2453056135de6bd1f9978,Merge branch 'master' of https://github.com/adobe-webplatform/savage
DmitryBaranovskiy,2013-09-19 11:03:24,https://api.github.com/repos/adobe-webplatform/Snap.svg/git/commits/38696874c1e4ebb08b4c8da68afe7a03db7db983,38696874c1e4ebb08b4c8da68afe7a03db7db983,Fix for bug #17. New method Savage.angle. Fixed handling of <defs>. Fix use.getBBox. New method Element.toDefs(). Fix for gradient rgba. Fix for double defs.
Fyrd,2013-09-19 00:05:33,https://api.github.com/repos/adobe-webplatform/Snap.svg/git/commits/941ad2ae67dcc0fa47c301d02a97cddf54272aee,941ad2ae67dcc0fa47c301d02a97cddf54272aee,remove matrix test that didn't make sense
DmitryBaranovskiy,2013-09-18 23:39:15,https://api.github.com/repos/adobe-webplatform/Snap.svg/git/commits/38ce178bb114909f0e2d004de2f5bfb3ade94f15,38ce178bb114909f0e2d004de2f5bfb3ade94f15,Fix for bug #16
DmitryBaranovskiy,2013-09-18 23:33:01,https://api.github.com/repos/adobe-webplatform/Snap.svg/git/commits/d4182d931825e5ca0430de0833a215324886c7f4,d4182d931825e5ca0430de0833a215324886c7f4,Added caching and fix for bug #15
DmitryBaranovskiy,2013-09-18 23:30:40,https://api.github.com/repos/adobe-webplatform/Snap.svg/git/commits/7e29cfe5373463e024d32d45978eeb0d527320a9,7e29cfe5373463e024d32d45978eeb0d527320a9,Add new methods pause and resume to the animation object. Fix for bug #18
Fyrd,2013-09-18 22:34:25,https://api.github.com/repos/adobe-webplatform/Snap.svg/git/commits/b04c154dfeb32f6c4534ba2136115455c56933e4,b04c154dfeb32f6c4534ba2136115455c56933e4,"add matrix, set and mina tests"
Fyrd,2013-09-17 22:58:51,https://api.github.com/repos/adobe-webplatform/Snap.svg/git/commits/1ed7ac65f8e4ad32b4bd3d48cb81c1fb031f57b5,1ed7ac65f8e4ad32b4bd3d48cb81c1fb031f57b5,add missing path tests
Fyrd,2013-09-17 17:35:36,https://api.github.com/repos/adobe-webplatform/Snap.svg/git/commits/531fca593769a696502be3ede2d5dbe424fc3dee,531fca593769a696502be3ede2d5dbe424fc3dee,add filter tests
DmitryBaranovskiy,2013-09-17 06:33:21,https://api.github.com/repos/adobe-webplatform/Snap.svg/git/commits/2e33a3ca644311ff1eea3de4450492005782feaf,2e33a3ca644311ff1eea3de4450492005782feaf,Fix for s.path(<path as array>)
DmitryBaranovskiy,2013-09-16 06:55:33,https://api.github.com/repos/adobe-webplatform/Snap.svg/git/commits/6ec65ce19ab5870f65e6a88f54a07a1030a1c993,6ec65ce19ab5870f65e6a88f54a07a1030a1c993,Fix bug #14 + expand doc re colors a little
DmitryBaranovskiy,2013-09-16 03:32:51,https://api.github.com/repos/adobe-webplatform/Snap.svg/git/commits/14915f68a84764fe43c9b7c022ce85c14e0d71a6,14915f68a84764fe43c9b7c022ce85c14e0d71a6,Merge branch 'master' of https://github.com/adobe-webplatform/savage
DmitryBaranovskiy,2013-09-16 03:32:40,https://api.github.com/repos/adobe-webplatform/Snap.svg/git/commits/602818b2591b1902c12aade32b48681d4c8698e7,602818b2591b1902c12aade32b48681d4c8698e7,Fix for bug #13
Fyrd,2013-09-13 22:57:55,https://api.github.com/repos/adobe-webplatform/Snap.svg/git/commits/206618e8bd43852defd285768352ff67f70d5042,206618e8bd43852defd285768352ff67f70d5042,add more savage and color tests
DmitryBaranovskiy,2013-09-13 13:03:15,https://api.github.com/repos/adobe-webplatform/Snap.svg/git/commits/aa60066c74b64ad998c96a015c6e1be37138b19b,aa60066c74b64ad998c96a015c6e1be37138b19b,Fix for bug #11
DmitryBaranovskiy,2013-09-13 12:51:01,https://api.github.com/repos/adobe-webplatform/Snap.svg/git/commits/608aa8dbdfb52017951f0fe2d18a39a4acbcfa00,608aa8dbdfb52017951f0fe2d18a39a4acbcfa00,"Fix for bug #12, fix for easing functions edge results (0,1), fix for stroke to accept the same values as fill"
Fyrd,2013-09-12 22:44:59,https://api.github.com/repos/adobe-webplatform/Snap.svg/git/commits/f7fa0526ba9fa74f77ef600f81cb9547f47cbed6,f7fa0526ba9fa74f77ef600f81cb9547f47cbed6,add more tests
DmitryBaranovskiy,2013-09-12 02:56:46,https://api.github.com/repos/adobe-webplatform/Snap.svg/git/commits/2a8f553eaf66b5036c4442556333cd6701f5c963,2a8f553eaf66b5036c4442556333cd6701f5c963,Fix for bug #7 and removing the cause of bug #9. Will add onDragOver after release
DmitryBaranovskiy,2013-09-12 01:23:53,https://api.github.com/repos/adobe-webplatform/Snap.svg/git/commits/1ed2053d591eb333a2ea394bb954c062f90b51b0,1ed2053d591eb333a2ea394bb954c062f90b51b0,Small fix for a2c function and fix for bug #6
DmitryBaranovskiy,2013-09-12 01:11:58,https://api.github.com/repos/adobe-webplatform/Snap.svg/git/commits/3849db5e2f9781094eb035413d081ed69749c610,3849db5e2f9781094eb035413d081ed69749c610,Merge branch 'master' of https://github.com/adobe-webplatform/savage
DmitryBaranovskiy,2013-09-12 01:08:19,https://api.github.com/repos/adobe-webplatform/Snap.svg/git/commits/52b313f8defdf7454231ff557b21742dc97ea316,52b313f8defdf7454231ff557b21742dc97ea316,Fix for bug #8
Fyrd,2013-09-11 23:54:22,https://api.github.com/repos/adobe-webplatform/Snap.svg/git/commits/047e6b5a5fba116372d9fceb78430c4a5417c131,047e6b5a5fba116372d9fceb78430c4a5417c131,start on Savage object tests
Fyrd,2013-09-11 22:03:34,https://api.github.com/repos/adobe-webplatform/Snap.svg/git/commits/440f4cef941b76518d3de384c70959c6d959ef8c,440f4cef941b76518d3de384c70959c6d959ef8c,add more element and paper tests
DmitryBaranovskiy,2013-09-11 12:25:30,https://api.github.com/repos/adobe-webplatform/Snap.svg/git/commits/9ff432a12ff6522f631b69031deba0240a7cc524,9ff432a12ff6522f631b69031deba0240a7cc524,Fix the color recognition for fill
DmitryBaranovskiy,2013-09-11 04:38:52,https://api.github.com/repos/adobe-webplatform/Snap.svg/git/commits/be91a1b24feeb5014d7a7ccf15dbad00fe6dc71a,be91a1b24feeb5014d7a7ccf15dbad00fe6dc71a,Fix bug #5
DmitryBaranovskiy,2013-09-11 03:17:32,https://api.github.com/repos/adobe-webplatform/Snap.svg/git/commits/be42ac9b88751494b20ac790d2c4ae13ca2b99d6,be42ac9b88751494b20ac790d2c4ae13ca2b99d6,Added ability to solve ids in cloned elements. New element methods  and
Fyrd,2013-09-10 23:37:24,https://api.github.com/repos/adobe-webplatform/Snap.svg/git/commits/fd8db10bd352f804917fe7de0715a39551addd69,fd8db10bd352f804917fe7de0715a39551addd69,add Element event tests
Fyrd,2013-09-10 21:09:02,https://api.github.com/repos/adobe-webplatform/Snap.svg/git/commits/630b66058d99e183192643fd16e6df03d66a1af0,630b66058d99e183192643fd16e6df03d66a1af0,add tests for misc element methods
DmitryBaranovskiy,2013-09-10 02:22:49,https://api.github.com/repos/adobe-webplatform/Snap.svg/git/commits/e610c49616f270e81616f9c7684234b56ebf2a20,e610c49616f270e81616f9c7684234b56ebf2a20,Added all the filters from https://dvcs.w3.org/hg/FXTF/raw-file/tip/filters/index.html#ShorthandEquivalents
DmitryBaranovskiy,2013-09-10 00:49:12,https://api.github.com/repos/adobe-webplatform/Snap.svg/git/commits/0eb355e072e906cb9952f86e35493fa5dd6d646f,0eb355e072e906cb9952f86e35493fa5dd6d646f,Element.remove() now returns the element
DmitryBaranovskiy,2013-09-10 00:38:04,https://api.github.com/repos/adobe-webplatform/Snap.svg/git/commits/a66f7117277ea71dfec5673f3bc0310634f98902,a66f7117277ea71dfec5673f3bc0310634f98902,"Added attr(key, value) for masochists"
DmitryBaranovskiy,2013-09-10 00:26:53,https://api.github.com/repos/adobe-webplatform/Snap.svg/git/commits/c5c57cccf67392132b8fdd5d6e025c7e635cac98,c5c57cccf67392132b8fdd5d6e025c7e635cac98,Fix docs for bug #4
DmitryBaranovskiy,2013-09-10 00:22:19,https://api.github.com/repos/adobe-webplatform/Snap.svg/git/commits/67667a54910f0f53b97f1de76e2851299e47cfae,67667a54910f0f53b97f1de76e2851299e47cfae,Merge branch 'master' of https://github.com/adobe-webplatform/savage
DmitryBaranovskiy,2013-09-10 00:22:05,https://api.github.com/repos/adobe-webplatform/Snap.svg/git/commits/506c5d4af714e45fe475f763e8716cc10e977d56,506c5d4af714e45fe475f763e8716cc10e977d56,Fix for bug #3
Fyrd,2013-09-10 00:12:26,https://api.github.com/repos/adobe-webplatform/Snap.svg/git/commits/0f1b1ab86d949a050e284dca0533c93407a84c45,0f1b1ab86d949a050e284dca0533c93407a84c45,add some extra tests to Element method return values
DmitryBaranovskiy,2013-09-10 00:06:45,https://api.github.com/repos/adobe-webplatform/Snap.svg/git/commits/21bd1d8be5ba8ecd58e6c03bb4d4ca3dfe64355c,21bd1d8be5ba8ecd58e6c03bb4d4ca3dfe64355c,Merge branch 'master' of https://github.com/adobe-webplatform/savage
DmitryBaranovskiy,2013-09-10 00:06:35,https://api.github.com/repos/adobe-webplatform/Snap.svg/git/commits/2e6789ce1599c40a79f65a35a2766201942a3e1c,2e6789ce1599c40a79f65a35a2766201942a3e1c,Fix for bugs #1 and #2
Fyrd,2013-09-09 23:05:21,https://api.github.com/repos/adobe-webplatform/Snap.svg/git/commits/7f9a89e5c0d30c6db60acd1c6bcef97a0d5ceec1,7f9a89e5c0d30c6db60acd1c6bcef97a0d5ceec1,remove invalid test
Fyrd,2013-09-09 22:38:51,https://api.github.com/repos/adobe-webplatform/Snap.svg/git/commits/eea4f89d29c5df1fa53f721022a878bb2ca3d9bb,eea4f89d29c5df1fa53f721022a878bb2ca3d9bb,add first Element tests
DmitryBaranovskiy,2013-09-09 07:36:48,https://api.github.com/repos/adobe-webplatform/Snap.svg/git/commits/02dfd62f22441821d48c46814a650df14b27f05b,02dfd62f22441821d48c46814a650df14b27f05b,Fixed group to follow pattern of first argument to be an attributes
DmitryBaranovskiy,2013-09-09 07:22:14,https://api.github.com/repos/adobe-webplatform/Snap.svg/git/commits/7a2ebfa2acb378a59229185cbbfaee452f495565,7a2ebfa2acb378a59229185cbbfaee452f495565,Fixed text setting and getting. Removed superflous <tspan>
DmitryBaranovskiy,2013-09-09 01:16:25,https://api.github.com/repos/adobe-webplatform/Snap.svg/git/commits/5bca0ff9db8d690359b4cc99f7a6b06898e33a8d,5bca0ff9db8d690359b4cc99f7a6b06898e33a8d,Update notice and readme
DmitryBaranovskiy,2013-09-09 00:33:59,https://api.github.com/repos/adobe-webplatform/Snap.svg/git/commits/4c609185c79531bae616ae15a8eae0bb11b6f742,4c609185c79531bae616ae15a8eae0bb11b6f742,NPM all the things. Fix for transformation animation
DmitryBaranovskiy,2013-09-06 04:09:36,https://api.github.com/repos/adobe-webplatform/Snap.svg/git/commits/6a394d3fcb8c39640695a5511d8a1d1d78ac460d,6a394d3fcb8c39640695a5511d8a1d1d78ac460d,Added another demo
DmitryBaranovskiy,2013-09-06 03:40:22,https://api.github.com/repos/adobe-webplatform/Snap.svg/git/commits/59201c0146385363119ce154bcad25774aca1dfd,59201c0146385363119ce154bcad25774aca1dfd,Added <use> attributes and linked demojs.html to dist folder
DmitryBaranovskiy,2013-09-05 13:24:16,https://api.github.com/repos/adobe-webplatform/Snap.svg/git/commits/9dc21ca8cefcebf173cb7ccb6706307315582710,9dc21ca8cefcebf173cb7ccb6706307315582710,Fixed path and groups
DmitryBaranovskiy,2013-09-05 00:29:15,https://api.github.com/repos/adobe-webplatform/Snap.svg/git/commits/9c00bc6469a88f8ad51e8eda776bb2f4f2097522,9c00bc6469a88f8ad51e8eda776bb2f4f2097522,Split tests into seperate JS files
DmitryBaranovskiy,2013-09-05 00:10:45,https://api.github.com/repos/adobe-webplatform/Snap.svg/git/commits/b2a0817c5e074fa46ffc6ed09b195c4c9df3f189,b2a0817c5e074fa46ffc6ed09b195c4c9df3f189,"Added methods for loading external SVG, new attribute #text and Paper.toString()"
DmitryBaranovskiy,2013-09-02 04:26:51,https://api.github.com/repos/adobe-webplatform/Snap.svg/git/commits/ec5eabeb82bffb814713927880d5e81f79f099db,ec5eabeb82bffb814713927880d5e81f79f099db,Added API Reference in TopCaoat style
DmitryBaranovskiy,2013-08-27 00:48:51,https://api.github.com/repos/adobe-webplatform/Snap.svg/git/commits/4f75197c9e22b959d522d8a5ec77da6b0f4ffe9a,4f75197c9e22b959d522d8a5ec77da6b0f4ffe9a,Rearrange & rename files
DmitryBaranovskiy,2013-08-27 00:43:48,https://api.github.com/repos/adobe-webplatform/Snap.svg/git/commits/b7d0985f5ddb6920e5f8b5e291cb1e97425fdb6a,b7d0985f5ddb6920e5f8b5e291cb1e97425fdb6a,Rearrange & rename files
DmitryBaranovskiy,2013-08-23 23:31:00,https://api.github.com/repos/adobe-webplatform/Snap.svg/git/commits/383ae375c4fbd9e3629d6f88655006a11cb1da6b,383ae375c4fbd9e3629d6f88655006a11cb1da6b,Docs for mina and path fix for test
DmitryBaranovskiy,2013-08-22 10:00:40,https://api.github.com/repos/adobe-webplatform/Snap.svg/git/commits/55742231ee0b078bdf4ad6375f6bce7c4e9ed58e,55742231ee0b078bdf4ad6375f6bce7c4e9ed58e,Added docs. Moved generated files to â€œdistâ€ directory
DmitryBaranovskiy,2013-08-20 09:42:07,https://api.github.com/repos/adobe-webplatform/Snap.svg/git/commits/34c814c1dfeacb2cd127901b5976f0853d736015,34c814c1dfeacb2cd127901b5976f0853d736015,In the process of adding useful animation methods + docs
DmitryBaranovskiy,2013-08-16 04:57:44,https://api.github.com/repos/adobe-webplatform/Snap.svg/git/commits/8eacc3ab1a1e9bf7a73955339ba06c4dd7e27b37,8eacc3ab1a1e9bf7a73955339ba06c4dd7e27b37,Include copyright notice
DmitryBaranovskiy,2013-08-16 04:50:35,https://api.github.com/repos/adobe-webplatform/Snap.svg/git/commits/3ec5eaec53ea9757a6894554a55324d56e8d1740,3ec5eaec53ea9757a6894554a55324d56e8d1740,Added contributing file
DmitryBaranovskiy,2013-08-16 04:44:10,https://api.github.com/repos/adobe-webplatform/Snap.svg/git/commits/7e15c23e331f8055685e34e23f50a3141294f458,7e15c23e331f8055685e34e23f50a3141294f458,Added copyright NOTICE
DmitryBaranovskiy,2013-08-16 02:56:19,https://api.github.com/repos/adobe-webplatform/Snap.svg/git/commits/f5a8d501e38a2204326065eeedf4c862af54a3c9,f5a8d501e38a2204326065eeedf4c862af54a3c9,Added callback to animation
DmitryBaranovskiy,2013-08-16 01:20:48,https://api.github.com/repos/adobe-webplatform/Snap.svg/git/commits/583bb2a37dab593897d6fdbc21b4dd1b76582977,583bb2a37dab593897d6fdbc21b4dd1b76582977,Moving submodules (part 2)
DmitryBaranovskiy,2013-08-16 01:15:34,https://api.github.com/repos/adobe-webplatform/Snap.svg/git/commits/7a3cc15a434ff833000cea6be7e2d5a420e80c0c,7a3cc15a434ff833000cea6be7e2d5a420e80c0c,Moving submodules (part 1)
DmitryBaranovskiy,2013-08-15 08:31:27,https://api.github.com/repos/adobe-webplatform/Snap.svg/git/commits/f8e84670a10c4ab5c9cbfec3dff555ecfd58652d,f8e84670a10c4ab5c9cbfec3dff555ecfd58652d,Add License
DmitryBaranovskiy,2013-08-15 08:29:47,https://api.github.com/repos/adobe-webplatform/Snap.svg/git/commits/3cf4c5e7d65fb68aa25a933ae1e437d2cb465784,3cf4c5e7d65fb68aa25a933ae1e437d2cb465784,Added filters and rewrote animation library (mina). It still WIP
DmitryBaranovskiy,2013-08-09 12:13:22,https://api.github.com/repos/adobe-webplatform/Snap.svg/git/commits/d07cb4cf1b4bba40e46ebb54311e90bc3fdffd31,d07cb4cf1b4bba40e46ebb54311e90bc3fdffd31,"Moved elemental.js to 3rd party folder, fixed Savage(<SVG element>) work"
DmitryBaranovskiy,2013-08-05 08:04:30,https://api.github.com/repos/adobe-webplatform/Snap.svg/git/commits/537e249baf276f4cd0aa406793095487425408ea,537e249baf276f4cd0aa406793095487425408ea,Added Grunt building
DmitryBaranovskiy,2013-08-02 04:07:42,https://api.github.com/repos/adobe-webplatform/Snap.svg/git/commits/c40144d90c6e200c894e691ade7ec3fb458d0775,c40144d90c6e200c894e691ade7ec3fb458d0775,More tests and small fixes to the path
DmitryBaranovskiy,2013-07-26 03:47:26,https://api.github.com/repos/adobe-webplatform/Snap.svg/git/commits/fe71fc750545258139e521ae9e6fe2002cfc6b98,fe71fc750545258139e521ae9e6fe2002cfc6b98,Adding doc and fixing broken references
DmitryBaranovskiy,2013-07-24 05:51:07,https://api.github.com/repos/adobe-webplatform/Snap.svg/git/commits/a9a99faada04840f9e3df380b1dfe9053cf99ba4,a9a99faada04840f9e3df380b1dfe9053cf99ba4,Extracted path methods into separate module
DmitryBaranovskiy,2013-07-22 02:51:29,https://api.github.com/repos/adobe-webplatform/Snap.svg/git/commits/f57bb75a1b40db27aa16844e3898457244f49fe2,f57bb75a1b40db27aa16844e3898457244f49fe2,"Added support for â€œOâ€, â€œUâ€ & â€œRâ€ path commands"
DmitryBaranovskiy,2013-07-15 12:57:30,https://api.github.com/repos/adobe-webplatform/Snap.svg/git/commits/8766ae2c7939eecfd932914f46810fd6d052381c,8766ae2c7939eecfd932914f46810fd6d052381c,"Markers, Animation of colour, transform and path, mouse and touch events"
DmitryBaranovskiy,2013-07-11 03:23:37,https://api.github.com/repos/adobe-webplatform/Snap.svg/git/commits/2270a96f123103946c47e348148fd151d5150370,2270a96f123103946c47e348148fd151d5150370,Added gradients. Changed plugin architecture.
DmitryBaranovskiy,2013-07-05 08:13:33,https://api.github.com/repos/adobe-webplatform/Snap.svg/git/commits/c22245fc5658a5d19f3d938086d2dc076a7968ad,c22245fc5658a5d19f3d938086d2dc076a7968ad,Adding submodules
DmitryBaranovskiy,2013-07-05 07:23:52,https://api.github.com/repos/adobe-webplatform/Snap.svg/git/commits/e9a164079fa101d728f3c8dfa4cafd7b71273863,e9a164079fa101d728f3c8dfa4cafd7b71273863,Initial commit
