cwac-camera,CWAC-Camera: Taking Pictures. Made Sensible.
username,timestamp,url,sha,message
commonsguy,2016-05-13 10:33:20,https://api.github.com/repos/commonsguy/cwac-camera/git/commits/f41d7b439abc6b8d82fbdb3e75d7cc78c04aed6b,f41d7b439abc6b8d82fbdb3e75d7cc78c04aed6b,Update README.md
commonsguy,2015-12-10 11:58:59,https://api.github.com/repos/commonsguy/cwac-camera/git/commits/22868a75478c9adfe0732e7e2a27ff056a547475,22868a75478c9adfe0732e7e2a27ff056a547475,Update README-original.markdown
commonsguy,2015-10-16 13:05:24,https://api.github.com/repos/commonsguy/cwac-camera/git/commits/d3f8b392d72a3be421f600672a0747c3764bc2c6,d3f8b392d72a3be421f600672a0747c3764bc2c6,"updated to pull in v0.7.+ of camera, camera-v9 artifacts"
commonsguy,2015-10-16 12:58:38,https://api.github.com/repos/commonsguy/cwac-camera/git/commits/c5be4198ff9aebb2b576db20feec4aa28dfdd226,c5be4198ff9aebb2b576db20feec4aa28dfdd226,"changed getHost() to getCameraHost(), setHost() to setCameraHost()"
commonsguy,2015-09-09 19:55:31,https://api.github.com/repos/commonsguy/cwac-camera/git/commits/5c8ce10353efd8e56082f9f0ef5786393ee90b2b,5c8ce10353efd8e56082f9f0ef5786393ee90b2b,updated to better S3 SSL URL for repo
commonsguy,2015-07-17 12:42:19,https://api.github.com/repos/commonsguy/cwac-camera/git/commits/6920caccf486c020a0256062d88aa7b94e605f29,6920caccf486c020a0256062d88aa7b94e605f29,Merge branch 'master' of github.com:commonsguy/cwac-camera
commonsguy,2015-07-17 12:42:04,https://api.github.com/repos/commonsguy/cwac-camera/git/commits/8d498d304a2a7e8d5662e6c4527e8da8cd1d60b1,8d498d304a2a7e8d5662e6c4527e8da8cd1d60b1,steering people elsewhere
commonsguy,2015-05-07 20:53:17,https://api.github.com/repos/commonsguy/cwac-camera/git/commits/92a4d983fecfd18fd72d00d8116e2c3e72c4572f,92a4d983fecfd18fd72d00d8116e2c3e72c4572f,Manual fix suggested by pull request #278
commonsguy,2015-03-07 19:22:05,https://api.github.com/repos/commonsguy/cwac-camera/git/commits/4bf4488a88fa17835db849ebc580e4a0e4f1e6b7,4bf4488a88fa17835db849ebc580e4a0e4f1e6b7,Merge branch 'master' of github.com:commonsguy/cwac-camera
commonsguy,2015-03-07 19:21:52,https://api.github.com/repos/commonsguy/cwac-camera/git/commits/cde2ddb9d6d2057a0919e2b850c532af7c638e65,cde2ddb9d6d2057a0919e2b850c532af7c638e65,handles missing gradle.properties for easier public consumption
commonsguy,2015-03-02 14:06:59,https://api.github.com/repos/commonsguy/cwac-camera/git/commits/9bf1cc32349347f2d74f3508b50b0eca62269790,9bf1cc32349347f2d74f3508b50b0eca62269790,fixed doc bug: startRecording() -> record()
commonsguy,2015-02-12 20:38:11,https://api.github.com/repos/commonsguy/cwac-camera/git/commits/967bfb5dd84b144fdc0325c43edaf65be5b9164e,967bfb5dd84b144fdc0325c43edaf65be5b9164e,added wrapper properties
commonsguy,2015-02-12 20:37:57,https://api.github.com/repos/commonsguy/cwac-camera/git/commits/1dcef832efe72a4148b60a295f1cf906fb0bed23,1dcef832efe72a4148b60a295f1cf906fb0bed23,"reposition try/catch block, per issue #250"
commonsguy,2015-02-07 15:44:51,https://api.github.com/repos/commonsguy/cwac-camera/git/commits/def15c76b7fdf7fea2201be79dacdec1dbf7aeed,def15c76b7fdf7fea2201be79dacdec1dbf7aeed,resized image for single-shot activity
commonsguy,2014-12-24 16:00:35,https://api.github.com/repos/commonsguy/cwac-camera/git/commits/7de57a48235d2201a3cb7e80bc7d5974fa6f6e9b,7de57a48235d2201a3cb7e80bc7d5974fa6f6e9b,"fixed dependencies, to get POM built properly"
commonsguy,2014-12-22 15:43:14,https://api.github.com/repos/commonsguy/cwac-camera/git/commits/2bbe6c2b64a9a0f27e79f4a361067fb1e1fe7237,2bbe6c2b64a9a0f27e79f4a361067fb1e1fe7237,updated for Android Studio 1.0 and new AAR publishing system
commonsguy,2014-12-01 12:19:03,https://api.github.com/repos/commonsguy/cwac-camera/git/commits/a614f56e4ea52cc0344a65aff76787b2a73bae61,a614f56e4ea52cc0344a65aff76787b2a73bae61,Update README.markdown
commonsguy,2014-09-03 15:03:48,https://api.github.com/repos/commonsguy/cwac-camera/git/commits/5b9b1e7a86928c9ae50bb7102060b5dab2613a16,5b9b1e7a86928c9ae50bb7102060b5dab2613a16,Update README.markdown
commonsguy,2014-08-31 18:38:36,https://api.github.com/repos/commonsguy/cwac-camera/git/commits/e5eeac653d41130b4a3788ffafe52b0c4a6eb353,e5eeac653d41130b4a3788ffafe52b0c4a6eb353,updated for v0.6.10
commonsguy,2014-08-31 17:00:13,https://api.github.com/repos/commonsguy/cwac-camera/git/commits/b0ba84f470153312576c41c9132d015c47c219ae,b0ba84f470153312576c41c9132d015c47c219ae,switch to Application for OrientationEventListener
commonsguy,2014-08-31 16:54:02,https://api.github.com/repos/commonsguy/cwac-camera/git/commits/609e235051113a622a2d6caa2fe3acbe4ffef6d8,609e235051113a622a2d6caa2fe3acbe4ffef6d8,removed extraneous whitespace from pull request
commonsguy,2014-08-31 16:49:15,https://api.github.com/repos/commonsguy/cwac-camera/git/commits/0e0e7b70200420c9fbbf500431147322a9349025,0e0e7b70200420c9fbbf500431147322a9349025,"Merge pull request #204 from kirisetsz/master

monkey fix to #193 and #199"
commonsguy,2014-08-28 10:18:13,https://api.github.com/repos/commonsguy/cwac-camera/git/commits/0d17f89dcda7e917e9459c250b7600b684bcbb63,0d17f89dcda7e917e9459c250b7600b684bcbb63,Update README.markdown
kamikat,2014-08-23 08:08:05,https://api.github.com/repos/commonsguy/cwac-camera/git/commits/4e1daa1bbffdae961807c07371d4363850aa3ba9,4e1daa1bbffdae961807c07371d4363850aa3ba9,fixed issue #199
kamikat,2014-08-23 08:07:48,https://api.github.com/repos/commonsguy/cwac-camera/git/commits/d99b1c423e175e8d867f7bd88b9580349954e560,d99b1c423e175e8d867f7bd88b9580349954e560,fixed issue #193
commonsguy,2014-07-02 20:11:41,https://api.github.com/repos/commonsguy/cwac-camera/git/commits/282015789a180d135ff3101b2153a7964d0ea555,282015789a180d135ff3101b2153a7964d0ea555,updated for v0.6.9
commonsguy,2014-07-02 20:11:33,https://api.github.com/repos/commonsguy/cwac-camera/git/commits/9260434c069ab37a479f3c5a4d671e086bed77f4,9260434c069ab37a479f3c5a4d671e086bed77f4,updates to Gradle build files
commonsguy,2014-07-02 19:15:16,https://api.github.com/repos/commonsguy/cwac-camera/git/commits/b1abfd4ba587d3a6d15742c967a666e29c2a6776,b1abfd4ba587d3a6d15742c967a666e29c2a6776,added exception handler per issue #176
commonsguy,2014-07-02 19:14:00,https://api.github.com/repos/commonsguy/cwac-camera/git/commits/911cfe4b5549cf171b120c76bcc0a34207eac095,911cfe4b5549cf171b120c76bcc0a34207eac095,set proper package name for -v9 library
commonsguy,2014-06-15 16:15:47,https://api.github.com/repos/commonsguy/cwac-camera/git/commits/affdd1aacc2d62922d65914e365237dfc2ae0d48,affdd1aacc2d62922d65914e365237dfc2ae0d48,added per issue #156
commonsguy,2014-06-15 16:12:49,https://api.github.com/repos/commonsguy/cwac-camera/git/commits/a7735bb1a82bcbdafc6085064eb5956ca8e23c7f,a7735bb1a82bcbdafc6085064eb5956ca8e23c7f,added exception handler per issue #163
commonsguy,2014-05-10 15:10:02,https://api.github.com/repos/commonsguy/cwac-camera/git/commits/f38074e2e186ea0320e14651007a5d5566874321,f38074e2e186ea0320e14651007a5d5566874321,added Galaxy S5 to table
commonsguy,2014-05-10 15:07:52,https://api.github.com/repos/commonsguy/cwac-camera/git/commits/e94f5990a5b1557a496efe166ae7f176d9bcef18,e94f5990a5b1557a496efe166ae7f176d9bcef18,updated for v0.6.8 and commonsware-cwac SO tag
commonsguy,2014-05-10 15:06:34,https://api.github.com/repos/commonsguy/cwac-camera/git/commits/1e4c039627f8dc4c8a60ace2b1fbb8f657083500,1e4c039627f8dc4c8a60ace2b1fbb8f657083500,updated for v0.6.8 and the cwac- prefix
commonsguy,2014-05-10 15:04:16,https://api.github.com/repos/commonsguy/cwac-camera/git/commits/a95fc82126abb56fe28377238376e8b7db6f4b00,a95fc82126abb56fe28377238376e8b7db6f4b00,"added cwac- prefix to JAR, incremented version"
commonsguy,2014-05-10 13:10:11,https://api.github.com/repos/commonsguy/cwac-camera/git/commits/646e37f244a6f63cfdbc4a5352a4a213d7b28002,646e37f244a6f63cfdbc4a5352a4a213d7b28002,adds Mirror FFC option to demo app
commonsguy,2014-05-10 13:02:33,https://api.github.com/repos/commonsguy/cwac-camera/git/commits/0889919a08bb577a2b7e1d4ca5ce345b125a43a7,0889919a08bb577a2b7e1d4ca5ce345b125a43a7,workaround for issue #159
commonsguy,2014-05-10 12:22:55,https://api.github.com/repos/commonsguy/cwac-camera/git/commits/6941ab06952fcd548050c6f0bbeba4ffe9b968f2,6941ab06952fcd548050c6f0bbeba4ffe9b968f2,added per issue #160
commonsguy,2014-04-27 15:33:17,https://api.github.com/repos/commonsguy/cwac-camera/git/commits/9b0e04418328d92b35c7dcfceb62fb7d52fcb8c9,9b0e04418328d92b35c7dcfceb62fb7d52fcb8c9,updated for v0.6.7
commonsguy,2014-04-27 14:53:29,https://api.github.com/repos/commonsguy/cwac-camera/git/commits/b544e9c928de9fcec61b7c50d6eb566f3ef025e1,b544e9c928de9fcec61b7c50d6eb566f3ef025e1,added HTC m7 GPE
commonsguy,2014-04-27 14:33:28,https://api.github.com/repos/commonsguy/cwac-camera/git/commits/269d9289893f70fdf2cc62513055f78c6fd50eee,269d9289893f70fdf2cc62513055f78c6fd50eee,added profile per issue #121
commonsguy,2014-04-27 14:29:33,https://api.github.com/repos/commonsguy/cwac-camera/git/commits/6ecc177840ee639496e1a26dc75dfdc879355cea,6ecc177840ee639496e1a26dc75dfdc879355cea,updated for Z2 Tablet
commonsguy,2014-04-13 19:10:49,https://api.github.com/repos/commonsguy/cwac-camera/git/commits/3f7e3dc436fce753836f91b751378eec07b89d31,3f7e3dc436fce753836f91b751378eec07b89d31,updated for v0.6.6
commonsguy,2014-04-13 19:05:23,https://api.github.com/repos/commonsguy/cwac-camera/git/commits/29fbea0615ed0bccf021cabcc31b9c2b0d5d66ba,29fbea0615ed0bccf021cabcc31b9c2b0d5d66ba,added new full-screen activity in demo app
commonsguy,2014-04-13 15:35:49,https://api.github.com/repos/commonsguy/cwac-camera/git/commits/460b68bb5640457e6b929fab075d15f4897035d0,460b68bb5640457e6b929fab075d15f4897035d0,updated S3 device profiles per issue 121
commonsguy,2014-04-05 20:52:57,https://api.github.com/repos/commonsguy/cwac-camera/git/commits/eb50a0364506f0311070486b802c508a41591caf,eb50a0364506f0311070486b802c508a41591caf,updated for v0.6.5
commonsguy,2014-04-05 20:15:39,https://api.github.com/repos/commonsguy/cwac-camera/git/commits/07462b946533daf7ee636050e0a2a7dfe52150cb,07462b946533daf7ee636050e0a2a7dfe52150cb,HTC Thunderbolt fix
commonsguy,2014-04-05 18:46:22,https://api.github.com/repos/commonsguy/cwac-camera/git/commits/74351880ec3ee4150b24f26435fe786d9f3748e1,74351880ec3ee4150b24f26435fe786d9f3748e1,commented back out the manufacturer/product logging
commonsguy,2014-04-05 18:45:56,https://api.github.com/repos/commonsguy/cwac-camera/git/commits/b9feb7f231f026f126bf2102ab53a467642abca9,b9feb7f231f026f126bf2102ab53a467642abca9,fixed action bar/camera view timing in demo
commonsguy,2014-04-05 18:44:59,https://api.github.com/repos/commonsguy/cwac-camera/git/commits/8c468480fc3b68ed84303d896419427853686232,8c468480fc3b68ed84303d896419427853686232,removed unused commented-out code
commonsguy,2014-04-05 18:44:50,https://api.github.com/repos/commonsguy/cwac-camera/git/commits/920688e297ece0204bccef38281291965db6c952,920688e297ece0204bccef38281291965db6c952,added device profiles per issue 83
commonsguy,2014-04-05 18:44:09,https://api.github.com/repos/commonsguy/cwac-camera/git/commits/5c72089e9f88182b87f27f4d1a28d5f8018ce9e9,5c72089e9f88182b87f27f4d1a28d5f8018ce9e9,wrapped takePicture() in handler per issue 144
commonsguy,2014-04-05 18:42:42,https://api.github.com/repos/commonsguy/cwac-camera/git/commits/40120d94cded5f22433c7b476e622f5df7c43d1e,40120d94cded5f22433c7b476e622f5df7c43d1e,added device profile for RAZR per issue 144
commonsguy,2014-03-27 22:41:13,https://api.github.com/repos/commonsguy/cwac-camera/git/commits/f607903cace54f95ad3f19150c79a181f08b2295,f607903cace54f95ad3f19150c79a181f08b2295,updates for v0.6.4
commonsguy,2014-03-27 22:41:06,https://api.github.com/repos/commonsguy/cwac-camera/git/commits/eafaefee43f9cda0e29966963c3d8d7c1302c113,eafaefee43f9cda0e29966963c3d8d7c1302c113,"updates for new Gradle, Gradle for Android"
commonsguy,2014-03-27 22:40:51,https://api.github.com/repos/commonsguy/cwac-camera/git/commits/a41555b4c131bec117cd4d01011b17db3d001633,a41555b4c131bec117cd4d01011b17db3d001633,lockToLandscape fix per issue #138
commonsguy,2014-03-27 22:40:20,https://api.github.com/repos/commonsguy/cwac-camera/git/commits/325d53f737371a4bdf1773f7f1e5da76522b833d,325d53f737371a4bdf1773f7f1e5da76522b833d,recording hint override per issue #135
commonsguy,2014-03-27 17:42:42,https://api.github.com/repos/commonsguy/cwac-camera/git/commits/3ac2dc71eb196ad7e88c8ddec49a01de2841c39b,3ac2dc71eb196ad7e88c8ddec49a01de2841c39b,"Merge pull request #141 from ktal90/master

Max height for Samsung Galaxy Camera to avoid image clip"
commonsguy,2014-03-21 15:08:56,https://api.github.com/repos/commonsguy/cwac-camera/git/commits/dcb21d75050764b7e579112596b5d4d238e59228,dcb21d75050764b7e579112596b5d4d238e59228,Update README.markdown
commonsguy,2014-03-03 18:09:23,https://api.github.com/repos/commonsguy/cwac-camera/git/commits/be2b3257207efa8a97c64a837b7d4c493237a05a,be2b3257207efa8a97c64a837b7d4c493237a05a,updated for v0.6.3
commonsguy,2014-03-03 18:08:32,https://api.github.com/repos/commonsguy/cwac-camera/git/commits/bdead01d4819057d73da62c97c2b4d107221aee4,bdead01d4819057d73da62c97c2b4d107221aee4,updated for v0.6.3
commonsguy,2014-03-03 18:07:39,https://api.github.com/repos/commonsguy/cwac-camera/git/commits/bf83984e9812917a07d5e6300cdd737b5b8b68d3,bf83984e9812917a07d5e6300cdd737b5b8b68d3,synchronized CameraFragment implementations
commonsguy,2014-03-03 17:36:18,https://api.github.com/repos/commonsguy/cwac-camera/git/commits/aa720137ddba786265d2b7ae2495d0e8b6717ade,aa720137ddba786265d2b7ae2495d0e8b6717ade,disable picture-taking button while recording per issue #112
commonsguy,2014-03-03 17:19:32,https://api.github.com/repos/commonsguy/cwac-camera/git/commits/e78f52b888c2d0ed6aa2e96770fa169ebd7cbb05,e78f52b888c2d0ed6aa2e96770fa169ebd7cbb05,removed unnecessary display orientation change per issue #125
commonsguy,2014-03-03 17:09:20,https://api.github.com/repos/commonsguy/cwac-camera/git/commits/2847b6477606947dcc80c5c540d28431a5210845,2847b6477606947dcc80c5c540d28431a5210845,reset picture orientation per issue #126
commonsguy,2014-03-03 16:28:33,https://api.github.com/repos/commonsguy/cwac-camera/git/commits/819f21b1db4b1d52b6e9e64c25c582f8f7951db8,819f21b1db4b1d52b6e9e64c25c582f8f7951db8,stop recording in onPause() per issue #128
commonsguy,2014-03-03 16:17:57,https://api.github.com/repos/commonsguy/cwac-camera/git/commits/48d84893b5f106fea82b5e97eda7dee71dd634be,48d84893b5f106fea82b5e97eda7dee71dd634be,disable video recording in portrait mode per issue #130
commonsguy,2014-02-18 21:44:00,https://api.github.com/repos/commonsguy/cwac-camera/git/commits/915d0456970dea14a7ddee365d4fd2f531437edf,915d0456970dea14a7ddee365d4fd2f531437edf,updated for v0.6.2
commonsguy,2014-02-18 21:36:20,https://api.github.com/repos/commonsguy/cwac-camera/git/commits/7479a4cca26e6004742ae49a6e453a95d69dd06d,7479a4cca26e6004742ae49a6e453a95d69dd06d,synchronized -v9 with main CameraFragment
commonsguy,2014-02-17 22:06:50,https://api.github.com/repos/commonsguy/cwac-camera/git/commits/7fde1b3b8bb5591801b385230e30cdff18a6b292,7fde1b3b8bb5591801b385230e30cdff18a6b292,switched to non-wildcard for the moment...
commonsguy,2014-02-17 22:04:55,https://api.github.com/repos/commonsguy/cwac-camera/git/commits/f4725b3a9eb767a265659f897a58f8c22174079d,f4725b3a9eb767a265659f897a58f8c22174079d,updated for v0.6.1
commonsguy,2014-02-17 22:04:49,https://api.github.com/repos/commonsguy/cwac-camera/git/commits/24478d0cffcb0d5ccad2f0e508388d5b559d65ec,24478d0cffcb0d5ccad2f0e508388d5b559d65ec,bumped versions
commonsguy,2014-02-17 21:57:59,https://api.github.com/repos/commonsguy/cwac-camera/git/commits/8828150174ecee97935e9da8660cc089ac9402e6,8828150174ecee97935e9da8660cc089ac9402e6,"fixed issue #104, for flawed Motorola device handling"
commonsguy,2014-02-17 21:57:39,https://api.github.com/repos/commonsguy/cwac-camera/git/commits/9327e2171711278d9f8a2d7b0932cbad23482362,9327e2171711278d9f8a2d7b0932cbad23482362,added setKeepScreenOn to demo
commonsguy,2014-02-11 23:28:28,https://api.github.com/repos/commonsguy/cwac-camera/git/commits/006e3b38dde90352276a5aef7d4cac786f13aaf6,006e3b38dde90352276a5aef7d4cac786f13aaf6,updated for 0.6.0
commonsguy,2014-02-11 23:27:12,https://api.github.com/repos/commonsguy/cwac-camera/git/commits/ba43ea0c9baeab65ac67e5dd29679debefdaddb1,ba43ea0c9baeab65ac67e5dd29679debefdaddb1,updated Gradle build files
commonsguy,2014-02-11 23:27:04,https://api.github.com/repos/commonsguy/cwac-camera/git/commits/d76791f9341d362ebf25867518645474b4747d56,d76791f9341d362ebf25867518645474b4747d56,added new device profile XML
commonsguy,2014-02-11 23:26:52,https://api.github.com/repos/commonsguy/cwac-camera/git/commits/89cc842b019d2b0c6d90751b16ad712d3c1cc55b,89cc842b019d2b0c6d90751b16ad712d3c1cc55b,"added largeHeap back in, though now it is more optional"
commonsguy,2014-02-11 23:26:35,https://api.github.com/repos/commonsguy/cwac-camera/git/commits/79595b4b0a918552cc271ba642ec23f3937fe1a9,79595b4b0a918552cc271ba642ec23f3937fe1a9,switched to full-bleed preview by default
commonsguy,2014-02-11 23:26:07,https://api.github.com/repos/commonsguy/cwac-camera/git/commits/4c276e8a6008ebfdb3e68920f5493bf9bfd70595,4c276e8a6008ebfdb3e68920f5493bf9bfd70595,fixes for handling orientation
commonsguy,2014-02-11 23:25:51,https://api.github.com/repos/commonsguy/cwac-camera/git/commits/6ee09ae57db3b785410569fd5826c8ec51c71e29,6ee09ae57db3b785410569fd5826c8ec51c71e29,comment out WTF logs
commonsguy,2014-02-11 23:25:41,https://api.github.com/repos/commonsguy/cwac-camera/git/commits/64d105b20652ffe3d8a21cf74efdbfc0d94be893,64d105b20652ffe3d8a21cf74efdbfc0d94be893,"clean up call to setDisplayOrientation(), remove WTF logs"
commonsguy,2014-02-08 22:11:02,https://api.github.com/repos/commonsguy/cwac-camera/git/commits/9e61fd085e55830b52abdc26ad2ab156be1dbdc1,9e61fd085e55830b52abdc26ad2ab156be1dbdc1,resource-driven DeviceProfile per issue #51
commonsguy,2014-02-08 17:36:14,https://api.github.com/repos/commonsguy/cwac-camera/git/commits/3ee656ae7ac960bbcc72aad8aa7032338162c7c4,3ee656ae7ac960bbcc72aad8aa7032338162c7c4,added hook for issue #50
commonsguy,2014-02-08 17:16:33,https://api.github.com/repos/commonsguy/cwac-camera/git/commits/1499200dcbbcd2355c8d61c3f283456ac9111750,1499200dcbbcd2355c8d61c3f283456ac9111750,"ensure EXIF tags saved after apply matrix, per issue #80"
commonsguy,2014-02-08 17:01:47,https://api.github.com/repos/commonsguy/cwac-camera/git/commits/bd9ee29d72dafbcb3b742355bbe692a147c0cd24,bd9ee29d72dafbcb3b742355bbe692a147c0cd24,switched to Google's EXIF code from Mms project
commonsguy,2014-02-08 17:01:28,https://api.github.com/repos/commonsguy/cwac-camera/git/commits/223a0b2cb7a5b6e7b73e3bf71ed47d4d201886d4,223a0b2cb7a5b6e7b73e3bf71ed47d4d201886d4,rework code to attempt to deal with Galaxy Nexus issue
commonsguy,2014-02-04 18:45:52,https://api.github.com/repos/commonsguy/cwac-camera/git/commits/851c9d544228cd971d81a3d83afdfce87ba43366,851c9d544228cd971d81a3d83afdfce87ba43366,"added more flash options, per issue #99"
commonsguy,2014-02-03 23:47:59,https://api.github.com/repos/commonsguy/cwac-camera/git/commits/3b9c2081cf739d1cdb441acbc6cdea26738d8c50,3b9c2081cf739d1cdb441acbc6cdea26738d8c50,"overhaul ImageCleanupTask, to fix issue #97 and issue #102"
commonsguy,2014-02-02 15:44:31,https://api.github.com/repos/commonsguy/cwac-camera/git/commits/69245b01e1971174bf398c767c71e6f0f8a33e2b,69245b01e1971174bf398c767c71e6f0f8a33e2b,added PictureTransaction
commonsguy,2014-02-02 13:20:34,https://api.github.com/repos/commonsguy/cwac-camera/git/commits/b826cbe01d0141f40d48222b93f957d7d86b5200,b826cbe01d0141f40d48222b93f957d7d86b5200,moved builder-style setters into Builder inner class
commonsguy,2014-02-01 13:46:41,https://api.github.com/repos/commonsguy/cwac-camera/git/commits/c44e05cdccf39bcd3cba836dfa170bc3c017a530,c44e05cdccf39bcd3cba836dfa170bc3c017a530,added builder-style setter methods to SimpleCameraHost
commonsguy,2014-01-29 18:42:16,https://api.github.com/repos/commonsguy/cwac-camera/git/commits/a4430d9ead01b1b7f17bf1eef0123485f67c09c5,a4430d9ead01b1b7f17bf1eef0123485f67c09c5,addressed issue #73 for Nexus 7 (2012) portrait bug
commonsguy,2014-01-28 15:13:44,https://api.github.com/repos/commonsguy/cwac-camera/git/commits/9417b849d1efa4fc0c5ab4ac14357a0426bbb34a,9417b849d1efa4fc0c5ab4ac14357a0426bbb34a,added full-bleed preview support for issue #52
commonsguy,2014-01-27 17:13:02,https://api.github.com/repos/commonsguy/cwac-camera/git/commits/ed684814ad78ce05848465597da32f3a83283e76,ed684814ad78ce05848465597da32f3a83283e76,"handle resizing the CameraView better, per issue #101"
commonsguy,2014-01-27 16:06:29,https://api.github.com/repos/commonsguy/cwac-camera/git/commits/bf95973fe1158c0b1f23db4c4cb795394b90b925,bf95973fe1158c0b1f23db4c4cb795394b90b925,commented out extraneous Log statements
commonsguy,2014-01-27 15:28:46,https://api.github.com/repos/commonsguy/cwac-camera/git/commits/3d00fb9f31326383a1abc53595f0356712167346,3d00fb9f31326383a1abc53595f0356712167346,commented out extraneous Log statement
commonsguy,2014-01-25 16:20:01,https://api.github.com/repos/commonsguy/cwac-camera/git/commits/6c4938a88ad3552fcbbecf9edd34cc9f2b8d76b1,6c4938a88ad3552fcbbecf9edd34cc9f2b8d76b1,"block takePicture() while in auto-focus, per issue #82"
commonsguy,2014-01-25 16:19:31,https://api.github.com/repos/commonsguy/cwac-camera/git/commits/c54eb08af6ab41005e396dbcb0b67487e0d8daba,c54eb08af6ab41005e396dbcb0b67487e0d8daba,updated to latest Gradle for Android plugin
commonsguy,2014-01-13 20:42:49,https://api.github.com/repos/commonsguy/cwac-camera/git/commits/4757d2ef046989388d868af7794e6ecbb9314204,4757d2ef046989388d868af7794e6ecbb9314204,"refactored into two libraries, added Gradle support and AAR artifacts"
commonsguy,2014-01-04 15:46:21,https://api.github.com/repos/commonsguy/cwac-camera/git/commits/d2e13222b8203ca726df90c57a200ad7b743a993,d2e13222b8203ca726df90c57a200ad7b743a993,updated for 0.5.2
commonsguy,2014-01-03 14:21:47,https://api.github.com/repos/commonsguy/cwac-camera/git/commits/e0d27639970b3ea0bc75dff7ea5c500ef83039cc,e0d27639970b3ea0bc75dff7ea5c500ef83039cc,"fixed issue #89, tracking lock-to-landscape in instance state"
commonsguy,2014-01-02 17:22:04,https://api.github.com/repos/commonsguy/cwac-camera/git/commits/982b260bc01d47944701b12bcfc734ee807f99d9,982b260bc01d47944701b12bcfc734ee807f99d9,"fixed issue #78 by adding DeviceProfile support for zoom, doesZoomReallyWork()"
commonsguy,2014-01-02 15:42:12,https://api.github.com/repos/commonsguy/cwac-camera/git/commits/657a25743345bb7c3c2793b335d2e175a8a90fa5,657a25743345bb7c3c2793b335d2e175a8a90fa5,fixed issue #90 (face detection on RAZR i)
commonsguy,2014-01-01 18:52:00,https://api.github.com/repos/commonsguy/cwac-camera/git/commits/c6916d0f57f85acbc12bd8fb8b476782eb065f14,c6916d0f57f85acbc12bd8fb8b476782eb065f14,Merge branch 'master' of github.com:commonsguy/cwac-camera
commonsguy,2014-01-01 18:51:50,https://api.github.com/repos/commonsguy/cwac-camera/git/commits/e6c35f7928a1161ced90df1a60597a243ceb9b57,e6c35f7928a1161ced90df1a60597a243ceb9b57,only show face Toast if face detected and >10s since last toast
commonsguy,2013-12-31 16:54:28,https://api.github.com/repos/commonsguy/cwac-camera/git/commits/645e215e941836521cb4fc0f975dfc32f42b255f,645e215e941836521cb4fc0f975dfc32f42b255f,Update README.markdown
commonsguy,2013-12-07 19:10:18,https://api.github.com/repos/commonsguy/cwac-camera/git/commits/6a7f0b50755c019edbede12ff031445c4cd1d03e,6a7f0b50755c019edbede12ff031445c4cd1d03e,updated for v0.5.1
commonsguy,2013-12-07 19:09:29,https://api.github.com/repos/commonsguy/cwac-camera/git/commits/deeefee763aa87c53966524c7d0dc447d69d1ecf,deeefee763aa87c53966524c7d0dc447d69d1ecf,added face detection support per issue #79
commonsguy,2013-11-29 20:01:48,https://api.github.com/repos/commonsguy/cwac-camera/git/commits/65106c2fda9ace5ad29a7d451c274cfbf3ffb6f4,65106c2fda9ace5ad29a7d451c274cfbf3ffb6f4,added SONY Z Ultra
commonsguy,2013-11-29 19:47:32,https://api.github.com/repos/commonsguy/cwac-camera/git/commits/68aa841ecb903040bc0996cb174516902f977395,68aa841ecb903040bc0996cb174516902f977395,reorganized code to put library in library/
commonsguy,2013-11-29 16:27:43,https://api.github.com/repos/commonsguy/cwac-camera/git/commits/13e1cb3323e9378d0e6ab728750202417fc96dd2,13e1cb3323e9378d0e6ab728750202417fc96dd2,"Merge branch 'master' of github.com:commonsguy/cwac-camera

Conflicts:
	README.markdown"
commonsguy,2013-11-29 16:25:10,https://api.github.com/repos/commonsguy/cwac-camera/git/commits/942e413f2f18c5bc9b33d488453c2ee722a74958,942e413f2f18c5bc9b33d488453c2ee722a74958,updated for v0.5.0
commonsguy,2013-11-29 16:24:57,https://api.github.com/repos/commonsguy/cwac-camera/git/commits/32e2f00bf2d6b7a43a194e8c4aeee9de2f921b28,32e2f00bf2d6b7a43a194e8c4aeee9de2f921b28,added JavaDocs
commonsguy,2013-11-29 16:24:48,https://api.github.com/repos/commonsguy/cwac-camera/git/commits/dcdb488288bbb91d2c48ca2001887e1ac23a38c9,dcdb488288bbb91d2c48ca2001887e1ac23a38c9,code comments
commonsguy,2013-11-29 16:24:38,https://api.github.com/repos/commonsguy/cwac-camera/git/commits/3f74fd0ebe3ac4b3e9b85a0ed80a35b44cec7e14,3f74fd0ebe3ac4b3e9b85a0ed80a35b44cec7e14,bug fix
commonsguy,2013-11-24 19:55:02,https://api.github.com/repos/commonsguy/cwac-camera/git/commits/e443b72e85855dcc5c8fcbdde3ec76aaa5b8a76d,e443b72e85855dcc5c8fcbdde3ec76aaa5b8a76d,code comments
commonsguy,2013-11-24 19:54:51,https://api.github.com/repos/commonsguy/cwac-camera/git/commits/e05cae2b23615fd81108a1f11c5e246c50b767f8,e05cae2b23615fd81108a1f11c5e246c50b767f8,fix to handle devices that do not support zoom
commonsguy,2013-11-24 16:52:59,https://api.github.com/repos/commonsguy/cwac-camera/git/commits/15a8fe4122e754081627874c4cc65d7fd95f5bd2,15a8fe4122e754081627874c4cc65d7fd95f5bd2,capped SGH-i337 image height to get rid of bars
commonsguy,2013-11-24 15:40:08,https://api.github.com/repos/commonsguy/cwac-camera/git/commits/9209c71b61a3745cdbf7f2df43acf962861a87db,9209c71b61a3745cdbf7f2df43acf962861a87db,added zoom support per issue #59
commonsguy,2013-11-24 15:32:30,https://api.github.com/repos/commonsguy/cwac-camera/git/commits/9751d6a73856b46ce3ae414a82db24b1b9131d62,9751d6a73856b46ce3ae414a82db24b1b9131d62,removed unnecessary layout resource
commonsguy,2013-11-24 13:41:01,https://api.github.com/repos/commonsguy/cwac-camera/git/commits/8233eeef3473ba5337dd97f27f318d4d139e5fc1,8233eeef3473ba5337dd97f27f318d4d139e5fc1,improved getBestAspectPreviewSize() per issue #57
commonsguy,2013-11-23 21:41:51,https://api.github.com/repos/commonsguy/cwac-camera/git/commits/4bafd15118eae4a36dcbded48c42241a523b2cf8,4bafd15118eae4a36dcbded48c42241a523b2cf8,"added better handling of no-camera cases, per issue #28"
commonsguy,2013-11-23 20:02:40,https://api.github.com/repos/commonsguy/cwac-camera/git/commits/26cd5b166d059bc0f598287df000d2317d3d6591,26cd5b166d059bc0f598287df000d2317d3d6591,minor reorganization of methods
commonsguy,2013-11-23 18:58:07,https://api.github.com/repos/commonsguy/cwac-camera/git/commits/b5e354997cafff501a8bcf68d106a7b90ae4b54e,b5e354997cafff501a8bcf68d106a7b90ae4b54e,"support for using CameraView in a layout per issue #26, with new sample"
commonsguy,2013-11-23 18:57:39,https://api.github.com/repos/commonsguy/cwac-camera/git/commits/6e3193477c595965b641c45da091d47ff293a5ce,6e3193477c595965b641c45da091d47ff293a5ce,minor formatting
commonsguy,2013-11-23 17:15:38,https://api.github.com/repos/commonsguy/cwac-camera/git/commits/b1cee2aa176eb8d0f41c229f14a6bbb6887f338a,b1cee2aa176eb8d0f41c229f14a6bbb6887f338a,changed mayUseForVideo() to getRecordingHint()
commonsguy,2013-11-19 19:14:12,https://api.github.com/repos/commonsguy/cwac-camera/git/commits/c0504358265cece31fa9dc266a9beefbcfd173e2,c0504358265cece31fa9dc266a9beefbcfd173e2,fixed wrong model name
commonsguy,2013-11-19 19:10:53,https://api.github.com/repos/commonsguy/cwac-camera/git/commits/75ff8b26757adad24da122ae336618e78b891ec1,75ff8b26757adad24da122ae336618e78b891ec1,updated for v0.4.3
commonsguy,2013-11-19 19:08:58,https://api.github.com/repos/commonsguy/cwac-camera/git/commits/55610e78ee8192ddfcce2be8e8e946886701d3bf,55610e78ee8192ddfcce2be8e8e946886701d3bf,Merge branch 'master' of github.com:commonsguy/cwac-camera
commonsguy,2013-11-19 19:08:47,https://api.github.com/repos/commonsguy/cwac-camera/git/commits/794acda57730f8c88c980a5f9d8e445895c469f3,794acda57730f8c88c980a5f9d8e445895c469f3,added preview override to reject too-low values
commonsguy,2013-11-05 19:10:32,https://api.github.com/repos/commonsguy/cwac-camera/git/commits/47fa080d137a150edd5c372a71f95accfdd16013,47fa080d137a150edd5c372a71f95accfdd16013,Update README.markdown
commonsguy,2013-11-01 20:39:35,https://api.github.com/repos/commonsguy/cwac-camera/git/commits/5290463effde43521e83b68c3da36b823efcd303,5290463effde43521e83b68c3da36b823efcd303,updated for 0.4.2
commonsguy,2013-11-01 20:38:19,https://api.github.com/repos/commonsguy/cwac-camera/git/commits/4c890fd98bbedf7b450df3ea46e0e39b1b82602b,4c890fd98bbedf7b450df3ea46e0e39b1b82602b,removed rogue logging
commonsguy,2013-11-01 19:02:51,https://api.github.com/repos/commonsguy/cwac-camera/git/commits/db68072ba887f90a5b4333ab40d34e9e46038669,db68072ba887f90a5b4333ab40d34e9e46038669,improved handling for Droid Incredible 2
commonsguy,2013-10-19 13:36:02,https://api.github.com/repos/commonsguy/cwac-camera/git/commits/402ecf5cbcdbe0048f0e5a2927b9c60f6df1fa23,402ecf5cbcdbe0048f0e5a2927b9c60f6df1fa23,"resolved issue #63, disabling picture-taking while single-shot is processing"
commonsguy,2013-10-19 13:25:19,https://api.github.com/repos/commonsguy/cwac-camera/git/commits/554d19dd8f9b13d39e3ee0f33d08f13643697a67,554d19dd8f9b13d39e3ee0f33d08f13643697a67,"resolving issue #44, adding CAMERA button support to demo"
commonsguy,2013-10-19 12:07:20,https://api.github.com/repos/commonsguy/cwac-camera/git/commits/1327a590f587ffa209700c255e74e3a2f092e4ce,1327a590f587ffa209700c255e74e3a2f092e4ce,"address issue #24, retaining single-shot mode across config and camera changes"
commonsguy,2013-10-12 22:35:13,https://api.github.com/repos/commonsguy/cwac-camera/git/commits/b47b953622476897934151fcdf00f5e2d403fb57,b47b953622476897934151fcdf00f5e2d403fb57,updated for 0.4.1
commonsguy,2013-10-12 22:33:17,https://api.github.com/repos/commonsguy/cwac-camera/git/commits/f23703382494f669fa063c560565c26e3b2c72d9,f23703382494f669fa063c560565c26e3b2c72d9,"partial reversion from issue #62, removing setter"
commonsguy,2013-10-12 21:29:47,https://api.github.com/repos/commonsguy/cwac-camera/git/commits/708a1fb6cd8bb966549da46f427fb64b1a789451,708a1fb6cd8bb966549da46f427fb64b1a789451,added DeviceProfile min picture size filter per issue #61
commonsguy,2013-10-12 21:07:49,https://api.github.com/repos/commonsguy/cwac-camera/git/commits/9cce38c4117151b57afdeb47d5a8a568bc2f57aa,9cce38c4117151b57afdeb47d5a8a568bc2f57aa,"added flash mode, as suggested in issue #62"
commonsguy,2013-09-29 13:45:30,https://api.github.com/repos/commonsguy/cwac-camera/git/commits/25011ed044c9281baef4738ea3056b3ce0bf998b,25011ed044c9281baef4738ea3056b3ce0bf998b,updated for v0.4.0
commonsguy,2013-09-29 13:24:38,https://api.github.com/repos/commonsguy/cwac-camera/git/commits/8564a2b67a89231dd66e66095d1a9e2903237aff,8564a2b67a89231dd66e66095d1a9e2903237aff,added hooks for DeviceProfile contributing to preview sizes for video
commonsguy,2013-09-29 13:20:54,https://api.github.com/repos/commonsguy/cwac-camera/git/commits/a96cc249a154aa679952bd665fe3dcc6b30b7080,a96cc249a154aa679952bd665fe3dcc6b30b7080,backed out new flavor of getBestAspectPreviewSize()
commonsguy,2013-09-29 13:17:35,https://api.github.com/repos/commonsguy/cwac-camera/git/commits/f9f042b47ef66eb0fcd203d54df742daffa3b8e7,f9f042b47ef66eb0fcd203d54df742daffa3b8e7,fixed bug and added new version of getBestAspectPreviewSize()
commonsguy,2013-09-29 11:57:09,https://api.github.com/repos/commonsguy/cwac-camera/git/commits/ded718621f7743a6104eb89645eec37a98224139,ded718621f7743a6104eb89645eec37a98224139,added HtcOneDeviceProfile for issue #54
commonsguy,2013-09-15 17:46:36,https://api.github.com/repos/commonsguy/cwac-camera/git/commits/57ad89135287223370422e41d180c054e387b0e5,57ad89135287223370422e41d180c054e387b0e5,updated for v0.3.0
commonsguy,2013-09-15 17:02:17,https://api.github.com/repos/commonsguy/cwac-camera/git/commits/39c9588723f73ded5e3e6e8709a0a25ee604a24e,39c9588723f73ded5e3e6e8709a0a25ee604a24e,hooks to address issue #25
commonsguy,2013-09-15 16:48:53,https://api.github.com/repos/commonsguy/cwac-camera/git/commits/9be3328456a4a5c8975137c186e6fe8825dc22ad,9be3328456a4a5c8975137c186e6fe8825dc22ad,added support for more autofocus events per issue #49
commonsguy,2013-09-15 16:21:08,https://api.github.com/repos/commonsguy/cwac-camera/git/commits/17c4910e0bfc871b748608a25f20f7dc4fa9947f,17c4910e0bfc871b748608a25f20f7dc4fa9947f,Merge branch 'master' of github.com:commonsguy/cwac-camera
commonsguy,2013-09-15 16:20:58,https://api.github.com/repos/commonsguy/cwac-camera/git/commits/9aa44bd1e4ab7deb5beddee2a431876d724301a1,9aa44bd1e4ab7deb5beddee2a431876d724301a1,added hook to fix Samsung Galaxy Camera corruption (issue #47)
commonsguy,2013-09-07 23:11:06,https://api.github.com/repos/commonsguy/cwac-camera/git/commits/37ef40845f03c9f44e93267bb46b6bb2024e97c3,37ef40845f03c9f44e93267bb46b6bb2024e97c3,updated for v0.2.1
commonsguy,2013-09-07 23:08:12,https://api.github.com/repos/commonsguy/cwac-camera/git/commits/57e22890f3a05466191fccd94b74894ca57afee8,57e22890f3a05466191fccd94b74894ca57afee8,Merge branch 'master' of github.com:commonsguy/cwac-camera
commonsguy,2013-09-07 23:08:01,https://api.github.com/repos/commonsguy/cwac-camera/git/commits/8e120730a84e943005a3ada5b0a1ac621a7a1f93,8e120730a84e943005a3ada5b0a1ac621a7a1f93,stopping the preview before unlocking reportedly helps with video corruption...
commonsguy,2013-09-07 23:07:47,https://api.github.com/repos/commonsguy/cwac-camera/git/commits/34cf6c8a65d3f582c22cbb9608b9d3c1c7a5d926,34cf6c8a65d3f582c22cbb9608b9d3c1c7a5d926,minor formatting
commonsguy,2013-09-07 19:39:53,https://api.github.com/repos/commonsguy/cwac-camera/git/commits/73d530fb4bc0c9fcc90b3fa25993ab3c48496145,73d530fb4bc0c9fcc90b3fa25993ab3c48496145,Update README.markdown
commonsguy,2013-09-05 19:06:37,https://api.github.com/repos/commonsguy/cwac-camera/git/commits/40a55d267d02226d80798e4b75ec540dd2745eb9,40a55d267d02226d80798e4b75ec540dd2745eb9,Update README.markdown
commonsguy,2013-09-04 14:11:15,https://api.github.com/repos/commonsguy/cwac-camera/git/commits/85ef918bc0c089c85ef78995679ffea016f52bb7,85ef918bc0c089c85ef78995679ffea016f52bb7,issue #43 fix -- block CM from using TextureView
commonsguy,2013-08-31 23:22:03,https://api.github.com/repos/commonsguy/cwac-camera/git/commits/ffecc7739b14ac4dbc4f7a74eca5295ef7cb5afe,ffecc7739b14ac4dbc4f7a74eca5295ef7cb5afe,more reliable DisplayActivity decode
commonsguy,2013-08-31 20:34:16,https://api.github.com/repos/commonsguy/cwac-camera/git/commits/7e57d136840bca3ce2424700255951c30f971468,7e57d136840bca3ce2424700255951c30f971468,Merge branch 'master' of github.com:commonsguy/cwac-camera
commonsguy,2013-08-31 20:34:05,https://api.github.com/repos/commonsguy/cwac-camera/git/commits/d16850ceeeb0b8c8e79719d423a7de24d3603c7c,d16850ceeeb0b8c8e79719d423a7de24d3603c7c,added tentative profile for SONY Xperia E
commonsguy,2013-08-24 20:35:26,https://api.github.com/repos/commonsguy/cwac-camera/git/commits/e1e6edd0e82c2fda9b91fe2d6ef3324619314a7f,e1e6edd0e82c2fda9b91fe2d6ef3324619314a7f,added SONY Ericsson Xperia Play
commonsguy,2013-08-24 20:10:40,https://api.github.com/repos/commonsguy/cwac-camera/git/commits/19f61e3c8fcc049da9800d6e7c5e81b876873a05,19f61e3c8fcc049da9800d6e7c5e81b876873a05,addressing issue #39
commonsguy,2013-08-18 23:02:08,https://api.github.com/repos/commonsguy/cwac-camera/git/commits/a4fba6b5bd8a6f5034acdded45c52ae5b7eb98a5,a4fba6b5bd8a6f5034acdded45c52ae5b7eb98a5,added Acer Iconia Tab A700
commonsguy,2013-08-18 22:42:28,https://api.github.com/repos/commonsguy/cwac-camera/git/commits/1b17e90484ad3d6eb13783ab7184fa557d1fa745,1b17e90484ad3d6eb13783ab7184fa557d1fa745,added Lenovo ThinkPad Tablet
commonsguy,2013-08-18 22:09:07,https://api.github.com/repos/commonsguy/cwac-camera/git/commits/4cbc289ad2c1901c9e0a8cf3e67281bee74d0553,4cbc289ad2c1901c9e0a8cf3e67281bee74d0553,added ASUS Transformer Infinity to tested-device list
commonsguy,2013-08-18 16:36:16,https://api.github.com/repos/commonsguy/cwac-camera/git/commits/95118bad8fcd1ae837786d9aa8dbac4261c1264b,95118bad8fcd1ae837786d9aa8dbac4261c1264b,updated for v0.2.0
commonsguy,2013-08-18 16:34:08,https://api.github.com/repos/commonsguy/cwac-camera/git/commits/798242702dd15f588444fd66b24c41c804439c07,798242702dd15f588444fd66b24c41c804439c07,added support for single-shot mode per issue #23
commonsguy,2013-08-18 14:44:21,https://api.github.com/repos/commonsguy/cwac-camera/git/commits/836f447d364aebefea08b762ddcb12e0553a6411,836f447d364aebefea08b762ddcb12e0553a6411,"added null-picture protection, removed extraneous logging"
commonsguy,2013-08-18 12:56:20,https://api.github.com/repos/commonsguy/cwac-camera/git/commits/7102141eb35fff0ebb94a0bce33056f7c2e82372,7102141eb35fff0ebb94a0bce33056f7c2e82372,added auto-focus support per issue #27
commonsguy,2013-08-18 12:16:33,https://api.github.com/repos/commonsguy/cwac-camera/git/commits/aa893a4f0556bcb72e1e69ef88fb7dbf2657122c,aa893a4f0556bcb72e1e69ef88fb7dbf2657122c,removed extraneous Android Support JARs from demo projects
commonsguy,2013-08-16 20:19:09,https://api.github.com/repos/commonsguy/cwac-camera/git/commits/2ae5d1c6f2ac7a4d93b709554a542c3a2be1a225,2ae5d1c6f2ac7a4d93b709554a542c3a2be1a225,support Droid Incredible 2-style vertical-flip of portrait FFC
commonsguy,2013-08-16 20:18:47,https://api.github.com/repos/commonsguy/cwac-camera/git/commits/81c227f129fb9bb0b231d3108b2f5c0ee8c28730,81c227f129fb9bb0b231d3108b2f5c0ee8c28730,updates to Android Support v4 JAR
commonsguy,2013-08-09 12:25:51,https://api.github.com/repos/commonsguy/cwac-camera/git/commits/ce3ca20e10b63c42327dc6db83f770369e4b3ed0,ce3ca20e10b63c42327dc6db83f770369e4b3ed0,"Merge pull request #30 from wchill/master

Made DeviceProfile constructor public"
wchill,2013-08-09 07:56:14,https://api.github.com/repos/commonsguy/cwac-camera/git/commits/1eafdab566cb63115f4a802c8a7d716e4eceb6cc,1eafdab566cb63115f4a802c8a7d716e4eceb6cc,"Made DeviceProfile constructor public

Made DeviceProfile constructor public to enable subclassing without reflection or other ugly hacks"
commonsguy,2013-08-04 17:56:55,https://api.github.com/repos/commonsguy/cwac-camera/git/commits/61eab754714ad85643888518f798602b9aff2de7,61eab754714ad85643888518f798602b9aff2de7,Update README.markdown
commonsguy,2013-07-26 20:42:11,https://api.github.com/repos/commonsguy/cwac-camera/git/commits/68e9a1d6773057114e928e0784eb7e91704821ab,68e9a1d6773057114e928e0784eb7e91704821ab,Update README.markdown
commonsguy,2013-07-23 22:06:08,https://api.github.com/repos/commonsguy/cwac-camera/git/commits/34eeec2c54cb877921113f940abc133e58955f96,34eeec2c54cb877921113f940abc133e58955f96,updated for v0.1.1
commonsguy,2013-07-23 22:03:55,https://api.github.com/repos/commonsguy/cwac-camera/git/commits/e047c4a049f42f4476ca16eef3b74e6f9817f7c2,e047c4a049f42f4476ca16eef3b74e6f9817f7c2,test the CamcorderProfile before trying it
commonsguy,2013-07-23 22:03:41,https://api.github.com/repos/commonsguy/cwac-camera/git/commits/2ac879e4dd96003ddb5868856e693bf2b192d3dc,2ac879e4dd96003ddb5868856e693bf2b192d3dc,removed extraneous log statement
commonsguy,2013-07-23 22:03:29,https://api.github.com/repos/commonsguy/cwac-camera/git/commits/a4b785c002ae18ccd59fe3f65c92e47a445c3e52,a4b785c002ae18ccd59fe3f65c92e47a445c3e52,added support for limiting picture heights by device
commonsguy,2013-07-19 17:22:06,https://api.github.com/repos/commonsguy/cwac-camera/git/commits/b1beaebdaeb4153fcc14d531708ae2535e04bfa0,b1beaebdaeb4153fcc14d531708ae2535e04bfa0,updated for v0.1.0
commonsguy,2013-07-19 17:22:00,https://api.github.com/repos/commonsguy/cwac-camera/git/commits/db74f9fe840a606ef43a82500f95f8636b23b0c5,db74f9fe840a606ef43a82500f95f8636b23b0c5,added support for for indexing images to MediaStore
commonsguy,2013-07-19 17:21:33,https://api.github.com/repos/commonsguy/cwac-camera/git/commits/f58d821328f24184325f4fe46def11323ff63656,f58d821328f24184325f4fe46def11323ff63656,do not stop/start preview if not already going in setCameraDisplayOrientation
commonsguy,2013-07-19 12:45:19,https://api.github.com/repos/commonsguy/cwac-camera/git/commits/272cae3c99b42f69f0ff7840514c0d39f0368d17,272cae3c99b42f69f0ff7840514c0d39f0368d17,Merge branch 'master' of github.com:commonsguy/cwac-camera
commonsguy,2013-07-19 12:45:10,https://api.github.com/repos/commonsguy/cwac-camera/git/commits/08667560bfe7e46ffbff101f69cc395a577c1a1c,08667560bfe7e46ffbff101f69cc395a577c1a1c,improved JAR-building task
commonsguy,2013-07-13 20:16:44,https://api.github.com/repos/commonsguy/cwac-camera/git/commits/67e1758c0e4381ca1d2ad89877274c4506d27376,67e1758c0e4381ca1d2ad89877274c4506d27376,Update README.markdown
commonsguy,2013-07-13 20:15:25,https://api.github.com/repos/commonsguy/cwac-camera/git/commits/342d49f42fd0d5fa552209fa4fd329bb276210e2,342d49f42fd0d5fa552209fa4fd329bb276210e2,updated for v0.0.4
commonsguy,2013-07-13 18:29:32,https://api.github.com/repos/commonsguy/cwac-camera/git/commits/e6674f2d9614bf4fa29f89c7912810749fbfe5be,e6674f2d9614bf4fa29f89c7912810749fbfe5be,Merge branch 'master' of github.com:commonsguy/cwac-camera
commonsguy,2013-07-13 18:26:51,https://api.github.com/repos/commonsguy/cwac-camera/git/commits/f85080a2044702e951fa62abb21a92c4b54b6a1c,f85080a2044702e951fa62abb21a92c4b54b6a1c,Update README.markdown
commonsguy,2013-07-12 21:13:18,https://api.github.com/repos/commonsguy/cwac-camera/git/commits/6843b9aff99971102205ff458feee0c380320613,6843b9aff99971102205ff458feee0c380320613,fix for issue #16
commonsguy,2013-07-12 20:29:20,https://api.github.com/repos/commonsguy/cwac-camera/git/commits/42c22d92d8a7b93e0ab20e6c586f94606848908b,42c22d92d8a7b93e0ab20e6c586f94606848908b,added support for saveImage(Bitmap)
commonsguy,2013-07-06 16:51:46,https://api.github.com/repos/commonsguy/cwac-camera/git/commits/3571c75150e5d000106eb9c90b146d82eaa1ec18,3571c75150e5d000106eb9c90b146d82eaa1ec18,Update README.markdown
commonsguy,2013-07-06 16:50:36,https://api.github.com/repos/commonsguy/cwac-camera/git/commits/78211df18ad8856f88ee4e1d28e77fe03ae8eb09,78211df18ad8856f88ee4e1d28e77fe03ae8eb09,Update README.markdown
commonsguy,2013-07-06 16:47:08,https://api.github.com/repos/commonsguy/cwac-camera/git/commits/222d6825361b0ae8aa2e805a03e12f23f844c7e1,222d6825361b0ae8aa2e805a03e12f23f844c7e1,updated for v0.0.3
commonsguy,2013-07-06 16:41:11,https://api.github.com/repos/commonsguy/cwac-camera/git/commits/cee34069708aa22448962cbb0d6dc6a208b28721,cee34069708aa22448962cbb0d6dc6a208b28721,Merge branch 'master' of github.com:commonsguy/cwac-camera
commonsguy,2013-07-06 16:41:00,https://api.github.com/repos/commonsguy/cwac-camera/git/commits/530f55a50272103f7f51e672e4e1eb346280de33,530f55a50272103f7f51e672e4e1eb346280de33,"added support for getShutterCallback(), improved locked-orientation handling"
commonsguy,2013-07-06 16:40:36,https://api.github.com/repos/commonsguy/cwac-camera/git/commits/ebfa567ca740e5e90fe2b0a31e10cda4426d17d3,ebfa567ca740e5e90fe2b0a31e10cda4426d17d3,added support for getShutterCallback()
commonsguy,2013-07-06 16:08:44,https://api.github.com/repos/commonsguy/cwac-camera/git/commits/7f0c452f8278e6323a8f5391456023071a31c772,7f0c452f8278e6323a8f5391456023071a31c772,Update README.markdown
commonsguy,2013-07-02 23:34:17,https://api.github.com/repos/commonsguy/cwac-camera/git/commits/a7c8b6a0e87d08f76be38daa004f8fc119e011e2,a7c8b6a0e87d08f76be38daa004f8fc119e011e2,Update README.markdown
commonsguy,2013-07-02 21:22:35,https://api.github.com/repos/commonsguy/cwac-camera/git/commits/b2653655915a9c7e5a73c63ee7371e2084ba264f,b2653655915a9c7e5a73c63ee7371e2084ba264f,added more on overriding saveImage()
commonsguy,2013-07-02 20:09:57,https://api.github.com/repos/commonsguy/cwac-camera/git/commits/dd60e981c1a82f58ebff01cf3b55b4021e4cb669,dd60e981c1a82f58ebff01cf3b55b4021e4cb669,Update README.markdown
commonsguy,2013-07-02 11:40:37,https://api.github.com/repos/commonsguy/cwac-camera/git/commits/88f536fa4f1033ee6515b7d8d8edd52cda3eda1c,88f536fa4f1033ee6515b7d8d8edd52cda3eda1c,updated for v0.0.2
commonsguy,2013-07-02 11:39:58,https://api.github.com/repos/commonsguy/cwac-camera/git/commits/29c14aef0df8d15c628ee4b5ca235a0a0b1e1942,29c14aef0df8d15c628ee4b5ca235a0a0b1e1942,added debug logging in search of Nexus S camera-switch fix
commonsguy,2013-06-30 18:55:27,https://api.github.com/repos/commonsguy/cwac-camera/git/commits/54b2ac3d9f95ed9e4d4528a5f1be67d8c3fe65ca,54b2ac3d9f95ed9e4d4528a5f1be67d8c3fe65ca,switched to default profile for Nexus S
commonsguy,2013-06-30 18:01:16,https://api.github.com/repos/commonsguy/cwac-camera/git/commits/0a7ebeea2d56017172c0118e45a822359b06fa26,0a7ebeea2d56017172c0118e45a822359b06fa26,"added support for android:screenOrientation=""portrait"""
commonsguy,2013-06-30 18:01:00,https://api.github.com/repos/commonsguy/cwac-camera/git/commits/031e626a6c1171efccd1fb878d74791ef3523ec2,031e626a6c1171efccd1fb878d74791ef3523ec2,minor reformatting
commonsguy,2013-06-30 17:54:04,https://api.github.com/repos/commonsguy/cwac-camera/git/commits/9af3936f58b50ce74cafc51a050da87c31f48dc2,9af3936f58b50ce74cafc51a050da87c31f48dc2,"updates to improve instructions for and demonstration of timing for
setHost() call"
commonsguy,2013-06-27 23:41:41,https://api.github.com/repos/commonsguy/cwac-camera/git/commits/ca731c44e6802583989adad3d5cd52d40b6a6cff,ca731c44e6802583989adad3d5cd52d40b6a6cff,Update README.markdown
commonsguy,2013-06-25 22:45:21,https://api.github.com/repos/commonsguy/cwac-camera/git/commits/dd85fb4066845ef31ca9fe86dd1fbd734026193c,dd85fb4066845ef31ca9fe86dd1fbd734026193c,initial import
