animate.css,üçø A cross-browser library of CSS animations. As easy to use as an easy thing.
username,timestamp,url,sha,message
gyoshev,2019-07-03 14:24:33,https://api.github.com/repos/daneden/animate.css/git/commits/d8f2204d3abe64779057e4929a5343c12b589bf8,d8f2204d3abe64779057e4929a5343c12b589bf8,"Remove `sudo npm` from instructions (#952)

Running `npm` as root has a lot of disadvantages (ref: https://medium.com/@ExplosionPills/dont-use-sudo-with-npm-still-66e609f5f92). Modern versions of npm allow running tools from `node_modules/.bin` by calling `npx`."
eltonmesquita,2019-06-30 00:05:29,https://api.github.com/repos/daneden/animate.css/git/commits/59c59faa6177efa21e7883842ce88b22ec2157b4,59c59faa6177efa21e7883842ce88b22ec2157b4,Updated formatting on README
eltonmesquita,2019-06-30 00:04:05,https://api.github.com/repos/daneden/animate.css/git/commits/9ae3be05403a4f9ee92844d4ebb6af270087517f,9ae3be05403a4f9ee92844d4ebb6af270087517f,Added feedback request on README
eltonmesquita,2019-06-13 00:23:22,https://api.github.com/repos/daneden/animate.css/git/commits/a07fd54ac5ef49ad06f9af431a460ab179f3419a,a07fd54ac5ef49ad06f9af431a460ab179f3419a,Updated CDN version
coliff,2019-06-05 13:39:56,https://api.github.com/repos/daneden/animate.css/git/commits/ec3119d7ae06455394be62be5fd447e4319f25f0,ec3119d7ae06455394be62be5fd447e4319f25f0,HTTPS link to opensource.org/licenses/MIT (#943)
eltonmesquita,2019-06-04 22:35:59,https://api.github.com/repos/daneden/animate.css/git/commits/ab5fe9dae4fdb936eee698ce1850a263008f0a99,ab5fe9dae4fdb936eee698ce1850a263008f0a99,3.7.2
eltonmesquita,2019-06-04 22:33:15,https://api.github.com/repos/daneden/animate.css/git/commits/40e67a390c68b2715ccf1d31c5f65b879274564e,40e67a390c68b2715ccf1d31c5f65b879274564e,Merge branch 'fitztrev-master'
fitztrev,2019-06-04 13:29:30,https://api.github.com/repos/daneden/animate.css/git/commits/945432c38cc3be924e4f028a390050457ccfd7c7,945432c38cc3be924e4f028a390050457ccfd7c7,add npm-shrinkwrap.json to .gitignore
fitztrev,2019-05-30 17:12:48,https://api.github.com/repos/daneden/animate.css/git/commits/8d0c33aee6b1eeb0877e4fccd6acedf6bbbd464c,8d0c33aee6b1eeb0877e4fccd6acedf6bbbd464c,remove npm-shrinkwrap
eltonmesquita,2019-05-29 02:01:33,https://api.github.com/repos/daneden/animate.css/git/commits/28b0fd5a2344e41e6c366c6d8f16d1fba074e296,28b0fd5a2344e41e6c366c6d8f16d1fba074e296,Upped version
eltonmesquita,2019-05-29 01:54:10,https://api.github.com/repos/daneden/animate.css/git/commits/e3b484a840dd0bf6276d8594ed4533bb0552c1ed,e3b484a840dd0bf6276d8594ed4533bb0552c1ed,3.7.1
eltonmesquita,2019-05-29 00:50:59,https://api.github.com/repos/daneden/animate.css/git/commits/d9bdcc33760409a45eb33e3d9858cc2bbfcc56bc,d9bdcc33760409a45eb33e3d9858cc2bbfcc56bc,Merge branch 'shpuld-master'
eltonmesquita,2019-05-29 00:49:52,https://api.github.com/repos/daneden/animate.css/git/commits/a9105b26b8857b04022370077786a6888f55bd62,a9105b26b8857b04022370077786a6888f55bd62,Compiled source
shpuld,2019-05-17 04:20:50,https://api.github.com/repos/daneden/animate.css/git/commits/20f9890503f518659afeb5268089eb7a2212a212,20f9890503f518659afeb5268089eb7a2212a212,Update _base.css
shpuld,2019-05-13 07:05:03,https://api.github.com/repos/daneden/animate.css/git/commits/ec1fbf6d60ea3a75ba01df6a4db8e7174e1e70bd,ec1fbf6d60ea3a75ba01df6a4db8e7174e1e70bd,Update _base.css
shpuld,2019-05-08 09:29:07,https://api.github.com/repos/daneden/animate.css/git/commits/526fec3bb062c4e5bc4316e1a46c557631c2c505,526fec3bb062c4e5bc4316e1a46c557631c2c505,Update _base.css
shpuld,2019-05-08 09:07:22,https://api.github.com/repos/daneden/animate.css/git/commits/69084f2d00eab58959122bcc63846e074bdeb02a,69084f2d00eab58959122bcc63846e074bdeb02a,"Merge pull request #1 from shpuld/0-duration-animations-for-reduced-motion

Update _base.css"
shpuld,2019-05-08 09:06:56,https://api.github.com/repos/daneden/animate.css/git/commits/2649f6975963246c4e3268b370821e3c7ace7697,2649f6975963246c4e3268b370821e3c7ace7697,Update _base.css
KonScyence,2019-02-24 14:54:13,https://api.github.com/repos/daneden/animate.css/git/commits/0ca8f2dc7c74c9e76b93bc378dad8b1cc1590dad,0ca8f2dc7c74c9e76b93bc378dad8b1cc1590dad," Fixed the name of the function in README.md (#915)

`animateCss` to `animateCSS` because that's what is used as an example after."
eltonmesquita,2019-02-19 10:01:31,https://api.github.com/repos/daneden/animate.css/git/commits/97e17068a6aae98fbbd9b33ab401883b3053627b,97e17068a6aae98fbbd9b33ab401883b3053627b,Updated prefers-reduced-motion support on readme
eltonmesquita,2019-02-09 17:25:10,https://api.github.com/repos/daneden/animate.css/git/commits/c58d6a4ff50757af820ce0875c61e28183bee759,c58d6a4ff50757af820ce0875c61e28183bee759,Added Code of conduct to Readme
eltonmesquita,2019-02-09 17:18:54,https://api.github.com/repos/daneden/animate.css/git/commits/12ba5f87bb0a0e14ab4f93008915a7f7bcfb1476,12ba5f87bb0a0e14ab4f93008915a7f7bcfb1476,"Create CODE_OF_CONDUCT.md

Closes #902."
eltonmesquita,2019-02-09 17:13:43,https://api.github.com/repos/daneden/animate.css/git/commits/38e4fc0195e683caeb73817060e0dda78a8976c4,38e4fc0195e683caeb73817060e0dda78a8976c4,Updated year on License
eltonmesquita,2019-01-16 18:51:43,https://api.github.com/repos/daneden/animate.css/git/commits/2897a5b148efbe294b0f897c0a575e847b05a381,2897a5b148efbe294b0f897c0a575e847b05a381,"Update examples to pure js. closes #875 (#899)

I keept things simple and dropped support for aging browsers in the examples, although IE11 still gets support."
vyshakpadinjarote,2019-01-13 20:25:44,https://api.github.com/repos/daneden/animate.css/git/commits/c03507b793165bd62638a265fbef9decfee42413,c03507b793165bd62638a265fbef9decfee42413,"Turn off animations for print media query (#881)

Resolves #856

* Add a feature to turn off animations for printing as requested.
* Add print media type
* Update the builds"
WarenGonzaga,2018-11-29 19:01:31,https://api.github.com/repos/daneden/animate.css/git/commits/01e83a75192fb3feb311a8ce808ce7c60c46776a,01e83a75192fb3feb311a8ce808ce7c60c46776a,"Update devdependencies (#888)

* Update devdependencies
* Replace package-lock file with shrinkwrap"
eltonmesquita,2018-10-17 20:01:51,https://api.github.com/repos/daneden/animate.css/git/commits/559b9105abc48bb9f601b1548394405baa0196f0,559b9105abc48bb9f601b1548394405baa0196f0,"Cleaning up the Readme file (#872)

* Cleaning up the Readme file

* Removed note about CSS prefixes"
mattstrick,2018-10-13 15:04:46,https://api.github.com/repos/daneden/animate.css/git/commits/97000ac2708e44ced764420cb3d96610606b725d,97000ac2708e44ced764420cb3d96610606b725d,Fix typo in README.md (#862)
ahmetozantekin,2018-10-13 15:04:06,https://api.github.com/repos/daneden/animate.css/git/commits/6fa759b7c2db3f33ac648daa16d2a73f3cd922f2,6fa759b7c2db3f33ac648daa16d2a73f3cd922f2,add yarn (#865)
eltonmesquita,2018-09-24 14:51:18,https://api.github.com/repos/daneden/animate.css/git/commits/6155392f49bf7087ef9525a4b5390c7d24c71e67,6155392f49bf7087ef9525a4b5390c7d24c71e67,Improved some examples
paulgv,2018-08-27 22:56:26,https://api.github.com/repos/daneden/animate.css/git/commits/6c9bd328c5b73d39e8d3498eae2a0fac819d50a7,6c9bd328c5b73d39e8d3498eae2a0fac819d50a7,Update homepage field (#859)
marcysutton,2018-07-23 22:44:09,https://api.github.com/repos/daneden/animate.css/git/commits/940e4aef81edc26d3458480adcd475e51bd38df5,940e4aef81edc26d3458480adcd475e51bd38df5,"Add support for prefers-reduced-motion media query (#832)

Feat: add prefers-reduced-motion media query

Improve accessibility by respecting the user's preference"
WarenGonzaga,2018-07-23 22:25:37,https://api.github.com/repos/daneden/animate.css/git/commits/be8582afbb43ad16b71b00ac3c2b88d8d542f9a8,be8582afbb43ad16b71b00ac3c2b88d8d542f9a8,"Add new animation speed & delay classes

3.7.0 New Feature: Animation speed & delay classes, dependency updates"
daneden,2018-07-23 15:52:29,https://api.github.com/repos/daneden/animate.css/git/commits/1514f932a9a587454179c0cbfe9109d95121d8d9,1514f932a9a587454179c0cbfe9109d95121d8d9,Update Readme to use correct build/dev dependency badges
daneden,2018-07-21 15:55:43,https://api.github.com/repos/daneden/animate.css/git/commits/30986544fc67660306ae809006a0e7cda289a0df,30986544fc67660306ae809006a0e7cda289a0df,"Merge pull request #830 from jamesgeorge007/master

Add heartbeat animation"
jamesgeorge007,2018-07-21 15:16:23,https://api.github.com/repos/daneden/animate.css/git/commits/c924e615ea3bb0372d6606cb924c174baf58a7a9,c924e615ea3bb0372d6606cb924c174baf58a7a9,Resolve conflicts :+1:
jamesgeorge007,2018-07-21 15:08:29,https://api.github.com/repos/daneden/animate.css/git/commits/fe18e0f5528e73075bed2809c250a9fcd146e32d,fe18e0f5528e73075bed2809c250a9fcd146e32d,Merge branch 'master' into master
jamesgeorge007,2018-07-21 14:52:03,https://api.github.com/repos/daneden/animate.css/git/commits/502a2805e6a81ab3694ee75e6638eee34966b9e7,502a2805e6a81ab3694ee75e6638eee34966b9e7,Add heartBeat to animate.min.css with gulp :tada:
daneden,2018-07-21 14:25:45,https://api.github.com/repos/daneden/animate.css/git/commits/de6b531570c4b0f25d1465edc0ae631f6c33b34c,de6b531570c4b0f25d1465edc0ae631f6c33b34c,"Resolve merge conflicts

Co-Authored-By: gianjohansen <gian.johansen@gmail.com>"
gianjohansen,2018-04-14 07:01:36,https://api.github.com/repos/daneden/animate.css/git/commits/611b8cc98b21983d5134a369aa4e2ef0b763b3ea,611b8cc98b21983d5134a369aa4e2ef0b763b3ea,Fix Firefox flip bug (#805)
jamesgeorge007,2018-07-21 14:08:58,https://api.github.com/repos/daneden/animate.css/git/commits/06af6b4323f55d478897d914c71122f09cd1a7a1,06af6b4323f55d478897d914c71122f09cd1a7a1,Fixed typos :smiley:
jamesgeorge007,2018-07-21 04:56:54,https://api.github.com/repos/daneden/animate.css/git/commits/6446a352e7001210310dd42039ea1cda2c0d52b9,6446a352e7001210310dd42039ea1cda2c0d52b9,Bit of change in the code structure :smiley::+1:
jamesgeorge007,2018-07-21 04:54:46,https://api.github.com/repos/daneden/animate.css/git/commits/294b7e87bbe341c234259c7bf571c9375b063ac2,294b7e87bbe341c234259c7bf571c9375b063ac2,Bit change in the code structure :smiley:
jamesgeorge007,2018-07-21 04:52:04,https://api.github.com/repos/daneden/animate.css/git/commits/25a619a481cb2b6e5e44d9afb877c9c8d33c6a57,25a619a481cb2b6e5e44d9afb877c9c8d33c6a57,Remove webkit prefixes :tada:
Calerme,2018-07-19 01:47:00,https://api.github.com/repos/daneden/animate.css/git/commits/f1853f76cfcad323c6363735b90545c812b0bbe9,f1853f76cfcad323c6363735b90545c812b0bbe9,Verbose opacity (#788)
WarenGonzaga,2018-07-19 01:24:17,https://api.github.com/repos/daneden/animate.css/git/commits/824484ed0349f5e94cf574ee0168d53687c1ab47,824484ed0349f5e94cf574ee0168d53687c1ab47,"Minor Updates and Small Fixes (#790)

* Update the devDependencies

* Update the gitignore file

* Update the version of gulp

* Fix the build error in the gulpfile script

* Update node version testing for travis

* Update the package.json

* Fix some errors

* Update the devdependencies

* Re arrange the .gitignore

* Update devdependency to the latest stable version

* Add new line at the end of the file

* Fix versioning error

* Update DevDependencies

* Update the version from 3.6.1 into 3.6.2

* Add delays up to 5 seconds

* Update the files from 3.6.1 into 3.6.2

* Modify the documentation and add delay option"
jamesgeorge007,2018-07-14 06:54:00,https://api.github.com/repos/daneden/animate.css/git/commits/6217155631d2675cd5ac1cb1e23295260d4cbf52,6217155631d2675cd5ac1cb1e23295260d4cbf52,Update Readme to include heartBeat animation within the list of animate classes available :+1:
jamesgeorge007,2018-07-14 06:37:20,https://api.github.com/repos/daneden/animate.css/git/commits/5deb9f7b7440d194cce23d05846a4a26bc5f03f5,5deb9f7b7440d194cce23d05846a4a26bc5f03f5,:smiley: Add hertBeat animation as a fix to issue #829
eltonmesquita,2018-02-07 16:47:28,https://api.github.com/repos/daneden/animate.css/git/commits/da9afc06e8aa563baae6f406a0a844999ccc066b,da9afc06e8aa563baae6f406a0a844999ccc066b,3.6.1
eltonmesquita,2018-02-07 16:45:26,https://api.github.com/repos/daneden/animate.css/git/commits/5563b0a7d4475e83b82f435c99a11a643a00e5e0,5563b0a7d4475e83b82f435c99a11a643a00e5e0,Version bump
eltonmesquita,2018-02-07 16:42:11,https://api.github.com/repos/daneden/animate.css/git/commits/79b1254828a88e35cbd9e7b7c6ee5440e9f864a7,79b1254828a88e35cbd9e7b7c6ee5440e9f864a7,3.6.0
eltonmesquita,2018-02-07 16:33:03,https://api.github.com/repos/daneden/animate.css/git/commits/0f88c521d13ea563dd77660b6f6c45e64a84b73b,0f88c521d13ea563dd77660b6f6c45e64a84b73b,Added windows thumbs and Desktop.ini to gitignore
eltonmesquita,2018-01-29 17:05:30,https://api.github.com/repos/daneden/animate.css/git/commits/cbd18b097db1ce3431dee983c6218e6d905333a1,cbd18b097db1ce3431dee983c6218e6d905333a1,Merge branch 'QuentinVaut-patch-1'
eltonmesquita,2018-01-29 17:04:47,https://api.github.com/repos/daneden/animate.css/git/commits/8cbd1e517a3fb3ec99da96364aec3a8a852af384,8cbd1e517a3fb3ec99da96364aec3a8a852af384,Merge branch 'patch-1' of https://github.com/QuentinVaut/animate.css into QuentinVaut-patch-1
eltonmesquita,2018-01-29 16:53:49,https://api.github.com/repos/daneden/animate.css/git/commits/2b028d243ff469b40e0d33c5e7f64a6c583d6e46,2b028d243ff469b40e0d33c5e7f64a6c583d6e46,Fixes #644
eltonmesquita,2018-01-25 17:03:02,https://api.github.com/repos/daneden/animate.css/git/commits/3b3cfc1ba0875425ee24b0979fa883f9343b2051,3b3cfc1ba0875425ee24b0979fa883f9343b2051,Solves #461
eltonmesquita,2018-01-25 16:51:29,https://api.github.com/repos/daneden/animate.css/git/commits/0702413379e871d45e20f7af6ed27083c74028d5,0702413379e871d45e20f7af6ed27083c74028d5,Added npm start script
eltonmesquita,2018-01-25 16:45:43,https://api.github.com/repos/daneden/animate.css/git/commits/312162e264f2869f008f9b16e3fef64db69e0572,312162e264f2869f008f9b16e3fef64db69e0572,push origin masterMerge branch 'lipis-prettier'
eltonmesquita,2018-01-25 16:45:26,https://api.github.com/repos/daneden/animate.css/git/commits/301b79823ccc4741f185ddee5e12dbb4f23a2862,301b79823ccc4741f185ddee5e12dbb4f23a2862,Merge branch 'prettier' of https://github.com/lipis/animate.css into lipis-prettier
m1guelpf,2018-01-01 12:59:12,https://api.github.com/repos/daneden/animate.css/git/commits/5bde475149fbd345fc665508a17f66a97fcfe94c,5bde475149fbd345fc665508a17f66a97fcfe94c,Update license year (#775)
zhufengpeixun,2017-12-24 15:11:03,https://api.github.com/repos/daneden/animate.css/git/commits/93cd6801f5394ce2452c1eb48831f6f02ff31d49,93cd6801f5394ce2452c1eb48831f6f02ff31d49,‰øÆÊîπgitignore‰∏≠ÁöÑÊñá‰ª∂ (#773)
andreamaiolo,2017-12-15 02:13:14,https://api.github.com/repos/daneden/animate.css/git/commits/fb4313ad0c3c2a962f7a86c89cbbc69ba1285214,fb4313ad0c3c2a962f7a86c89cbbc69ba1285214,Move css properties to appropriate location (#761)
lipis,2017-12-10 13:25:46,https://api.github.com/repos/daneden/animate.css/git/commits/4e45f1eeda7795fe884df10a43c058641c44db0a,4e45f1eeda7795fe884df10a43c058641c44db0a,More info in editorconfig
lipis,2017-12-10 13:22:56,https://api.github.com/repos/daneden/animate.css/git/commits/3b36436e01986528b51f6137736955619b95eee5,3b36436e01986528b51f6137736955619b95eee5,Ignore fixed
lipis,2017-12-10 13:18:20,https://api.github.com/repos/daneden/animate.css/git/commits/3311a7683597749557165fdc8fe8d4be92a7dc56,3311a7683597749557165fdc8fe8d4be92a7dc56,Update prettier
lipis,2017-12-10 13:14:15,https://api.github.com/repos/daneden/animate.css/git/commits/a473b45f96f2f65fda31a4f9e92b531266069aa8,a473b45f96f2f65fda31a4f9e92b531266069aa8,Merged
PeterDaveHello,2017-12-10 04:30:57,https://api.github.com/repos/daneden/animate.css/git/commits/8dce1e03fd93a0d4736755aedca3308d94515e59,8dce1e03fd93a0d4736755aedca3308d94515e59,Add CDNJS version badge in readme (#643)
lipis,2017-11-15 23:25:53,https://api.github.com/repos/daneden/animate.css/git/commits/2487d29f9fa028ae95ab68e5ddb3c4bf2b67d9e1,2487d29f9fa028ae95ab68e5ddb3c4bf2b67d9e1,EOL
lipis,2017-11-15 23:23:57,https://api.github.com/repos/daneden/animate.css/git/commits/5cffb8bd12718870e0aed6ea8df6de5bd0771649,5cffb8bd12718870e0aed6ea8df6de5bd0771649,rename scrip
lipis,2017-11-15 23:20:46,https://api.github.com/repos/daneden/animate.css/git/commits/134e6e55feaf042362ce02d04856e91917bd36dd,134e6e55feaf042362ce02d04856e91917bd36dd,Format files
lipis,2017-11-15 23:05:00,https://api.github.com/repos/daneden/animate.css/git/commits/98956e08a5b9ea99127db36f7bb96cbcac8390f6,98956e08a5b9ea99127db36f7bb96cbcac8390f6,prettier rules
lipis,2017-11-15 23:02:40,https://api.github.com/repos/daneden/animate.css/git/commits/55c858f7d8bed5553373f36aace1ee86fcdcf500,55c858f7d8bed5553373f36aace1ee86fcdcf500,Fix
kas-cor,2017-11-10 00:39:04,https://api.github.com/repos/daneden/animate.css/git/commits/3cbe9930c2714a23eef624e49b3bc977fbdf92bb,3cbe9930c2714a23eef624e49b3bc977fbdf92bb,"Added callback for jQuery extension (#601)

Added to the extension for JQuery, callback function."
vrescobar,2017-11-10 00:33:55,https://api.github.com/repos/daneden/animate.css/git/commits/ff6509420d0f0addd9c777c1b2999be5b558bded,ff6509420d0f0addd9c777c1b2999be5b558bded,"Fixed Custom Builds  (#695)

* Fixed Custom Builds in order accept partial builds using animate-config.json (bug in gulpfile)

* Update gulpfile.js"
lukasmatta,2017-11-10 00:26:40,https://api.github.com/repos/daneden/animate.css/git/commits/ee39c11400e0022539bff7d37c7e41d25d603b48,ee39c11400e0022539bff7d37c7e41d25d603b48,"Edit autoprefixer browser options (#721)

New browser options provide wider support for browsers."
baladkb,2017-11-10 00:26:01,https://api.github.com/repos/daneden/animate.css/git/commits/7451a9306b02880758825244f0eeb6d609f9afde,7451a9306b02880758825244f0eeb6d609f9afde,Readme file update for using columns on classes names. (#744)
LukasDrgon,2017-11-10 00:21:35,https://api.github.com/repos/daneden/animate.css/git/commits/41c3c05b7005f473557966d8cbda9dd6d064e9d8,41c3c05b7005f473557966d8cbda9dd6d064e9d8,Add jsDelivr links (#745)
jshjohnson,2017-07-29 21:28:17,https://api.github.com/repos/daneden/animate.css/git/commits/0e98c3bac931d58ea7711d5eed970d72123780c8,0e98c3bac931d58ea7711d5eed970d72123780c8,Consistent spacing (#720)
Mithgol,2017-07-10 20:11:44,https://api.github.com/repos/daneden/animate.css/git/commits/c420b285ceebb1e73a9b0865f97f19ffb52d6f3c,c420b285ceebb1e73a9b0865f97f19ffb52d6f3c,recommend using SRI¬†hashes and `crossover` attributes (#647)
Nifled,2017-07-09 16:57:57,https://api.github.com/repos/daneden/animate.css/git/commits/23787fcc49aa127b81e19caa207eedb752ed0ce9,23787fcc49aa127b81e19caa207eedb752ed0ce9,Made class list a Markdown table (#698)
mutoe,2017-07-09 16:57:11,https://api.github.com/repos/daneden/animate.css/git/commits/ba5ca55c80274b8f187c8a1fc17fb71e2480f608,ba5ca55c80274b8f187c8a1fc17fb71e2480f608,"fix a bug (#709)

Resolve the problem after calling the animateCss() method can not continue to call other jQuery methods"
bryant1410,2017-07-09 16:29:16,https://api.github.com/repos/daneden/animate.css/git/commits/01d30f5ab6002fe5ab9892697376827e916d2ab1,01d30f5ab6002fe5ab9892697376827e916d2ab1,Fix broken Markdown headings (#689)
hootlex,2017-07-09 16:28:40,https://api.github.com/repos/daneden/animate.css/git/commits/3bb88789cf431a7227ab7c75ee18ee7a17bc498c,3bb88789cf431a7227ab7c75ee18ee7a17bc498c,fix headings (#685)
rpemberton,2017-04-27 12:23:25,https://api.github.com/repos/daneden/animate.css/git/commits/9a09e72d78d4f7a6eee64f7b292a0e3467866376,9a09e72d78d4f7a6eee64f7b292a0e3467866376,"New Special - jackInTheBox (#631)

* use gulp

* convert tabs to spaces

* convert tabs to spaces"
daneden,2016-09-27 13:45:38,https://api.github.com/repos/daneden/animate.css/git/commits/9bc802dfc9f9ddf2ff51e290dce8a8aba21661e9,9bc802dfc9f9ddf2ff51e290dce8a8aba21661e9,"Merge pull request #637 from WarenGonzaga/master

Add Travis CI, Release, devDependencies, and Gitter badges."
WarenGonzagaOfficial,2016-09-27 09:12:08,https://api.github.com/repos/daneden/animate.css/git/commits/c59b792f80550cc4d793d7244d1246e3e41484dc,c59b792f80550cc4d793d7244d1246e3e41484dc,fix the gitter link
WarenGonzagaOfficial,2016-09-27 09:07:03,https://api.github.com/repos/daneden/animate.css/git/commits/ae90a302ca68cdab9d951d61ba9d51c8ff314eb4,ae90a302ca68cdab9d951d61ba9d51c8ff314eb4,Remove extra badges
WarenGonzagaOfficial,2016-09-26 08:44:37,https://api.github.com/repos/daneden/animate.css/git/commits/60c2c488ed1f486803454bfbc1c23f8d449d1d4c,60c2c488ed1f486803454bfbc1c23f8d449d1d4c,Add gitter badge and license badge
WarenGonzagaOfficial,2016-09-26 06:54:03,https://api.github.com/repos/daneden/animate.css/git/commits/b786d99e166185d424aade6a75049700c258c8dd,b786d99e166185d424aade6a75049700c258c8dd,Remove the github buttons
WarenGonzagaOfficial,2016-09-23 13:09:27,https://api.github.com/repos/daneden/animate.css/git/commits/170303c4bbef4a2ea3fbd0e539a93f25d475537b,170303c4bbef4a2ea3fbd0e539a93f25d475537b,Add github buttons
WarenGonzagaOfficial,2016-09-23 12:54:37,https://api.github.com/repos/daneden/animate.css/git/commits/6696f1aa076464652ca431c0d3a0d769b90703ec,6696f1aa076464652ca431c0d3a0d769b90703ec,Add badges for gulp and release
WarenGonzagaOfficial,2016-09-23 12:32:51,https://api.github.com/repos/daneden/animate.css/git/commits/b33340675b63e9b5db5112802f01b5e3419caac2,b33340675b63e9b5db5112802f01b5e3419caac2,Add more badge from David
daneden,2016-09-02 15:56:00,https://api.github.com/repos/daneden/animate.css/git/commits/535a9dd499763b2bdc9b53e13019112651d05d30,535a9dd499763b2bdc9b53e13019112651d05d30,Update package.json
daneden,2016-09-02 15:37:02,https://api.github.com/repos/daneden/animate.css/git/commits/f50ffa5a646faf19bf73e78797fbf3e44b6377f3,f50ffa5a646faf19bf73e78797fbf3e44b6377f3,"Merge pull request #594 from zhouxinyong/master

add npm installation to readme"
daneden,2016-09-02 15:36:18,https://api.github.com/repos/daneden/animate.css/git/commits/f4ac5f28894f8053c018c6d79e38c9e9646b44bc,f4ac5f28894f8053c018c6d79e38c9e9646b44bc,"Merge pull request #605 from jabranr/update-jquery-plugin-example

Replace unnecessary jQuery $(this) to this"
daneden,2016-09-02 15:34:06,https://api.github.com/repos/daneden/animate.css/git/commits/812f8042719ff0cfe6ce5694f6ae2bb352edf9f8,812f8042719ff0cfe6ce5694f6ae2bb352edf9f8,"Merge pull request #627 from anthonydelgado/master

Fixed broken CDN link"
daneden,2016-09-02 15:33:54,https://api.github.com/repos/daneden/animate.css/git/commits/258797875a521dc345c5bebb95f9306103c99f83,258797875a521dc345c5bebb95f9306103c99f83,"Merge pull request #633 from daneden/revert-626-master

Revert ""updated CDN on the Readme.md"""
daneden,2016-09-02 15:33:43,https://api.github.com/repos/daneden/animate.css/git/commits/53cf72f98efe9acddca568d984860029aec3ee3b,53cf72f98efe9acddca568d984860029aec3ee3b,"Revert ""updated CDN on the Readme.md"""
daneden,2016-09-02 15:33:12,https://api.github.com/repos/daneden/animate.css/git/commits/0b4779ae4232c54a754d6e5c5005782a4c2b59c2,0b4779ae4232c54a754d6e5c5005782a4c2b59c2,"Merge pull request #626 from Dimix181/master

updated CDN on the Readme.md"
anthonydelgado,2016-08-29 02:17:30,https://api.github.com/repos/daneden/animate.css/git/commits/deefc08637201db0aabc747de7d2c2c5ce6b485c,deefc08637201db0aabc747de7d2c2c5ce6b485c,Update README.md
anthonydelgado,2016-08-29 02:01:48,https://api.github.com/repos/daneden/animate.css/git/commits/6780e4ea2106ff800ed1b640a5391b79a668a32d,6780e4ea2106ff800ed1b640a5391b79a668a32d,Fixed broken CDN link
ElvinGarcia,2016-08-26 17:30:02,https://api.github.com/repos/daneden/animate.css/git/commits/7e8be119593b4c6a294832b2b7a44f3b86df42fb,7e8be119593b4c6a294832b2b7a44f3b86df42fb,updated CDN on the Readme.md
jabranr,2016-07-04 13:27:39,https://api.github.com/repos/daneden/animate.css/git/commits/2a2bf8d213b9f6c79ad2601ccfc9ce9d8f1a646d,2a2bf8d213b9f6c79ad2601ccfc9ce9d8f1a646d,Fixing the wrong removal
jabranr,2016-07-04 13:22:42,https://api.github.com/repos/daneden/animate.css/git/commits/b529d3ae592d758a6eba02e6b59c378b1acca5e3,b529d3ae592d758a6eba02e6b59c378b1acca5e3,Remove unnecessary jQuery selection
zhouxinyong,2016-06-08 09:00:41,https://api.github.com/repos/daneden/animate.css/git/commits/161fed24416b14f67123d0b63372bcde76658105,161fed24416b14f67123d0b63372bcde76658105,add npm installation to readme
daneden,2016-06-06 17:48:35,https://api.github.com/repos/daneden/animate.css/git/commits/e1faf139577a04830644f7d19a417ce306b383e2,e1faf139577a04830644f7d19a417ce306b383e2,"Merge pull request #549 from tahashahid/patch-1

Updated Readme.md"
daneden,2016-06-06 17:47:50,https://api.github.com/repos/daneden/animate.css/git/commits/3c1b7c452e5622c0a9a693ce7df547651639e980,3c1b7c452e5622c0a9a693ce7df547651639e980,"Merge pull request #556 from bbashy/patch-1

Remove double ""the"" from README.md"
daneden,2016-06-06 17:45:27,https://api.github.com/repos/daneden/animate.css/git/commits/34e460075d98303c6e4e2ab26340ef638a713f56,34e460075d98303c6e4e2ab26340ef638a713f56,"Merge pull request #566 from sarbbottam/chore

chore(build): removed redundant postcss operation"
daneden,2016-06-06 17:42:50,https://api.github.com/repos/daneden/animate.css/git/commits/92f30f2213d011a29d7792d413f94e04b8445afc,92f30f2213d011a29d7792d413f94e04b8445afc,"Merge pull request #574 from Hackzzila/patch-1

Added hosted libraries into README.md"
daneden,2016-06-06 17:37:52,https://api.github.com/repos/daneden/animate.css/git/commits/dac3dab7b59cb6072b5d0fe23eae3805e370a58c,dac3dab7b59cb6072b5d0fe23eae3805e370a58c,"Merge pull request #550 from andreamaiolo/master

[bower.json] source dir removed from the ignore array"
Hackzzila,2016-04-30 18:56:24,https://api.github.com/repos/daneden/animate.css/git/commits/2383995ab17d35596df904ef5e853800da791d37,2383995ab17d35596df904ef5e853800da791d37,URLs keep getting shorter!
Hackzzila,2016-04-30 18:20:41,https://api.github.com/repos/daneden/animate.css/git/commits/43e831b46ed56d210261d6b1d31268d14e50c729,43e831b46ed56d210261d6b1d31268d14e50c729,Made the URL shorter
Hackzzila,2016-04-30 01:54:02,https://api.github.com/repos/daneden/animate.css/git/commits/016f3062f37620a017f5fa900e0e80c11e0244e1,016f3062f37620a017f5fa900e0e80c11e0244e1,Fixed the link at the bottom
Hackzzila,2016-04-30 01:52:10,https://api.github.com/repos/daneden/animate.css/git/commits/8db5360ca8942ad13d3f90a36b22f2f1f43b4dd6,8db5360ca8942ad13d3f90a36b22f2f1f43b4dd6,Added hosted libraries into README.md
QuentinVaut,2016-04-25 15:15:17,https://api.github.com/repos/daneden/animate.css/git/commits/75768aaf76b808d2865dceeecdbf2e8db81d3de9,75768aaf76b808d2865dceeecdbf2e8db81d3de9,"Update README.md

Add badge for Npm."
sarbbottam,2016-04-17 04:51:29,https://api.github.com/repos/daneden/animate.css/git/commits/2eb6a3c30392aff274028d82aa6f94973313e831,2eb6a3c30392aff274028d82aa6f94973313e831,chore(build): removed redundant postcss operation
bbashy,2016-03-22 13:27:37,https://api.github.com/repos/daneden/animate.css/git/commits/eebe8aac164395122a21a3f8bfba1c30097dcb44,eebe8aac164395122a21a3f8bfba1c30097dcb44,"Remove double ""the"" from README.md"
andreamaiolo,2016-03-13 15:14:37,https://api.github.com/repos/daneden/animate.css/git/commits/ff2b13413ed010668749fe757fdb60a94048da48,ff2b13413ed010668749fe757fdb60a94048da48,bower.json: source dir removed from ignore
tahashahid,2016-03-12 09:22:48,https://api.github.com/repos/daneden/animate.css/git/commits/2cce20d713dffa9a29964d7aae2a6692b193fef4,2cce20d713dffa9a29964d7aae2a6692b193fef4,"Updated Readme.md

added bower installation step into the docs"
daneden,2016-02-12 16:49:26,https://api.github.com/repos/daneden/animate.css/git/commits/1ba6f45899ec4055002fd61986fc520636ae5598,1ba6f45899ec4055002fd61986fc520636ae5598,"Merge pull request #534 from marcobiedermann/feature/postcss

Add PostCSS"
daneden,2016-02-12 16:48:17,https://api.github.com/repos/daneden/animate.css/git/commits/6971d9f14633eaf028c23f522b7a2e992512ca19,6971d9f14633eaf028c23f522b7a2e992512ca19,"Merge pull request #533 from marcobiedermann/hotfix/version

hotfix: update version in css files"
marcobiedermann,2016-02-11 18:15:33,https://api.github.com/repos/daneden/animate.css/git/commits/4cef832f116c83546d01fb9158fb4b04808cf4f2,4cef832f116c83546d01fb9158fb4b04808cf4f2,add postcss
marcobiedermann,2016-02-11 18:04:29,https://api.github.com/repos/daneden/animate.css/git/commits/f9ee1d48938b90a5d2d5350a9a1cd2026d3c6088,f9ee1d48938b90a5d2d5350a9a1cd2026d3c6088,update version in css files
daneden,2016-02-03 20:06:42,https://api.github.com/repos/daneden/animate.css/git/commits/3e5de050133fd5fcc8ebfe3a942c584282607e49,3e5de050133fd5fcc8ebfe3a942c584282607e49,"Merge pull request #531 from BenMorel/patch-1

Add a custom jQuery function in the README"
BenMorel,2016-02-03 17:16:51,https://api.github.com/repos/daneden/animate.css/git/commits/7e4a22d0cf133f9d8682f0c4641d9da163d9fdc8,7e4a22d0cf133f9d8682f0c4641d9da163d9fdc8,"Add a custom jQuery function in the README

In addition to explaining how to use `addClass()` and `one('... animationend')`, it can be useful to provide a turnkey solution that adds this functionality to jQuery."
daneden,2016-02-03 00:25:09,https://api.github.com/repos/daneden/animate.css/git/commits/42ca45da4a8d98dc694387073d18c9a42bbca09f,42ca45da4a8d98dc694387073d18c9a42bbca09f,"Merge pull request #525 from ilmente/master

LICENSE file added"
daneden,2016-02-03 00:17:55,https://api.github.com/repos/daneden/animate.css/git/commits/b39e9341fffed666ad896ba9c256e1eda1dd1e00,b39e9341fffed666ad896ba9c256e1eda1dd1e00,Correct NPM version
ilmente,2016-01-22 11:33:21,https://api.github.com/repos/daneden/animate.css/git/commits/1906a370cf821fbc60248b689987c3e381ad8d55,1906a370cf821fbc60248b689987c3e381ad8d55,LICENSE file added
daneden,2016-01-02 17:57:22,https://api.github.com/repos/daneden/animate.css/git/commits/010e06e11175840ae84ad9363f7269f03775d963,010e06e11175840ae84ad9363f7269f03775d963,"Update copyright, update dependencies"
daneden,2016-01-02 17:40:30,https://api.github.com/repos/daneden/animate.css/git/commits/d7754a0b33392fe44365eced5ffec0ee61b6de69,d7754a0b33392fe44365eced5ffec0ee61b6de69,Merge branch 'master' of github.com:daneden/animate.css
daneden,2015-12-27 02:13:34,https://api.github.com/repos/daneden/animate.css/git/commits/f71e491f8b62996ec89eaa0570f23460e47be940,f71e491f8b62996ec89eaa0570f23460e47be940,"Merge pull request #513 from woneob/add-gulp-util

Add missing dependency in package.json"
daneden,2015-12-27 02:11:45,https://api.github.com/repos/daneden/animate.css/git/commits/6ea93f59028a44f1d4314ced7870c093135c0650,6ea93f59028a44f1d4314ced7870c093135c0650,"Merge pull request #514 from woneob/pretty-banner

Change banner from ugly to pretty"
woneob,2015-12-26 16:36:37,https://api.github.com/repos/daneden/animate.css/git/commits/8ec3638b89803eb291112662429c1d0b2a3e52bd,8ec3638b89803eb291112662429c1d0b2a3e52bd,Improve gulp tasks
woneob,2015-12-26 13:27:24,https://api.github.com/repos/daneden/animate.css/git/commits/20e0c3e895b93b42663dab0ce03e9ef18002d45a,20e0c3e895b93b42663dab0ce03e9ef18002d45a,Change banner from ugly to pretty
woneob,2015-12-26 12:47:25,https://api.github.com/repos/daneden/animate.css/git/commits/b6e513550d8bf656ed2856f8263693a85af7f4bc,b6e513550d8bf656ed2856f8263693a85af7f4bc,Add missing dependency in package.json
daneden,2015-12-21 18:21:28,https://api.github.com/repos/daneden/animate.css/git/commits/bc8c2f1482ecf8548955875715ab856a4554c061,bc8c2f1482ecf8548955875715ab856a4554c061,"Merge pull request #510 from LubomirGeorgiev/Fix-README.md

Fix README.md"
daneden,2015-12-21 18:21:14,https://api.github.com/repos/daneden/animate.css/git/commits/187f4405f27c27cae3765e632acaca2c9445e76d,187f4405f27c27cae3765e632acaca2c9445e76d,"Merge pull request #511 from woneob/remove-unnecessary-semicolon

Remove unnecessary semicolon in gulpfile.js"
woneob,2015-12-19 13:34:07,https://api.github.com/repos/daneden/animate.css/git/commits/0656ae1e3a5bde63c86584bcdae21720326e7792,0656ae1e3a5bde63c86584bcdae21720326e7792,Remove unnecessary semicolon in gulpfile.js
LubomirGeorgiev,2015-12-19 11:59:57,https://api.github.com/repos/daneden/animate.css/git/commits/322b0b1fba116aeb52e544aaedbf42800f5898ad,322b0b1fba116aeb52e544aaedbf42800f5898ad,Fix README.md
daneden,2015-12-14 19:48:11,https://api.github.com/repos/daneden/animate.css/git/commits/0a6a8abf551c9abff96de1b97232bf0fd9a48ba2,0a6a8abf551c9abff96de1b97232bf0fd9a48ba2,"Merge pull request #507 from daneden/gulp

Switch from Grunt to Gulp"
daneden,2015-12-14 19:46:26,https://api.github.com/repos/daneden/animate.css/git/commits/14402f26542eb601f535d9ef18a8f60957b5eb18,14402f26542eb601f535d9ef18a8f60957b5eb18,Bump version
daneden,2015-12-14 19:43:29,https://api.github.com/repos/daneden/animate.css/git/commits/19c4673d2c191101cd75dc60c988a6cbac2bcc00,19c4673d2c191101cd75dc60c988a6cbac2bcc00,Update package.json
daneden,2015-12-14 19:41:34,https://api.github.com/repos/daneden/animate.css/git/commits/0bcdcac3dbfd3bb40cd188e395face93763dda0f,0bcdcac3dbfd3bb40cd188e395face93763dda0f,Remove Gruntfile
daneden,2015-12-14 19:41:16,https://api.github.com/repos/daneden/animate.css/git/commits/80d3de959a1f9c6ea3eff2e4caf4d4104b0c4fbe,80d3de959a1f9c6ea3eff2e4caf4d4104b0c4fbe,Complete switch to Gulp
daneden,2015-12-14 19:03:02,https://api.github.com/repos/daneden/animate.css/git/commits/c3e536093a6ef149c34e67fb3814d901d3cbe616,c3e536093a6ef149c34e67fb3814d901d3cbe616,Add gulpfile and update package.json
daneden,2015-12-10 18:48:14,https://api.github.com/repos/daneden/animate.css/git/commits/069a87fd6f5b7ca677a4e6f2dcbcf7015c1bf353,069a87fd6f5b7ca677a4e6f2dcbcf7015c1bf353,"Merge pull request #504 from orenmazor/master

Add percentage signs in headShake animation keyframes"
daneden,2015-12-10 18:47:35,https://api.github.com/repos/daneden/animate.css/git/commits/c998dafebd56a639b4e269b1507b4ce4181f3453,c998dafebd56a639b4e269b1507b4ce4181f3453,"Merge pull request #505 from woneob/missing-semicolons

Clean up - missing semicolons, whitespace"
orenmazor,2015-12-08 18:22:35,https://api.github.com/repos/daneden/animate.css/git/commits/e2dcbb4ae2f643cd41a075d799da3358972c7800,e2dcbb4ae2f643cd41a075d799da3358972c7800,sass compilation hates this
woneob,2015-12-08 18:20:28,https://api.github.com/repos/daneden/animate.css/git/commits/44b2600195a0d02d5fa438b10e4de7e5292a297d,44b2600195a0d02d5fa438b10e4de7e5292a297d,Add or remove whitespace
woneob,2015-12-08 17:58:41,https://api.github.com/repos/daneden/animate.css/git/commits/43fe45994c3187901d58117095a8e658cde5a830,43fe45994c3187901d58117095a8e658cde5a830,Add missing semicolons
daneden,2015-12-06 18:44:35,https://api.github.com/repos/daneden/animate.css/git/commits/a1847ceab760641efd54c6f122e83878aa18c00d,a1847ceab760641efd54c6f122e83878aa18c00d,"Merge pull request #471 from webbushka/master

adds the style definition to package.json"
daneden,2015-12-06 17:25:26,https://api.github.com/repos/daneden/animate.css/git/commits/ea4ac9b2d8bebbe519ae3ae46fcc44690777f0b3,ea4ac9b2d8bebbe519ae3ae46fcc44690777f0b3,"Merge pull request #487 from woneob/usebanner

Automatically generate the banner"
daneden,2015-12-06 16:34:52,https://api.github.com/repos/daneden/animate.css/git/commits/11188f5fbdbc9ecc28eab29fbfcbf8372d98d71d,11188f5fbdbc9ecc28eab29fbfcbf8372d98d71d,"Merge pull request #491 from esayemm/master

Specify npm main field"
daneden,2015-12-06 16:29:20,https://api.github.com/repos/daneden/animate.css/git/commits/f017ea59185cb0c251e4f312fb4703935253815e,f017ea59185cb0c251e4f312fb4703935253815e,"Merge pull request #465 from FelipeMartinin/master

New animation: headShake"
woneob,2015-12-05 16:52:01,https://api.github.com/repos/daneden/animate.css/git/commits/a6bb17272cf66f960c28ac1b8969d676c1db98fd,a6bb17272cf66f960c28ac1b8969d676c1db98fd,"Merge branch 'master' into usebanner

Conflicts:
	animate.min.css"
esayemm,2015-11-16 09:50:57,https://api.github.com/repos/daneden/animate.css/git/commits/634a08300c12c46ebd30c3737a47d8f55b90ae30,634a08300c12c46ebd30c3737a47d8f55b90ae30,"specify npm main field

for use with requiring this package via something like webpack
instead of having to do require('animate.css/animate.css')
you should be able to just do require('animate.css')"
woneob,2015-11-08 16:49:46,https://api.github.com/repos/daneden/animate.css/git/commits/fe3cf0a2a9837472a2233faee2f121e815bf43ee,fe3cf0a2a9837472a2233faee2f121e815bf43ee,"Add `usebanner` task and banner template

refer to the values of properties within package.json file (project name, current version, etc..)"
woneob,2015-11-08 16:46:17,https://api.github.com/repos/daneden/animate.css/git/commits/2a9f3ca6b1fa66b62c1f2dc1f9eb13d627b84e21,2a9f3ca6b1fa66b62c1f2dc1f9eb13d627b84e21,"Add `homepage` field

ref: https://docs.npmjs.com/files/package.json#homepage"
woneob,2015-11-08 16:45:58,https://api.github.com/repos/daneden/animate.css/git/commits/ae3e79129f3ea1c3e818535753faad6d586516a4,ae3e79129f3ea1c3e818535753faad6d586516a4,"Add `author` field

ref: https://docs.npmjs.com/files/package.json#people-fields-author-contributors"
woneob,2015-11-08 16:45:08,https://api.github.com/repos/daneden/animate.css/git/commits/17399c8e6d91274a2486ed99e583d207de354df5,17399c8e6d91274a2486ed99e583d207de354df5,"Add grunt-banner plugin

Project URL: https://github.com/mattstyles/grunt-banner
> Adds a simple banner to files"
daneden,2015-11-04 01:56:15,https://api.github.com/repos/daneden/animate.css/git/commits/e1e1ef73b706912985cb40128b6a6d0d19f7d692,e1e1ef73b706912985cb40128b6a6d0d19f7d692,"Merge pull request #477 from mattconvente/add-version-to-source

Adds version to CSS source files."
webbushka,2015-09-29 17:47:46,https://api.github.com/repos/daneden/animate.css/git/commits/4657bb3b16a365655c81b18468fe689ee3e9efef,4657bb3b16a365655c81b18468fe689ee3e9efef,adds the style definition to package.json
FelipeMartinin,2015-09-24 13:17:12,https://api.github.com/repos/daneden/animate.css/git/commits/2691eb7c8d938c24dd2b0b3a8bc18ba66c05bad8,2691eb7c8d938c24dd2b0b3a8bc18ba66c05bad8,Timing adjustment
FelipeMartinin,2015-09-21 20:15:35,https://api.github.com/repos/daneden/animate.css/git/commits/73004d89e499913128d600f15081b0fd5b9c303f,73004d89e499913128d600f15081b0fd5b9c303f,New animation: headShake - An amazing animation for negative feedbacks
daneden,2015-08-28 17:52:00,https://api.github.com/repos/daneden/animate.css/git/commits/d8144b9507793620360dc4ce766a8e51f86561a8,d8144b9507793620360dc4ce766a8e51f86561a8,"Merge pull request #459 from anshulguleria/update-bower-ignore

Updates bower file to correct ignore path for source"
anshulguleria,2015-08-27 06:17:47,https://api.github.com/repos/daneden/animate.css/git/commits/530e9c93b2fc2ade5b470cb5267e638942920916,530e9c93b2fc2ade5b470cb5267e638942920916,"Updates bower file to correct ignore path for source

It was ignoring ""src"" folder which has been changed to ""source"" so added
source in bower ignores. Fix #455"
daneden,2015-08-26 19:00:08,https://api.github.com/repos/daneden/animate.css/git/commits/a4a9fe80811d6b3cdf848eac5e48db6aa1c76569,a4a9fe80811d6b3cdf848eac5e48db6aa1c76569,"Merge pull request #457 from mesge/feature/yui-compressor-resilience

Replaced instances of step 100% with 'to' in order to preserve consistency"
mesge,2015-08-21 02:26:35,https://api.github.com/repos/daneden/animate.css/git/commits/a479864d9d64bdbf9704090dea3a6832f3200e38,a479864d9d64bdbf9704090dea3a6832f3200e38,Replaced instances of step 100% with to to preserve consistency
daneden,2015-08-10 03:37:43,https://api.github.com/repos/daneden/animate.css/git/commits/f1ce5d863ead842422d77f46038c5e09794e1eab,f1ce5d863ead842422d77f46038c5e09794e1eab,Merge branch 'master' of github.com:daneden/animate.css
daneden,2015-08-10 03:37:32,https://api.github.com/repos/daneden/animate.css/git/commits/1366d71986ac2931a9abdb9040783132e65b2fae,1366d71986ac2931a9abdb9040783132e65b2fae,"Merge pull request #453 from klapec/packagejson-fix

package.json - version bump, add license info, fix formatting"
daneden,2015-08-10 03:36:41,https://api.github.com/repos/daneden/animate.css/git/commits/05658b298bd4a1de94b157ad58b935e6bcb66dbe,05658b298bd4a1de94b157ad58b935e6bcb66dbe,"Merge pull request #454 from procodeing/master

Update _base.css to save space"
procodeing,2015-08-09 19:32:51,https://api.github.com/repos/daneden/animate.css/git/commits/71288a82dfb502f44b28560714e75d1e17693f9f,71288a82dfb502f44b28560714e75d1e17693f9f,"Update _base.css

Just saw a little thing that could be compressed"
klapec,2015-08-09 11:23:24,https://api.github.com/repos/daneden/animate.css/git/commits/11d502c8e97dcdcaa7ae1f32e8b26e4234261dce,11d502c8e97dcdcaa7ae1f32e8b26e4234261dce,"Version bump, add license info, fix formatting

- updated version field to 3.4.0,
- added license information as requested by npm ‚Äì
npm WARN package.json animate.css@3.4.0 No license field.
- added missing spaces in the jspm section"
daneden,2015-08-06 06:45:04,https://api.github.com/repos/daneden/animate.css/git/commits/3e61b0c35c8f7083a06c4e6fecc00c3ebc852f0b,3e61b0c35c8f7083a06c4e6fecc00c3ebc852f0b,Update version
daneden,2015-08-06 06:41:43,https://api.github.com/repos/daneden/animate.css/git/commits/47fec7ae793809fbc8d169e2748ddb7c292f1575,47fec7ae793809fbc8d169e2748ddb7c292f1575,"Merge pull request #451 from mesge/feature/yui-compressor-resilience

Replace 0% keyframes with 'from' keyword"
mesge,2015-08-06 06:37:19,https://api.github.com/repos/daneden/animate.css/git/commits/a2f3019e892fb5bfed2ac3aefd64d388901f2d28,a2f3019e892fb5bfed2ac3aefd64d388901f2d28,Added compiled CSS
mesge,2015-08-06 04:22:40,https://api.github.com/repos/daneden/animate.css/git/commits/5dea852f5641a69abf41c43b1d04a57091d4f62c,5dea852f5641a69abf41c43b1d04a57091d4f62c,replaced 0% keyframes with 'from' keyword to sidestep compression issues with yui-compressor
daneden,2015-08-02 20:10:30,https://api.github.com/repos/daneden/animate.css/git/commits/caa3153dbd1de4da6cbe56ac073a17befc701457,caa3153dbd1de4da6cbe56ac073a17befc701457,Merge branch 'master' of github.com:daneden/animate.css
daneden,2015-08-02 20:03:22,https://api.github.com/repos/daneden/animate.css/git/commits/93498ecfd64a8dc08c1c0f694764f9fc45c25bde,93498ecfd64a8dc08c1c0f694764f9fc45c25bde,"Update Jello keyframes, fixes #438"
daneden,2015-08-02 19:51:24,https://api.github.com/repos/daneden/animate.css/git/commits/465cd610962f3200151ef1e4cd0b0d26ff30e498,465cd610962f3200151ef1e4cd0b0d26ff30e498,"Merge pull request #450 from ivovdgrift/patch-1

Added Github IO page link to the readme"
ivovdgrift,2015-08-01 10:23:18,https://api.github.com/repos/daneden/animate.css/git/commits/57b629fd1c44a1b2962537a4e401219727af3654,57b629fd1c44a1b2962537a4e401219727af3654,"Added Github IO page link to the readme

Added the link to the Github IO page where all the different animations can be seen to the readme."
daneden,2015-07-09 18:51:26,https://api.github.com/repos/daneden/animate.css/git/commits/2967e3bd37c32f7e5182e0a22ebed6597adab31a,2967e3bd37c32f7e5182e0a22ebed6597adab31a,"Merge pull request #439 from IIHS/master

Adding support for jspm"
peterpde,2015-07-06 14:34:17,https://api.github.com/repos/daneden/animate.css/git/commits/6ec8b661683fd40c2d74f6d77d340b0fdafc5409,6ec8b661683fd40c2d74f6d77d340b0fdafc5409,Adding support for jspm
daneden,2015-06-27 16:33:41,https://api.github.com/repos/daneden/animate.css/git/commits/c3750941a9024499621a167738c2e6b7c842f3ad,c3750941a9024499621a167738c2e6b7c842f3ad,"Merge pull request #428 from kkirsche/patch-1

Remove moot `version` property from bower.json"
kkirsche,2015-06-10 22:21:04,https://api.github.com/repos/daneden/animate.css/git/commits/f5cd5d0dd7c39009a0990fc21d91d723dca5f623,f5cd5d0dd7c39009a0990fc21d91d723dca5f623,"Remove moot `version` property from bower.json

Per bower/bower.json-spec@a325da3"
daneden,2015-05-17 02:43:35,https://api.github.com/repos/daneden/animate.css/git/commits/8e8b5f01cb18729cb8e59f75fc20e0a02514f393,8e8b5f01cb18729cb8e59f75fc20e0a02514f393,Version bump
daneden,2015-05-12 03:48:58,https://api.github.com/repos/daneden/animate.css/git/commits/9d4c59e5e5a1fbf149c13cb71a4448aba020882f,9d4c59e5e5a1fbf149c13cb71a4448aba020882f,"Merge pull request #398 from procodeing/master

""jello animation"""
procodeing,2015-05-12 01:52:25,https://api.github.com/repos/daneden/animate.css/git/commits/c18efd484a885755283f75fabdc11062e738c89c,c18efd484a885755283f75fabdc11062e738c89c,removed newline
procodeing,2015-05-12 01:51:56,https://api.github.com/repos/daneden/animate.css/git/commits/77ecda1c5a139628885c70be451fb42af1e9defc,77ecda1c5a139628885c70be451fb42af1e9defc,removed leftover rebase text
procodeing,2015-05-12 00:59:16,https://api.github.com/repos/daneden/animate.css/git/commits/bf61a466b913d281811010300edaf6d1ce0dba22,bf61a466b913d281811010300edaf6d1ce0dba22,update part 1
procodeing,2015-05-10 00:16:57,https://api.github.com/repos/daneden/animate.css/git/commits/f88424754be9d535a7cedada94d86c49fb37e9da,f88424754be9d535a7cedada94d86c49fb37e9da,fixed comment
procodeing,2015-05-09 23:46:46,https://api.github.com/repos/daneden/animate.css/git/commits/bcface8d4f5e369317ca13816e8d0187f210fe58,bcface8d4f5e369317ca13816e8d0187f210fe58,"redid jello.css 

For some reason, the comment got left out. will fix."
procodeing,2015-05-09 23:43:20,https://api.github.com/repos/daneden/animate.css/git/commits/730766406174d63555591e6f30393b5c22419ad5,730766406174d63555591e6f30393b5c22419ad5,redid jello.css
procodeing,2015-04-29 17:17:25,https://api.github.com/repos/daneden/animate.css/git/commits/b4b66864ba28a65db3ff41e08e06dffedfb156f9,b4b66864ba28a65db3ff41e08e06dffedfb156f9,Updated animate.css and min
procodeing,2015-04-29 14:57:54,https://api.github.com/repos/daneden/animate.css/git/commits/0826f3db7d669700cda70156a761b89339e87423,0826f3db7d669700cda70156a761b89339e87423,"added jello to the grunt setup and json, and changed readme"
daneden,2015-05-11 03:14:55,https://api.github.com/repos/daneden/animate.css/git/commits/09cc41f9d7a057f54185c6078dd8d72d19c1e7cb,09cc41f9d7a057f54185c6078dd8d72d19c1e7cb,"Merge pull request #397 from zvuc/master

Fix transition-timing-function to animation-timing-function"
zvuc,2015-05-11 02:01:09,https://api.github.com/repos/daneden/animate.css/git/commits/91f400a9b5bf3a284d92e96798f0d0ca48b21748,91f400a9b5bf3a284d92e96798f0d0ca48b21748,build CSS files
zvuc,2015-04-29 06:43:28,https://api.github.com/repos/daneden/animate.css/git/commits/f357146eb31629b41cc04f3f788d75c07969e2f0,f357146eb31629b41cc04f3f788d75c07969e2f0,fix transition-timing-function (2)
zvuc,2015-04-29 06:37:43,https://api.github.com/repos/daneden/animate.css/git/commits/534731f8f1e373bce52529a9e8f59e125b96db37,534731f8f1e373bce52529a9e8f59e125b96db37,fix transition-timing-functions to animation-timing-functions
daneden,2015-03-23 19:41:17,https://api.github.com/repos/daneden/animate.css/git/commits/c0abb26ee4a9d320df2ff2da4a133a9fbbe60125,c0abb26ee4a9d320df2ff2da4a133a9fbbe60125,"Merge pull request #375 from thelinuxkid/master

Use translate3d instead of translateY or translateX"
thelinuxkid,2015-03-21 00:38:01,https://api.github.com/repos/daneden/animate.css/git/commits/7be2defa15feb382d0584e327569ed54383d4a98,7be2defa15feb382d0584e327569ed54383d4a98,Use translate3d instead of translateY or translateX
daneden,2015-03-19 00:08:46,https://api.github.com/repos/daneden/animate.css/git/commits/8a50e905117db88649130e22ecc8ab582d22b5ac,8a50e905117db88649130e22ecc8ab582d22b5ac,"Drop Android 3 support, update compiled CSS"
daneden,2015-03-19 00:06:04,https://api.github.com/repos/daneden/animate.css/git/commits/2f066f8336414ae3821055381389debc16c83aef,2f066f8336414ae3821055381389debc16c83aef,Merge branch 'master' of github.com:daneden/animate.css
daneden,2015-03-19 00:05:48,https://api.github.com/repos/daneden/animate.css/git/commits/674ac4a59f1443af6b9e1f7925df6ff5aa3de1d1,674ac4a59f1443af6b9e1f7925df6ff5aa3de1d1,"Merge pull request #374 from eltonmesquita/patch-1

Updated Autoprefixer to last 2 browser versions"
eltonmesquita,2015-03-18 21:01:20,https://api.github.com/repos/daneden/animate.css/git/commits/0f56570b87744a0ef615762d2f7a21134b6ea19b,0f56570b87744a0ef615762d2f7a21134b6ea19b,Updated Autoprefixer to last 2 browser versions
daneden,2015-03-18 16:31:23,https://api.github.com/repos/daneden/animate.css/git/commits/caf2fad60502929939baa5354587d59987ecf2a0,caf2fad60502929939baa5354587d59987ecf2a0,Bump version
daneden,2015-03-18 16:28:31,https://api.github.com/repos/daneden/animate.css/git/commits/73375a830f8bfedaf4e69d834fa1a024ddd00908,73375a830f8bfedaf4e69d834fa1a024ddd00908,"Merge pull request #373 from frasern/issue-293

Fixed #293 -- animations should only run when the `animated` class is used."
frasern,2015-03-12 18:24:18,https://api.github.com/repos/daneden/animate.css/git/commits/3b7735b68979a0d74ca2302f14d456f8ff84c759,3b7735b68979a0d74ca2302f14d456f8ff84c759,Fixed #293 -- animations should only run when the `animated` class is used.
daneden,2015-03-04 23:37:58,https://api.github.com/repos/daneden/animate.css/git/commits/8f548f80a3986df93641762e4bc0be279cde3b19,8f548f80a3986df93641762e4bc0be279cde3b19,Bump version to republish Bower package
daneden,2015-03-04 23:27:11,https://api.github.com/repos/daneden/animate.css/git/commits/c60e80f7aaf9ef82d575b0eaf77205420cf7d1e4,c60e80f7aaf9ef82d575b0eaf77205420cf7d1e4,"Merge pull request #365 from jonathanong/patch-1

bower: add a missing comma"
jonathanong,2015-03-04 23:26:25,https://api.github.com/repos/daneden/animate.css/git/commits/b590759aa3ca6f63f72fd80a8aee1a3a12d04c24,b590759aa3ca6f63f72fd80a8aee1a3a12d04c24,bower: add a missing comma
daneden,2015-03-04 23:15:58,https://api.github.com/repos/daneden/animate.css/git/commits/0335d18108240b1fb1630f904c6f7a599862791f,0335d18108240b1fb1630f904c6f7a599862791f,Update Copyright notice
daneden,2015-03-04 23:15:40,https://api.github.com/repos/daneden/animate.css/git/commits/809a1cd5a7c41a7c13601389bddfdd6319e78770,809a1cd5a7c41a7c13601389bddfdd6319e78770,"Bump version, update copyright notice"
daneden,2015-03-04 23:14:30,https://api.github.com/repos/daneden/animate.css/git/commits/3482715da2f56ab16c227e4a0dbf1e63cdd29f25,3482715da2f56ab16c227e4a0dbf1e63cdd29f25,Update build of Animate.css
daneden,2015-03-04 23:12:41,https://api.github.com/repos/daneden/animate.css/git/commits/4ed27edc4f7dac512b84cc8936b74d4e7f68c974,4ed27edc4f7dac512b84cc8936b74d4e7f68c974,Merge branch 'master' of github.com:daneden/animate.css
daneden,2015-03-04 23:08:19,https://api.github.com/repos/daneden/animate.css/git/commits/b866b7b04343fd6aeddee1b0df6d4534ba2fdacc,b866b7b04343fd6aeddee1b0df6d4534ba2fdacc,"Merge pull request #296 from dereknutile/master

Animate.css is missing the 'ignore' meta entry in bower.json."
daneden,2015-02-25 01:32:33,https://api.github.com/repos/daneden/animate.css/git/commits/cf0011b298c10798d649437ef903232af65b4e10,cf0011b298c10798d649437ef903232af65b4e10,"Merge pull request #359 from jub3i/patch-1

Update README.md"
jub3i,2015-02-21 15:52:26,https://api.github.com/repos/daneden/animate.css/git/commits/93e1972fd1c0e3efa19c9c052efbd256bb4a09f9,93e1972fd1c0e3efa19c9c052efbd256bb4a09f9,"Update README.md

one word correction"
daneden,2015-02-20 23:51:36,https://api.github.com/repos/daneden/animate.css/git/commits/813a6666534a4888fef2e5322942b9adbea73ae1,813a6666534a4888fef2e5322942b9adbea73ae1,Bump bower version to 3.2.1
daneden,2015-01-26 20:09:29,https://api.github.com/repos/daneden/animate.css/git/commits/59f8215ff018b4cf1baefe13a9089fe2b4ef0837,59f8215ff018b4cf1baefe13a9089fe2b4ef0837,"Merge pull request #343 from RCooLeR/master

Update bower.json"
daneden,2015-01-22 19:45:26,https://api.github.com/repos/daneden/animate.css/git/commits/ac9162567aef4ba971829eb6bae48994dc789a79,ac9162567aef4ba971829eb6bae48994dc789a79,"Merge pull request #283 from antonellaclavero/master

Add basic example to README"
daneden,2015-01-22 19:43:25,https://api.github.com/repos/daneden/animate.css/git/commits/87e53b5ae0eb1c890775c988922148f65768c60f,87e53b5ae0eb1c890775c988922148f65768c60f,"Merge pull request #312 from wesbos/master

Added youtube tutorial"
daneden,2015-01-22 19:38:10,https://api.github.com/repos/daneden/animate.css/git/commits/9461c3f66fa6bb3fb1f12e5db42bc9a245390e54,9461c3f66fa6bb3fb1f12e5db42bc9a245390e54,"Merge pull request #336 from kentcdodds/patch-1

Adding repository field"
daneden,2015-01-22 19:37:49,https://api.github.com/repos/daneden/animate.css/git/commits/138ed67eff7f71609b3a68bc4f4f45ee0c683607,138ed67eff7f71609b3a68bc4f4f45ee0c683607,"Merge pull request #338 from rwson/master

Update bower.json"
rwson,2015-01-22 12:04:44,https://api.github.com/repos/daneden/animate.css/git/commits/7672bd096a8ec66474f1fb0960020822298cb0cf,7672bd096a8ec66474f1fb0960020822298cb0cf,Update bower.json
kentcdodds,2015-01-19 20:16:46,https://api.github.com/repos/daneden/animate.css/git/commits/0a18237ed59d17138defe4447ef652e706b5e699,0a18237ed59d17138defe4447ef652e706b5e699,"Adding repository field

So I stop seeing this in my console :-)

> npm WARN package.json animate.css@3.1.1 No repository field."
wesbos,2014-11-11 21:18:24,https://api.github.com/repos/daneden/animate.css/git/commits/f4758b5fead3601badee9ca4f343c09063c061cf,f4758b5fead3601badee9ca4f343c09063c061cf,"Added youtube tutorial

I created a tutorial on how to use Animate.css as I had many of my students asking - sharing here as it seems to be very popular and should be added to the documentation."
dereknutile,2014-09-26 15:26:12,https://api.github.com/repos/daneden/animate.css/git/commits/f35eab87fcc777c4f727e503d1861b1d238f86b3,f35eab87fcc777c4f727e503d1861b1d238f86b3,Animate.css is missing the 'ignore' meta entry in bower.json (see: http://bower.io/docs/creating-packages/) and it generates a warning when installing with bower.  I've added a simple example of the ignore entry.
antonellaclavero,2014-09-08 15:16:31,https://api.github.com/repos/daneden/animate.css/git/commits/7645a7a0486a1af7643a50e1120f957313731a11,7645a7a0486a1af7643a50e1120f957313731a11,Add basic example to README
daneden,2014-09-03 17:54:45,https://api.github.com/repos/daneden/animate.css/git/commits/a3cf3e6c88e8318b318f8f69c9468940b8aac079,a3cf3e6c88e8318b318f8f69c9468940b8aac079,"Merge pull request #280 from asleepwalker/master

Fixed wrong format of the function's caption in readme"
asleepwalker,2014-09-03 13:46:18,https://api.github.com/repos/daneden/animate.css/git/commits/e5df7f38c8a4e209baec9af84db4dc13ebd0caee,e5df7f38c8a4e209baec9af84db4dc13ebd0caee,Fixed wrong format of the function's caption in readme
daneden,2014-09-02 05:37:45,https://api.github.com/repos/daneden/animate.css/git/commits/abbd36b46b58361a32bf284e5a7cf3993c20977b,abbd36b46b58361a32bf284e5a7cf3993c20977b,"Merge pull request #263 from jonathanargentiero/master

Added sliding entrances and exits"
daneden,2014-09-02 05:37:06,https://api.github.com/repos/daneden/animate.css/git/commits/6a0b51b330632d69d42c2707080fc4c564070519,6a0b51b330632d69d42c2707080fc4c564070519,"Merge pull request #270 from colllin/patch-1

Tiny typo in animate-config.json"
daneden,2014-09-02 05:35:30,https://api.github.com/repos/daneden/animate.css/git/commits/90fe6e6da2466d9391bacb440ddfa4cd6f5bbea9,90fe6e6da2466d9391bacb440ddfa4cd6f5bbea9,"Merge pull request #273 from codex73/patch-1

Update Bower version"
codex73,2014-08-20 20:36:09,https://api.github.com/repos/daneden/animate.css/git/commits/088f3b0e1dd725e10e167cfc73cf73c78c7bb7a2,088f3b0e1dd725e10e167cfc73cf73c78c7bb7a2,"Update Bower version

As suggested on Issue # 272"
colllin,2014-08-19 17:08:20,https://api.github.com/repos/daneden/animate.css/git/commits/3532e9be5fc0c5fa9f25bf6b9b5f1ecb4e448391,3532e9be5fc0c5fa9f25bf6b9b5f1ecb4e448391,"Tiny typo in animate-config.json

The filenames are case-sensitive, right?

Found the issue because I copied all the classNames from this file so that I could apply random animations in my JS.  The `""animationend""` callbacks failed once in a while - found it was because the `lightSpeedIn` and `lightSpeedOut` didn't have the same case in this file vs. in `animate.css`, so the CSS animations were never getting triggered, thus no `""animationend""` event..  Also, looking at the Gruntfile, and the `lightSpeedIn.css` and `lightSpeedOut.css` filenames, it looks like this file needs to be corrected anyway.  Hopefully this will help people avoid the bug I created, and also improve the build script."
jonathanargentiero,2014-08-11 13:59:15,https://api.github.com/repos/daneden/animate.css/git/commits/11b8b036b2e1f76a1baf29eae1a34ceb0db96726,11b8b036b2e1f76a1baf29eae1a34ceb0db96726,"Added sliding entrances and exits

Generic slideIn/Out animations for absolute elements"
daneden,2014-08-07 15:31:16,https://api.github.com/repos/daneden/animate.css/git/commits/62c132cd907dec89b6d41c1e3cbef94a0b798a27,62c132cd907dec89b6d41c1e3cbef94a0b798a27,"Merge pull request #255 from yangshun/rotate-out-down-left

Fixed typo error in rotateOutDownLeft. Fixes #246"
yangshun,2014-07-22 17:25:20,https://api.github.com/repos/daneden/animate.css/git/commits/3465158d470141c0b1aefd0d734d829e381bacda,3465158d470141c0b1aefd0d734d829e381bacda,Fixed typo error in rotateOutDownLeft. Fixes #246
daneden,2014-07-08 18:45:26,https://api.github.com/repos/daneden/animate.css/git/commits/d1f8f11287eef3157bbe195b65f7b643b716b3bb,d1f8f11287eef3157bbe195b65f7b643b716b3bb,"Merge pull request #243 from kmiyashiro/fix-bower-version

Fix bower version"
kmiyashiro,2014-07-08 18:20:24,https://api.github.com/repos/daneden/animate.css/git/commits/24482ebb96394dc50748d7dfa17426f3d88c43f8,24482ebb96394dc50748d7dfa17426f3d88c43f8,"Fix bower version

Bump both package.json and bower.json to keep in sync"
daneden,2014-07-06 20:39:04,https://api.github.com/repos/daneden/animate.css/git/commits/09deb8e62145d6bfda2c0a7d98e2f84a50c039e1,09deb8e62145d6bfda2c0a7d98e2f84a50c039e1,Update Copyright notice
daneden,2014-07-06 20:32:34,https://api.github.com/repos/daneden/animate.css/git/commits/d63e0224858149abb4e7b5d1b11815e9533c7ba7,d63e0224858149abb4e7b5d1b11815e9533c7ba7,"More rewrites

Optimising for hardware acceleration, removing duplicate animations (slides), bumping tag"
daneden,2014-07-05 17:38:39,https://api.github.com/repos/daneden/animate.css/git/commits/0589ff5d2a35338e8169e963c010393392ff58fd,0589ff5d2a35338e8169e963c010393392ff58fd,"Merge branch 'master' of github.com:daneden/animate.css

Conflicts:
	animate.min.css"
daneden,2014-07-05 17:37:35,https://api.github.com/repos/daneden/animate.css/git/commits/9692cb980166d8b438de047c17b2cea9f3f826c4,9692cb980166d8b438de047c17b2cea9f3f826c4,Animation tweaks and improvements
daneden,2014-06-17 19:36:01,https://api.github.com/repos/daneden/animate.css/git/commits/e06d92f322d1f05c24dfe08f973d342ccf621734,e06d92f322d1f05c24dfe08f973d342ccf621734,"Merge pull request #218 from spmjs/master

Add spm support"
daneden,2014-06-12 21:23:40,https://api.github.com/repos/daneden/animate.css/git/commits/d77108e695d978fae3f2dd7d24aea297b03a411c,d77108e695d978fae3f2dd7d24aea297b03a411c,"Reduce Copyright output

Resolves #223"
daneden,2014-06-03 01:16:32,https://api.github.com/repos/daneden/animate.css/git/commits/a065578b1646d95b2f06b892ed51ca0a928de75c,a065578b1646d95b2f06b892ed51ca0a928de75c,"Merge pull request #217 from jory/flipped-flip

Flipped flip"
sorrycc,2014-05-19 05:26:49,https://api.github.com/repos/daneden/animate.css/git/commits/c6bcc7a32b985dcaeb229db1b5023fc59327610f,c6bcc7a32b985dcaeb229db1b5023fc59327610f,Add spm support
jory,2014-05-15 22:41:20,https://api.github.com/repos/daneden/animate.css/git/commits/f9d129128284e1c7cd42c57352cf86552ea67711,f9d129128284e1c7cd42c57352cf86552ea67711,Flipped flip. Fixes daneden/animate.css#214
daneden,2014-04-26 01:20:45,https://api.github.com/repos/daneden/animate.css/git/commits/292d48904a6f3d083c34f7a8fabb267039004157,292d48904a6f3d083c34f7a8fabb267039004157,"Correct slideInUp

Fixes #208"
daneden,2014-04-25 21:40:16,https://api.github.com/repos/daneden/animate.css/git/commits/b40b961765b17d602f6338a0d74244fa5a94dc77,b40b961765b17d602f6338a0d74244fa5a94dc77,"Merge pull request #187 from ofagbemi/master

Added zoom entrances and exits as per @ramatsu's request #186"
daneden,2014-04-22 14:39:59,https://api.github.com/repos/daneden/animate.css/git/commits/1d0401008b73494fcde9d606140625ac38753e5c,1d0401008b73494fcde9d606140625ac38753e5c,"Release 3.1.1

Various bugfixes, minor additions"
daneden,2014-04-18 18:34:09,https://api.github.com/repos/daneden/animate.css/git/commits/2265249ffe2d63b16025344b405282b0684e460c,2265249ffe2d63b16025344b405282b0684e460c,"Correct tag in package.json

Closes #192"
daneden,2014-04-06 21:00:02,https://api.github.com/repos/daneden/animate.css/git/commits/f13b20bbfaebd2673927c6c46097829cc01fc9a8,f13b20bbfaebd2673927c6c46097829cc01fc9a8,"Merge pull request #197 from taylorlapeyre/master

Add message to deter unnecessary issues about .one()"
taylorlapeyre,2014-04-06 19:00:20,https://api.github.com/repos/daneden/animate.css/git/commits/79e575af1d72438872bb07cc6bca9bad7d93a8ba,79e575af1d72438872bb07cc6bca9bad7d93a8ba,add message to deter uncessary issues about one
daneden,2014-04-04 01:42:10,https://api.github.com/repos/daneden/animate.css/git/commits/14d441ed60226f659b76a565512bbb44cf404090,14d441ed60226f659b76a565512bbb44cf404090,"Merge pull request #189 from brutaldesign/master

Added slideInUp animation"
brutaldesign,2014-03-30 20:59:53,https://api.github.com/repos/daneden/animate.css/git/commits/a128680883c5044b1af62436c607ab3312f81c05,a128680883c5044b1af62436c607ab3312f81c05,fixed slideInUp
daneden,2014-03-21 17:24:16,https://api.github.com/repos/daneden/animate.css/git/commits/d372431f5964ca88b8844b8de323dac39de97a32,d372431f5964ca88b8844b8de323dac39de97a32,"Merge pull request #185 from iamsteadman/master

Added slideOutDown animation"
iamsteadman,2014-03-21 14:13:07,https://api.github.com/repos/daneden/animate.css/git/commits/a1fc850ea2022d257fc19e43c30f11484019f140,a1fc850ea2022d257fc19e43c30f11484019f140,Added slideOutDown animation
daneden,2014-03-19 16:35:43,https://api.github.com/repos/daneden/animate.css/git/commits/701008f7c715665ee97d096d417015bca308ae75,701008f7c715665ee97d096d417015bca308ae75,"Merge pull request #181 from Contra/master

Add infinite animation class"
contra,2014-03-17 20:37:40,https://api.github.com/repos/daneden/animate.css/git/commits/59e04a16fcceb06a53acb333ca008e9e063406f2,59e04a16fcceb06a53acb333ca008e9e063406f2,infinite iteration sugar
daneden,2014-03-07 17:51:12,https://api.github.com/repos/daneden/animate.css/git/commits/d962a263935f2edc7838beb3201c060d7f94300a,d962a263935f2edc7838beb3201c060d7f94300a,"Merge pull request #173 from sarbbottam/master

removed undesired function invocation parenthesis"
sarbbottam,2014-03-07 17:40:08,https://api.github.com/repos/daneden/animate.css/git/commits/7224a82654701892301f8d26e10121aa1c9c8b1d,7224a82654701892301f8d26e10121aa1c9c8b1d,removed undesired function invocation parenthesis
daneden,2014-03-07 16:32:33,https://api.github.com/repos/daneden/animate.css/git/commits/09338c7304ad0e7acd211e4583803b2b7c15964c,09338c7304ad0e7acd211e4583803b2b7c15964c,"Merge pull request #165 from sarbbottam/master

Unified formatting and refactored Gruntfile.js"
daneden,2014-02-25 15:48:53,https://api.github.com/repos/daneden/animate.css/git/commits/53ac17b2a8141fb26eec91a1fca21d9e1d2ccbde,53ac17b2a8141fb26eec91a1fca21d9e1d2ccbde,NOT A TYPO
sarbbottam,2014-02-23 22:55:37,https://api.github.com/repos/daneden/animate.css/git/commits/db8e990dfc2c56df7a48022e1ec4b50dd7e33b14,db8e990dfc2c56df7a48022e1ec4b50dd7e33b14,Refactored Gruntfile.js
sarbbottam,2014-02-23 21:56:08,https://api.github.com/repos/daneden/animate.css/git/commits/0bc05a75595c9466759ffa46d9363c982f0a4453,0bc05a75595c9466759ffa46d9363c982f0a4453,"converted all the tabs into spaces

and fixed typo in the previous commit
at source/attention_seekers/swing.css"
sarbbottam,2014-02-23 20:39:02,https://api.github.com/repos/daneden/animate.css/git/commits/9310cf98ed303004d77ff7abf3761e73194540d5,9310cf98ed303004d77ff7abf3761e73194540d5,"Unified formatting across files

indent_style = space
indent_size = 2
insert_final_newline = true
each line within { } to specify single rule"
daneden,2014-02-23 19:48:07,https://api.github.com/repos/daneden/animate.css/git/commits/8897f6e799ac4aca36ee7977c4ece73682f6f246,8897f6e799ac4aca36ee7977c4ece73682f6f246,"Merge pull request #163 from sarbbottam/master

Use load-grunt-tasks, cleaned up devDependencies & added .editorconfig"
sarbbottam,2014-02-23 19:29:40,https://api.github.com/repos/daneden/animate.css/git/commits/662a8ebde5390cedb68b2e9ba84e7bd5dc94ec6b,662a8ebde5390cedb68b2e9ba84e7bd5dc94ec6b,Added .editorconfig
sarbbottam,2014-02-23 19:27:23,https://api.github.com/repos/daneden/animate.css/git/commits/973f191537e6d7f773353a0065eebc15a8db40a3,973f191537e6d7f773353a0065eebc15a8db40a3,Deleted unused devDependencies from package.json
sarbbottam,2014-02-23 19:23:52,https://api.github.com/repos/daneden/animate.css/git/commits/2b3de01f5cfbc0bdedd032bd797b4aa6a4f1fac0,2b3de01f5cfbc0bdedd032bd797b4aa6a4f1fac0,"Use load-grunt-tasks

to avoid multiple grunt.loadNpmTasks(plugin) statements"
daneden,2014-02-23 19:11:43,https://api.github.com/repos/daneden/animate.css/git/commits/0dbda0efac5cb79de91d4bd031c187076e01c23b,0dbda0efac5cb79de91d4bd031c187076e01c23b,"Switch csso out for cssmin, remove preceding period from config, update bower.json"
daneden,2014-02-14 20:44:41,https://api.github.com/repos/daneden/animate.css/git/commits/d32b3c5df99ac3448aea8f899f44f0923665a374,d32b3c5df99ac3448aea8f899f44f0923665a374,"Merge pull request #154 from mrwillis21/rubberBand

Add ‚Äúrubber band‚Äù animation."
mrwillis21,2014-02-13 21:04:59,https://api.github.com/repos/daneden/animate.css/git/commits/53f7cc8e96f00666dbc1cb93e1bd17fe87f1d6b3,53f7cc8e96f00666dbc1cb93e1bd17fe87f1d6b3,Adding rubber band animation.
daneden,2014-02-09 17:22:47,https://api.github.com/repos/daneden/animate.css/git/commits/f5ed338a584995b1b44172d5efa18f87e62c0ef9,f5ed338a584995b1b44172d5efa18f87e62c0ef9,"Merge pull request #151 from nicksahler/patch-1

Fixed bounceIn opacity bug in Chrome"
nicksahler,2014-02-08 14:08:18,https://api.github.com/repos/daneden/animate.css/git/commits/85e0ee212ba1cb37903296543f0dd01a84a1eefb,85e0ee212ba1cb37903296543f0dd01a84a1eefb,"Fixed bug in Chrome

Fixed bug in Chrome where opacity is reverted back after 50%. (If I set an object to have 0 opacity then play the animation/apply the class, the object disappears when it is complete). This does not change the animation but prevents the bug from happening."
daneden,2014-02-04 09:43:19,https://api.github.com/repos/daneden/animate.css/git/commits/f59567e4c7b07128dd4a130afd73fcb8b93cb337,f59567e4c7b07128dd4a130afd73fcb8b93cb337,"Merge pull request #148 from IonicaBizau/patch-1

sh code highlighing"
IonicaBizau,2014-02-04 07:51:08,https://api.github.com/repos/daneden/animate.css/git/commits/7a5732f3c828dc080eae004efdb0c6dbfa590c2d,7a5732f3c828dc080eae004efdb0c6dbfa590c2d,sh code highlighing
daneden,2014-01-31 14:45:20,https://api.github.com/repos/daneden/animate.css/git/commits/3a84d6c99ca58c827ba2613fb456a3eb5a2778a2,3a84d6c99ca58c827ba2613fb456a3eb5a2778a2,"Merge pull request #141 from hnrch02/json-config

Added the .json extension to .animate-config"
daneden,2014-01-31 13:45:11,https://api.github.com/repos/daneden/animate.css/git/commits/81815e25f5b623fb337abb54fae55ef51a654a08,81815e25f5b623fb337abb54fae55ef51a654a08,"Fix #127 on the right branch, dummy."
hnrch02,2013-12-25 16:51:08,https://api.github.com/repos/daneden/animate.css/git/commits/ddfed810b2173986e4fafc77c01cdd22b4994297,ddfed810b2173986e4fafc77c01cdd22b4994297,"Added the .json extension to .animate-config

For the sake of syntax highlighting, as the content of .animate-config is valid JSON."
daneden,2013-12-06 20:32:54,https://api.github.com/repos/daneden/animate.css/git/commits/bb2c830e0817449cccde36a4caf0daeb23ceafa9,bb2c830e0817449cccde36a4caf0daeb23ceafa9,"Merge pull request #133 from RadLikeWhoa/master

Fix indentation in config file"
RadLikeWhoa,2013-12-05 08:29:14,https://api.github.com/repos/daneden/animate.css/git/commits/891005cbdbd43e7d0dfa87f699659138d5f3dce1,891005cbdbd43e7d0dfa87f699659138d5f3dce1,"Fix indentation in config file

A mix of tabs and spaces was used, now the config file is indented using spaces only."
daneden,2013-11-29 04:07:13,https://api.github.com/repos/daneden/animate.css/git/commits/aef66f57520470f5d47c90da902499403b95c95e,aef66f57520470f5d47c90da902499403b95c95e,"Merge pull request #125 from jeffxmn/master

Fix rotateOutUpLeft"
daneden,2013-11-26 02:54:40,https://api.github.com/repos/daneden/animate.css/git/commits/b98a8d8b6c385cc5bcabbbcb62e85f1c8e244a45,b98a8d8b6c385cc5bcabbbcb62e85f1c8e244a45,"Merge pull request #120 from tomByrer/patch-1

fix rotateOutUpLeft.css"
tomByrer,2013-11-25 04:02:24,https://api.github.com/repos/daneden/animate.css/git/commits/35d920dfc0f8f7183e07f6704812abf63bb532bf,35d920dfc0f8f7183e07f6704812abf63bb532bf,"fix rotateOutUpLeft.css

two too many -
:)"
daneden,2013-11-23 21:49:42,https://api.github.com/repos/daneden/animate.css/git/commits/38297780019c916da14bf058b26a9f8f84636c06,38297780019c916da14bf058b26a9f8f84636c06,"Merge branch 'v3'

Conflicts:
	bower.json"
daneden,2013-11-23 21:47:23,https://api.github.com/repos/daneden/animate.css/git/commits/dff710e9b36b49fde83c5e7acb739e841bdf13c1,dff710e9b36b49fde83c5e7acb739e841bdf13c1,"Update Readme with extra jQuery info, build info"
daneden,2013-11-23 21:24:22,https://api.github.com/repos/daneden/animate.css/git/commits/79c9fb741bb5e3667ceebf00375f24de09a6e3d8,79c9fb741bb5e3667ceebf00375f24de09a6e3d8,Implement @RadLikeWhoa‚Äôs build script
daneden,2013-11-11 23:32:40,https://api.github.com/repos/daneden/animate.css/git/commits/25448e347cb27e2d0b5ac52ad6f218ff53a1c35f,25448e347cb27e2d0b5ac52ad6f218ff53a1c35f,"Big update. Better file organisation, prefix dropping, workflow improvements."
daneden,2013-11-09 01:00:43,https://api.github.com/repos/daneden/animate.css/git/commits/f7418f2a1cc76f2c19a2e55bf1997589ac33074e,f7418f2a1cc76f2c19a2e55bf1997589ac33074e,Update bower.json to reflect new tag
daneden,2013-09-11 22:03:32,https://api.github.com/repos/daneden/animate.css/git/commits/23ba4fe9c1838f9b43ebccc78cb37c5402bb132a,23ba4fe9c1838f9b43ebccc78cb37c5402bb132a,Add Slide animations to main and minified css files
daneden,2013-09-11 21:57:18,https://api.github.com/repos/daneden/animate.css/git/commits/f0461189bf64937c950e8c35b138d52e16ff952c,f0461189bf64937c950e8c35b138d52e16ff952c,"Merge pull request #103 from loganbfisher/add_slide_animations

Added slide animations to the source.  Good for using with mobile navigational menus."
daneden,2013-09-11 19:57:16,https://api.github.com/repos/daneden/animate.css/git/commits/cf746eecc5f41f6deb1b8d31fe9a5646b0d5f75b,cf746eecc5f41f6deb1b8d31fe9a5646b0d5f75b,Update readme with contribution guidelines.
loganbfisher,2013-09-11 18:19:14,https://api.github.com/repos/daneden/animate.css/git/commits/8203ee16f6390874e8787f50cffddf64f9cd0d67,8203ee16f6390874e8787f50cffddf64f9cd0d67,deleting unused files
loganbfisher,2013-09-11 18:13:15,https://api.github.com/repos/daneden/animate.css/git/commits/915f8f61325c4c126869a52784f2a5768858d082,915f8f61325c4c126869a52784f2a5768858d082,Added slide options to source.  Helpful for using with mobile navigational menus.
daneden,2013-08-22 20:52:45,https://api.github.com/repos/daneden/animate.css/git/commits/6c6912da12db3b5011c60cb54327c5b1dfcd42d7,6c6912da12db3b5011c60cb54327c5b1dfcd42d7,Remove wiggle from readme. Resolves #101
daneden,2013-08-16 14:39:22,https://api.github.com/repos/daneden/animate.css/git/commits/69085bb358dbce28189ec17d4e6bdaacd4309679,69085bb358dbce28189ec17d4e6bdaacd4309679,Update bower.json to reflect tag version
daneden,2013-08-15 21:38:14,https://api.github.com/repos/daneden/animate.css/git/commits/98a17f2adbe06c2a9c7cb6d3cd41595359331747,98a17f2adbe06c2a9c7cb6d3cd41595359331747,Delete wiggle.css
daneden,2013-08-15 21:37:56,https://api.github.com/repos/daneden/animate.css/git/commits/ce4bd8c984a0b6091cd206f541f36271b14ee79b,ce4bd8c984a0b6091cd206f541f36271b14ee79b,Update animate.min.css
daneden,2013-08-15 21:37:36,https://api.github.com/repos/daneden/animate.css/git/commits/96b8c915fdc0eea069ea7d6e296482500ad9a899,96b8c915fdc0eea069ea7d6e296482500ad9a899,"Remove ""wiggle""

Sorry to say, ""wiggle"" never really passed quality control for me."
daneden,2013-08-15 21:29:40,https://api.github.com/repos/daneden/animate.css/git/commits/6f860d9aa33938e07a672d43d41799ae6c0c8a5b,6f860d9aa33938e07a672d43d41799ae6c0c8a5b,Update flip.css
daneden,2013-08-15 21:28:32,https://api.github.com/repos/daneden/animate.css/git/commits/ddca902f92a8cfdf395210cc03f76fb325063185,ddca902f92a8cfdf395210cc03f76fb325063185,Update animate.min.css
daneden,2013-08-15 21:11:43,https://api.github.com/repos/daneden/animate.css/git/commits/84823516659a787f8fb972982f4097b601cc690e,84823516659a787f8fb972982f4097b601cc690e,"Merge pull request #95 from gpetrov/master

Fixed Flip in latest Chrome, FF and IE"
gpetrov,2013-08-15 11:15:32,https://api.github.com/repos/daneden/animate.css/git/commits/baff813261ce030b96d6e689c6ddee1fd585de9d,baff813261ce030b96d6e689c6ddee1fd585de9d,"Fixed Flip in latest Chrome, FF and IE

Fixed the Flip gliches in Chrome, but also improved it for the latest FF
and IE

Issue #80 is solved"
daneden,2013-08-12 13:41:26,https://api.github.com/repos/daneden/animate.css/git/commits/f467a4609474a8c470abb872761fccc54176d712,f467a4609474a8c470abb872761fccc54176d712,"Safely minify Animate.css

The previous minification stripped the % signs from the initial keyframes. Sorry this went unnoticed for so long. All should be working now."
daneden,2013-07-20 18:51:45,https://api.github.com/repos/daneden/animate.css/git/commits/686cebf30ed60433ee4ed0b32535a1b5d46bd95d,686cebf30ed60433ee4ed0b32535a1b5d46bd95d,"Merge pull request #87 from ilovecoffee/master

Add bower.json file to make the plugin bower compatible"
daneden,2013-07-20 18:51:32,https://api.github.com/repos/daneden/animate.css/git/commits/6f024eb1d72f0dd84cb495ab35e4f4b49b26f441,6f024eb1d72f0dd84cb495ab35e4f4b49b26f441,"Merge pull request #88 from mintbird/master

Fix: animation started even no animated class"
daneden,2013-04-09 10:46:55,https://api.github.com/repos/daneden/animate.css/git/commits/8429a2d0d7b88200f000986c0f6b02522ba4a4a4,8429a2d0d7b88200f000986c0f6b02522ba4a4a4,Update source file for fadeInDown
daneden,2013-03-12 13:00:35,https://api.github.com/repos/daneden/animate.css/git/commits/a6ee6387151c4a8b9cf2909de9cb20797e4836c3,a6ee6387151c4a8b9cf2909de9cb20797e4836c3,"Update license to MIT

I need a lawyer to explain all this stuff to me. Got a couple of emails
saying MIT would be better for their needs. Following blindly. Sorry
for all the changes."
daneden,2013-03-06 17:40:20,https://api.github.com/repos/daneden/animate.css/git/commits/612770cb13b99686b323dca74bbbbc964ff03c5a,612770cb13b99686b323dca74bbbbc964ff03c5a,"I have no idea what just happened

I blame the github.com code editor."
daneden,2013-03-06 17:39:30,https://api.github.com/repos/daneden/animate.css/git/commits/87044358031421ca0aa0a8fbd700ce6cd9641c56,87044358031421ca0aa0a8fbd700ce6cd9641c56,"Update license

GPL is more ""lawyery"""
daneden,2013-03-06 17:34:20,https://api.github.com/repos/daneden/animate.css/git/commits/df1227b8182c930f9a93dc4f1d38a5b371af85df,df1227b8182c930f9a93dc4f1d38a5b371af85df,Update license in Readme
daneden,2013-01-07 16:45:57,https://api.github.com/repos/daneden/animate.css/git/commits/0468b1eac43b525aa3dce8b513ebd80c63f4da16,0468b1eac43b525aa3dce8b513ebd80c63f4da16,"Add Ruby gem link as discussed in #56

Should add more resources to this section; perhaps even a wiki?"
daneden,2012-10-23 11:54:26,https://api.github.com/repos/daneden/animate.css/git/commits/bf156e38a3b4a6e5e2889c601416b1fd9ab0fc6b,bf156e38a3b4a6e5e2889c601416b1fd9ab0fc6b,"Merge pull request #52 from tzi/master

BugFix on rotateOutUpLeft keyframes without vendor prefix"
tzi,2012-10-21 19:08:38,https://api.github.com/repos/daneden/animate.css/git/commits/30f4836856fa9c4e0ac93d1ea3301e337e9e2e17,30f4836856fa9c4e0ac93d1ea3301e337e9e2e17,BugFix on rotateOutUpLeft keyframes without vendor prefix
tzi,2012-10-21 19:02:00,https://api.github.com/repos/daneden/animate.css/git/commits/305ed52cdacb6e278185e403b87103f328cca7a8,305ed52cdacb6e278185e403b87103f328cca7a8,BugFix on rotateOutUpLeft keyframes without vendor prefix
daneden,2012-10-02 17:43:43,https://api.github.com/repos/daneden/animate.css/git/commits/2bdc04f58f6c4464cefd8884e0f44013448841b3,2bdc04f58f6c4464cefd8884e0f44013448841b3,Update minified file
daneden,2012-10-02 17:25:13,https://api.github.com/repos/daneden/animate.css/git/commits/ebb8a1472a7bab066ad6148bb60594bec5f0159d,ebb8a1472a7bab066ad6148bb60594bec5f0159d,"Merge pull request #40 from jeremyricketts/master

Address Chrome text rendering issue"
daneden,2012-10-02 16:57:12,https://api.github.com/repos/daneden/animate.css/git/commits/64b2505da4197e1ebdca0e2c56613007c04493eb,64b2505da4197e1ebdca0e2c56613007c04493eb,"Merge pull request #51 from danrodney/mountain-lion-safari-fix

Add note about Safari 6 bug"
daneden,2012-10-02 16:53:54,https://api.github.com/repos/daneden/animate.css/git/commits/38bc201276be43b6c8fc370aaf9800874d1337f4,38bc201276be43b6c8fc370aaf9800874d1337f4,"Merge pull request #49 from aziz/master

Change Readme syntax highlighting to javascript"
danrodney,2012-09-14 18:22:11,https://api.github.com/repos/daneden/animate.css/git/commits/ccd68d735f59a84d37f9b9c629df1170d615ad67,ccd68d735f59a84d37f9b9c629df1170d615ad67,Fix formatting
danrodney,2012-09-14 18:18:10,https://api.github.com/repos/daneden/animate.css/git/commits/7a91caa3b259c7501cb2107ad2a4a420966d31d6,7a91caa3b259c7501cb2107ad2a4a420966d31d6,Add note for Mountain Lion Safari bug fix in Readme
aziz,2012-09-13 18:23:26,https://api.github.com/repos/daneden/animate.css/git/commits/cdc888022ba08f169ea49631709bfec12ecc3d9f,cdc888022ba08f169ea49631709bfec12ecc3d9f,"changes syntax highlighting code to javascript

jquery is not detected in syntax highlighting"
daneden,2012-09-13 15:43:41,https://api.github.com/repos/daneden/animate.css/git/commits/9e26fd7eb38c3d7b1476b2a72120995f70db7cfc,9e26fd7eb38c3d7b1476b2a72120995f70db7cfc,Update syntax highlighting for Readme
jeremyricketts,2012-07-21 17:01:08,https://api.github.com/repos/daneden/animate.css/git/commits/9423240c924b14423bcb4d7536f21089345f3c6d,9423240c924b14423bcb4d7536f21089345f3c6d,Closes #39. Note this does NOT include a replacement for animate.min.css. I was not sure which minifier you use and didn't want to mess it up.
daneden,2012-07-20 12:01:39,https://api.github.com/repos/daneden/animate.css/git/commits/cb62ae3f3e32eb1837f84c6457f2c654f2177ece,cb62ae3f3e32eb1837f84c6457f2c654f2177ece,"Merge pull request #38 from jeremyricketts/master

Cheat sheet added"
jeremyricketts,2012-07-20 06:57:12,https://api.github.com/repos/daneden/animate.css/git/commits/59e3a5535808d8176ec7dddb3a77a7204612c49f,59e3a5535808d8176ec7dddb3a77a7204612c49f,Added a cheat sheet to the readme. Kinda silly but I found it useful. At least it's easy to copy/paste this to wherever the user wants it.
daneden,2012-07-09 11:21:34,https://api.github.com/repos/daneden/animate.css/git/commits/10f793875a9220552604d03482c549fb62126a99,10f793875a9220552604d03482c549fb62126a99,Update the license
daneden,2012-07-09 11:02:13,https://api.github.com/repos/daneden/animate.css/git/commits/40f10344051ae7b23248646881ccd94b118b3655,40f10344051ae7b23248646881ccd94b118b3655,Rename bounceOutDown
daneden,2012-07-09 11:01:50,https://api.github.com/repos/daneden/animate.css/git/commits/b3fae9fe00ead1795e898bb6d9aef3768d5d162d,b3fae9fe00ead1795e898bb6d9aef3768d5d162d,"Remove -ms- prefixes

Since IE10 dropped the animation, transform, and transition prefixes,
and no stable release was made with them, we can safely drop the
prefixes, too. Cutting a good 20% off the file sizes!"
daneden,2012-06-11 13:49:35,https://api.github.com/repos/daneden/animate.css/git/commits/13e1439055acaa2f7accb8d8aeb7adf27c1edf94,13e1439055acaa2f7accb8d8aeb7adf27c1edf94,Add minified version - resolves #32
daneden,2012-05-19 13:40:28,https://api.github.com/repos/daneden/animate.css/git/commits/5c1cfb260fc0ea43421efe6effdb5d75819d54cb,5c1cfb260fc0ea43421efe6effdb5d75819d54cb,"Merge pull request #29 from angelorohit/master

Added new animations lightSpeedIn, lightSpeedOut, wiggle"
daneden,2012-05-19 02:06:54,https://api.github.com/repos/daneden/animate.css/git/commits/be2e0d66435b1c9563495b6cff53a475beab1e3d,be2e0d66435b1c9563495b6cff53a475beab1e3d,"Merge pull request #28 from elstgav/master

Added missing Opera keyframes to BounceOutDown"
elstgav,2012-05-18 22:43:58,https://api.github.com/repos/daneden/animate.css/git/commits/db00a368ba84359cd96e70ec4ecdb7ccbc658627,db00a368ba84359cd96e70ec4ecdb7ccbc658627,"Added Missing Opera Animation

bounceOutDown was missing Opera keyframes"
angelorohit,2012-05-12 09:25:49,https://api.github.com/repos/daneden/animate.css/git/commits/a7f45ca7bd1acbf281c896782c850094b95fa750,a7f45ca7bd1acbf281c896782c850094b95fa750,"MODIFIED: Renamed vibrate to wiggle

Signed-off-by: angelorohit <angelorohit@gmail.com>"
angelorohit,2012-05-10 15:14:08,https://api.github.com/repos/daneden/animate.css/git/commits/2984b7c050547a67670cbd1affaeaedb1b856ceb,2984b7c050547a67670cbd1affaeaedb1b856ceb,"ADDED: vibrate animation.

Signed-off-by: angelorohit <angelorohit@gmail.com>"
angelorohit,2012-05-10 14:00:56,https://api.github.com/repos/daneden/animate.css/git/commits/fe9fdb7958782862755722045b1c8d5e26b2c1f9,fe9fdb7958782862755722045b1c8d5e26b2c1f9,"ADDED: lightSpeedIn and lightSpeedOut animations.

Signed-off-by: angelorohit <angelorohit@gmail.com>"
daneden,2012-05-02 05:36:56,https://api.github.com/repos/daneden/animate.css/git/commits/eb1ff9f94dfe61cb8fc144639e6d8ffd6849120d,eb1ff9f94dfe61cb8fc144639e6d8ffd6849120d,"Update the license. It's 2012 now, fool!"
daneden,2012-05-02 05:35:44,https://api.github.com/repos/daneden/animate.css/git/commits/f91ff869ded384a5dbcba72c50d2e2b333fac89f,f91ff869ded384a5dbcba72c50d2e2b333fac89f,Remove body's 3D transform. Resolves #26. We need to find another method of turning on 3D acceleration.
daneden,2012-04-19 05:35:31,https://api.github.com/repos/daneden/animate.css/git/commits/e5f41a9b89ab0d8946dfa39308c6dcd00c7d5f6e,e5f41a9b89ab0d8946dfa39308c6dcd00c7d5f6e,"Alright, alright. Add hardware acceleration."
daneden,2012-03-24 17:59:47,https://api.github.com/repos/daneden/animate.css/git/commits/5055705253814d15dff068c83bce887e325742f9,5055705253814d15dff068c83bce887e325742f9,Update license
daneden,2012-02-29 12:16:07,https://api.github.com/repos/daneden/animate.css/git/commits/6a12bed41037f66fa0bd131bf414cccd58d4a010,6a12bed41037f66fa0bd131bf414cccd58d4a010,"Fix timing-function issue. Default value is 'ease' anyway, so '-prefix-animation: 1s ease;' changed to '-prefix-animation-duration: 1s'"
daneden,2011-12-21 08:41:10,https://api.github.com/repos/daneden/animate.css/git/commits/480ce0baa256f39b8c50ef8bc50ee7ed29a073cb,480ce0baa256f39b8c50ef8bc50ee7ed29a073cb,Fix the code block (I hope)
daneden,2011-12-15 23:13:59,https://api.github.com/repos/daneden/animate.css/git/commits/7623d9629d7a368489a92ec3a129c1716962ec4b,7623d9629d7a368489a92ec3a129c1716962ec4b,Add License
daneden,2011-12-14 10:14:22,https://api.github.com/repos/daneden/animate.css/git/commits/a7d5f01b06a8ca71d5dabd0218ddf6a29ccdd85b,a7d5f01b06a8ca71d5dabd0218ddf6a29ccdd85b,New readme
daneden,2011-12-08 14:50:20,https://api.github.com/repos/daneden/animate.css/git/commits/dbce97abfef3614848583f3883600d4b97da125b,dbce97abfef3614848583f3883600d4b97da125b,Add default animation fill mode
daneden,2011-11-01 12:40:28,https://api.github.com/repos/daneden/animate.css/git/commits/63bd2ea92c29a65799adaed19a6975fb26a899a9,63bd2ea92c29a65799adaed19a6975fb26a899a9,Merge branch 'master' of github.com:daneden/animate.css
daneden,2011-11-01 12:39:53,https://api.github.com/repos/daneden/animate.css/git/commits/60ea73460691199b3e0f923785129d5089ff8d9b,60ea73460691199b3e0f923785129d5089ff8d9b,Add flip animations
daneden,2011-11-01 12:39:27,https://api.github.com/repos/daneden/animate.css/git/commits/0b7b84d4709553f20873913cede92620710b2ba7,0b7b84d4709553f20873913cede92620710b2ba7,Add flip animations
daneden,2011-10-31 16:18:35,https://api.github.com/repos/daneden/animate.css/git/commits/f69eca9abede90c338abc3881c44cf9e20963f52,f69eca9abede90c338abc3881c44cf9e20963f52,"Removed iOS optimisation. Caused layout problems, iOS5+ devices will use hardware acceleration by default anyway."
daneden,2011-10-21 10:47:42,https://api.github.com/repos/daneden/animate.css/git/commits/791c7dbfa542a9d45a47455d13c9ba62d3c3801f,791c7dbfa542a9d45a47455d13c9ba62d3c3801f,Update to latest build
daneden,2011-10-21 10:46:27,https://api.github.com/repos/daneden/animate.css/git/commits/0ce4a4066f0dc708b45c6b96120a794768699923,0ce4a4066f0dc708b45c6b96120a794768699923,Add transform-origin to correct swing
daneden,2011-10-21 10:41:44,https://api.github.com/repos/daneden/animate.css/git/commits/cdca2d0f63b5ca07abfd349e57fb807feace9de3,cdca2d0f63b5ca07abfd349e57fb807feace9de3,Fixing broken hinge. Ironically.
daneden,2011-10-21 07:48:48,https://api.github.com/repos/daneden/animate.css/git/commits/5933841dd30bc9b01b2f5c72315b92785cebb51b,5933841dd30bc9b01b2f5c72315b92785cebb51b,"Add opera support, add iOS optimization with `-webkit-transform: translateZ(0);` (thanks @acalzadilla)"
daneden,2011-10-21 07:44:59,https://api.github.com/repos/daneden/animate.css/git/commits/0302a856293ed6e1e8da87c9771deea6fe87f593,0302a856293ed6e1e8da87c9771deea6fe87f593,Add opera support
daneden,2011-10-21 07:44:15,https://api.github.com/repos/daneden/animate.css/git/commits/94a8fe48e987efc87ce60462f487c1eaf8adbcab,94a8fe48e987efc87ce60462f487c1eaf8adbcab,Add opera support
daneden,2011-10-21 07:43:42,https://api.github.com/repos/daneden/animate.css/git/commits/1cb5ee5e5bc769bd6d3e7800fac33979130b1031,1cb5ee5e5bc769bd6d3e7800fac33979130b1031,"Add opera support, fix accidental -webkit- declaration in -ms-keyframes"
daneden,2011-10-21 07:42:39,https://api.github.com/repos/daneden/animate.css/git/commits/a14ee16a53e1a7b3d2689c2c525055e9bd7a758a,a14ee16a53e1a7b3d2689c2c525055e9bd7a758a,Add opera support
daneden,2011-10-21 07:42:12,https://api.github.com/repos/daneden/animate.css/git/commits/1cb41cb69a7ecc01960491d128e1511a37b89760,1cb41cb69a7ecc01960491d128e1511a37b89760,Add opera support
daneden,2011-10-21 07:41:43,https://api.github.com/repos/daneden/animate.css/git/commits/d77007f35c836806aec46e06fcc4b62671f86131,d77007f35c836806aec46e06fcc4b62671f86131,Add opera support
daneden,2011-10-21 07:41:10,https://api.github.com/repos/daneden/animate.css/git/commits/1011baa5361dae9cf03b4db87b6d8cdac96a54ce,1011baa5361dae9cf03b4db87b6d8cdac96a54ce,Add opera support
daneden,2011-10-21 07:40:39,https://api.github.com/repos/daneden/animate.css/git/commits/5459d91c416eee5a54d229a6b2d73d58daf1c7f2,5459d91c416eee5a54d229a6b2d73d58daf1c7f2,Add opera support
daneden,2011-10-21 07:40:11,https://api.github.com/repos/daneden/animate.css/git/commits/969efa017abc52d4c7cee5b5af50c5039deb605d,969efa017abc52d4c7cee5b5af50c5039deb605d,Add opera support
daneden,2011-10-21 07:39:41,https://api.github.com/repos/daneden/animate.css/git/commits/c9cc6502b31ba2944aeae49690d9084ade8bbe7e,c9cc6502b31ba2944aeae49690d9084ade8bbe7e,Add opera support
daneden,2011-10-21 07:39:12,https://api.github.com/repos/daneden/animate.css/git/commits/7eda8e5d536ac206b13da2f8bfee32bbf99d67ee,7eda8e5d536ac206b13da2f8bfee32bbf99d67ee,Add opera support
daneden,2011-10-21 07:38:38,https://api.github.com/repos/daneden/animate.css/git/commits/74faaabbe012f7cd1835dd98a4a1d6765df6ba3e,74faaabbe012f7cd1835dd98a4a1d6765df6ba3e,Add opera support
daneden,2011-10-21 07:38:05,https://api.github.com/repos/daneden/animate.css/git/commits/11ffec02e8c0d5fc15da10cf6ff716db766e34c4,11ffec02e8c0d5fc15da10cf6ff716db766e34c4,Add opera support
daneden,2011-10-21 07:37:31,https://api.github.com/repos/daneden/animate.css/git/commits/87ab12e1b232e5aba19882224d464f654c72f76a,87ab12e1b232e5aba19882224d464f654c72f76a,Add opera support
daneden,2011-10-21 07:37:01,https://api.github.com/repos/daneden/animate.css/git/commits/b07f05a748ff146bf9a1ab7b21d2ee4ddf21e5fb,b07f05a748ff146bf9a1ab7b21d2ee4ddf21e5fb,Add opera support
daneden,2011-10-21 07:36:21,https://api.github.com/repos/daneden/animate.css/git/commits/5341ba4d272b975059a40acdc6406a5cf581d35c,5341ba4d272b975059a40acdc6406a5cf581d35c,Add opera class
daneden,2011-10-21 07:36:03,https://api.github.com/repos/daneden/animate.css/git/commits/28163bc7cc5b147922e4d9fff9a5ece3910f7194,28163bc7cc5b147922e4d9fff9a5ece3910f7194,Add opera support
daneden,2011-10-21 07:35:42,https://api.github.com/repos/daneden/animate.css/git/commits/f81439e31972119288e24e7f13a6b2cb8e714698,f81439e31972119288e24e7f13a6b2cb8e714698,Add opera support
daneden,2011-10-21 07:35:15,https://api.github.com/repos/daneden/animate.css/git/commits/976011c2e40f2dd86ff0431b3a40865544d8d33b,976011c2e40f2dd86ff0431b3a40865544d8d33b,Add opera class
daneden,2011-10-21 07:34:54,https://api.github.com/repos/daneden/animate.css/git/commits/bc4a6d8b0faa253bdd0647d6d690a4c691e0a7d2,bc4a6d8b0faa253bdd0647d6d690a4c691e0a7d2,Add opera support
daneden,2011-10-20 19:26:13,https://api.github.com/repos/daneden/animate.css/git/commits/99e4bc5c91a2c5431a2ccc768fca43faaada6689,99e4bc5c91a2c5431a2ccc768fca43faaada6689,"Merge pull request #14 from suissa/master

Add opera support"
suissa,2011-10-20 19:24:54,https://api.github.com/repos/daneden/animate.css/git/commits/c81d2c321da01af7b9e435b18b281c002f967c3a,c81d2c321da01af7b9e435b18b281c002f967c3a,add opera support
suissa,2011-10-20 19:23:17,https://api.github.com/repos/daneden/animate.css/git/commits/0e12b1cb9372cbae2bda59e4cd9759fce3f64536,0e12b1cb9372cbae2bda59e4cd9759fce3f64536,add opera support
suissa,2011-10-20 19:22:30,https://api.github.com/repos/daneden/animate.css/git/commits/3d4f7d98f5495a64d0e3932634f8f8e38f53f9da,3d4f7d98f5495a64d0e3932634f8f8e38f53f9da,add opera support
suissa,2011-10-20 19:21:16,https://api.github.com/repos/daneden/animate.css/git/commits/eea980f83d6a20dbfd1397add4b8d04274356be3,eea980f83d6a20dbfd1397add4b8d04274356be3,add opera support
suissa,2011-10-20 19:20:30,https://api.github.com/repos/daneden/animate.css/git/commits/9738cc6402006ff0264411707511e917d4ed660d,9738cc6402006ff0264411707511e917d4ed660d,add in class
suissa,2011-10-20 19:19:54,https://api.github.com/repos/daneden/animate.css/git/commits/4aa892098e114986ab31ab018933fa76f015a9cb,4aa892098e114986ab31ab018933fa76f015a9cb,add opera support
suissa,2011-10-20 19:18:51,https://api.github.com/repos/daneden/animate.css/git/commits/480edb81ac11db3fc775740edb8ac319b1ddaa96,480edb81ac11db3fc775740edb8ac319b1ddaa96,add opera support
suissa,2011-10-20 19:16:58,https://api.github.com/repos/daneden/animate.css/git/commits/e5a833b657add04b37a62bda2d6046a630dc3841,e5a833b657add04b37a62bda2d6046a630dc3841,add opera support
suissa,2011-10-20 19:16:20,https://api.github.com/repos/daneden/animate.css/git/commits/0f36083c40da00265a51b636fbef703a36c0c553,0f36083c40da00265a51b636fbef703a36c0c553,add opera support
suissa,2011-10-20 19:15:08,https://api.github.com/repos/daneden/animate.css/git/commits/891b2cf981b54a289095493a97e23f6681316de1,891b2cf981b54a289095493a97e23f6681316de1,add opera support
suissa,2011-10-20 19:14:38,https://api.github.com/repos/daneden/animate.css/git/commits/d24a581c3980b21e9a6e60e87f5b2ec81dd145cf,d24a581c3980b21e9a6e60e87f5b2ec81dd145cf,add opera support
suissa,2011-10-20 19:13:03,https://api.github.com/repos/daneden/animate.css/git/commits/a42eda01eaabdd465d5e6f5a2e4c480f1cc0b60f,a42eda01eaabdd465d5e6f5a2e4c480f1cc0b60f,add opera support
suissa,2011-10-20 19:12:25,https://api.github.com/repos/daneden/animate.css/git/commits/a5ac2688bd2c262bb40aa96c0391b6843372afc1,a5ac2688bd2c262bb40aa96c0391b6843372afc1,add in class
suissa,2011-10-20 19:11:02,https://api.github.com/repos/daneden/animate.css/git/commits/7deda693f784936b58ec2ce5e3b386e7f8052fb4,7deda693f784936b58ec2ce5e3b386e7f8052fb4,add opera support
suissa,2011-10-20 19:10:31,https://api.github.com/repos/daneden/animate.css/git/commits/640f132020a7b955f8f4ecfa27356368daf12944,640f132020a7b955f8f4ecfa27356368daf12944,add opera support
suissa,2011-10-20 19:09:56,https://api.github.com/repos/daneden/animate.css/git/commits/039dc7438865930b67270cf6fd8befa2af3ed882,039dc7438865930b67270cf6fd8befa2af3ed882,add opera support
suissa,2011-10-20 19:05:49,https://api.github.com/repos/daneden/animate.css/git/commits/6107e98bd698f1f9cfe4779d9b2c7b9b27355f64,6107e98bd698f1f9cfe4779d9b2c7b9b27355f64,add opera support
suissa,2011-10-20 19:04:59,https://api.github.com/repos/daneden/animate.css/git/commits/f24276748756abd87853c47c32494fe28c58b19d,f24276748756abd87853c47c32494fe28c58b19d,add opera support
suissa,2011-10-20 19:04:11,https://api.github.com/repos/daneden/animate.css/git/commits/6a133d5475e99b6dedecdcd840a9eccdd7ef4cc9,6a133d5475e99b6dedecdcd840a9eccdd7ef4cc9,add opera support
suissa,2011-10-20 19:03:39,https://api.github.com/repos/daneden/animate.css/git/commits/013cebf3814abcef3eeb7ced9374b416a839c0f8,013cebf3814abcef3eeb7ced9374b416a839c0f8,add opera support
suissa,2011-10-20 19:02:36,https://api.github.com/repos/daneden/animate.css/git/commits/4981bf7ee0060a8f4ae20899a1492554c707667b,4981bf7ee0060a8f4ae20899a1492554c707667b,Add opera support
suissa,2011-10-20 18:59:39,https://api.github.com/repos/daneden/animate.css/git/commits/d35f1d7a4f7bbe29130f73be9fc200021472bc15,d35f1d7a4f7bbe29130f73be9fc200021472bc15,add opera support
suissa,2011-10-20 18:58:52,https://api.github.com/repos/daneden/animate.css/git/commits/bbc35ee74b173d460b3e7441004c31ec51b76198,bbc35ee74b173d460b3e7441004c31ec51b76198,add in class
suissa,2011-10-20 18:58:23,https://api.github.com/repos/daneden/animate.css/git/commits/cdecf0aff9398a0d0ad5ef0fceb298cc313dafcc,cdecf0aff9398a0d0ad5ef0fceb298cc313dafcc,Add in class
suissa,2011-10-20 18:57:58,https://api.github.com/repos/daneden/animate.css/git/commits/97526f8ed439e6f1642eb62359f9af025b84c4b6,97526f8ed439e6f1642eb62359f9af025b84c4b6,add in class
suissa,2011-10-20 18:53:42,https://api.github.com/repos/daneden/animate.css/git/commits/3929952a486aabb9deeeb375cf9d526e73284dd4,3929952a486aabb9deeeb375cf9d526e73284dd4,Add in class
suissa,2011-10-20 18:40:27,https://api.github.com/repos/daneden/animate.css/git/commits/978575cf9c5e0b6a06a77db931163cd1168ff18d,978575cf9c5e0b6a06a77db931163cd1168ff18d,Add in class
suissa,2011-10-20 18:39:31,https://api.github.com/repos/daneden/animate.css/git/commits/bd9e726741eabe9230f5e690aebd591c0dc95ba6,bd9e726741eabe9230f5e690aebd591c0dc95ba6,Add in class
suissa,2011-10-20 18:38:54,https://api.github.com/repos/daneden/animate.css/git/commits/14baa928e1f9cb790fc0e815b63c9623d595af83,14baa928e1f9cb790fc0e815b63c9623d595af83,Add in class
suissa,2011-10-20 18:37:03,https://api.github.com/repos/daneden/animate.css/git/commits/78c34282781cfa0eb48b0189278e1256f1734007,78c34282781cfa0eb48b0189278e1256f1734007,Add in class
suissa,2011-10-20 18:27:24,https://api.github.com/repos/daneden/animate.css/git/commits/807e2b27f683acf97631f8c4672150d4a324ecfd,807e2b27f683acf97631f8c4672150d4a324ecfd,Add in class
suissa,2011-10-20 18:26:48,https://api.github.com/repos/daneden/animate.css/git/commits/9549c7bc3740c14f2504ac84f94c0032dbcf72b7,9549c7bc3740c14f2504ac84f94c0032dbcf72b7,Add Opera support
suissa,2011-10-20 18:22:46,https://api.github.com/repos/daneden/animate.css/git/commits/f274bf12dac28b3b69bf05dbabeb25a03d060edd,f274bf12dac28b3b69bf05dbabeb25a03d060edd,Add Opera support
suissa,2011-10-20 18:22:03,https://api.github.com/repos/daneden/animate.css/git/commits/d50959e0613bff9ffaeb62c9333629e2bcb4899c,d50959e0613bff9ffaeb62c9333629e2bcb4899c,Add Opera support
suissa,2011-10-20 18:21:28,https://api.github.com/repos/daneden/animate.css/git/commits/c45589b8be88c158530e65e36872edddc06480f5,c45589b8be88c158530e65e36872edddc06480f5,Add Opera support
suissa,2011-10-20 18:20:41,https://api.github.com/repos/daneden/animate.css/git/commits/1d9b65f9f39948dd91e66969615c7282b4d3d319,1d9b65f9f39948dd91e66969615c7282b4d3d319,Add Opera support
suissa,2011-10-20 18:18:51,https://api.github.com/repos/daneden/animate.css/git/commits/f1faa61e87abbf2ea8656d33aa22720f7beee4ae,f1faa61e87abbf2ea8656d33aa22720f7beee4ae,Add Opera support
daneden,2011-10-20 18:17:25,https://api.github.com/repos/daneden/animate.css/git/commits/ef4862682bf7013f584cc4a2c8a51784f7742377,ef4862682bf7013f584cc4a2c8a51784f7742377,"Merge pull request #13 from suissa/master

Add Opera Support"
suissa,2011-10-20 18:07:24,https://api.github.com/repos/daneden/animate.css/git/commits/aa793bb8abc67c14f0468ddf1f246e5ffaacfe3d,aa793bb8abc67c14f0468ddf1f246e5ffaacfe3d,Add Opera support
suissa,2011-10-20 18:05:07,https://api.github.com/repos/daneden/animate.css/git/commits/60509a87cd5236913beca9b20887b2c7dff437cb,60509a87cd5236913beca9b20887b2c7dff437cb,Add Opera support
suissa,2011-10-20 18:04:30,https://api.github.com/repos/daneden/animate.css/git/commits/1a70219609fcc5815b7ffe384eef85e6f938435f,1a70219609fcc5815b7ffe384eef85e6f938435f,Add opera support
suissa,2011-10-20 18:03:51,https://api.github.com/repos/daneden/animate.css/git/commits/35855f23b2db031862d15bee70402dce76553ce0,35855f23b2db031862d15bee70402dce76553ce0,Add Opera support
suissa,2011-10-20 18:01:26,https://api.github.com/repos/daneden/animate.css/git/commits/a95540466a6e499ed403fa5d4f04cc27293aeb60,a95540466a6e499ed403fa5d4f04cc27293aeb60,Add Opera support
daneden,2011-10-19 09:58:30,https://api.github.com/repos/daneden/animate.css/git/commits/a73a879d5151508eb07353fb91b84fbb0fdfc4b8,a73a879d5151508eb07353fb91b84fbb0fdfc4b8,Added new animations
daneden,2011-10-17 18:44:47,https://api.github.com/repos/daneden/animate.css/git/commits/917d278caeeea8ab7db778c0eff7f03a8ad5776b,917d278caeeea8ab7db778c0eff7f03a8ad5776b,"Merge pull request #9 from Domw/master

Added MIT license to Readme"
daneden,2011-10-14 17:35:06,https://api.github.com/repos/daneden/animate.css/git/commits/febf85a8a9184c5967be1855ec6e1010838c224e,febf85a8a9184c5967be1855ec6e1010838c224e,"Merge pull request #8 from acalzadilla/master

Repetitive Keyframe Declarations"
daneden,2011-10-14 12:50:00,https://api.github.com/repos/daneden/animate.css/git/commits/8a333e58b06d103778e5e181023e59d9370fe5c7,8a333e58b06d103778e5e181023e59d9370fe5c7,Merge branch 'master' of github.com:daneden/animate.css
daneden,2011-10-14 12:39:11,https://api.github.com/repos/daneden/animate.css/git/commits/193e104d977108b8a02ae25080e853b9d3ccf3a1,193e104d977108b8a02ae25080e853b9d3ccf3a1,Added individual files for animations
daneden,2011-10-13 10:18:26,https://api.github.com/repos/daneden/animate.css/git/commits/137af77449c3221b13a9e2819a8d6b781b8beb1b,137af77449c3221b13a9e2819a8d6b781b8beb1b,New! Exciting! 'tada' animation!
daneden,2011-10-12 15:51:34,https://api.github.com/repos/daneden/animate.css/git/commits/2fd5671408807457d6c2a6d8036adf7fe7756a8f,2fd5671408807457d6c2a6d8036adf7fe7756a8f,Added prefixes for new animations
daneden,2011-10-12 15:48:32,https://api.github.com/repos/daneden/animate.css/git/commits/5dec8ae6d98fd0177cc37669e95ad82df35d4131,5dec8ae6d98fd0177cc37669e95ad82df35d4131,Added 12 new animations
daneden,2011-10-12 11:28:23,https://api.github.com/repos/daneden/animate.css/git/commits/e3b6cf9d715163837dad6d8bdf3effad5fab4ce7,e3b6cf9d715163837dad6d8bdf3effad5fab4ce7,Add support for IE10 with -ms- prefixes
daneden,2011-10-12 10:11:48,https://api.github.com/repos/daneden/animate.css/git/commits/da96b0f6429a8c6b38d0d3a261968c3c2a3f7458,da96b0f6429a8c6b38d0d3a261968c3c2a3f7458,Edited README via GitHub
daneden,2011-10-12 10:08:15,https://api.github.com/repos/daneden/animate.css/git/commits/8a2380e7de3a083a4e453e7f46f29d9d10f44d43,8a2380e7de3a083a4e453e7f46f29d9d10f44d43,initial commit
