geokit-rails,Official Geokit plugin for Rails/ActiveRecord. Provides location-based goodness for your Rails app. Requires the Geokit gem.
username,timestamp,url,sha,message
denisahearn,2019-01-30 19:54:41,https://api.github.com/repos/geokit/geokit-rails/git/commits/cc5fd43ab4e69878fb31ebd1fc22918e2952b560,cc5fd43ab4e69878fb31ebd1fc22918e2952b560,"Merge pull request #139 from SenteraLLC/dpa-in-bounds-inclusive-option

Enhanced ActsAsMappable#in_bounds to allow the query to include thing…"
denisahearn,2018-09-19 16:11:17,https://api.github.com/repos/geokit/geokit-rails/git/commits/dc52dc3871254a6cf8594135a5a02488af401936,dc52dc3871254a6cf8594135a5a02488af401936,"Enhanced ActsAsMappable#in_bounds to allow the query to include things that are located on the rectangular bounds, via an ""inclusive"" option (defaults to false)."
mnoack,2018-05-04 11:41:18,https://api.github.com/repos/geokit/geokit-rails/git/commits/c370ad4649ab7f879e1d482aa9063c935f1a8923,c370ad4649ab7f879e1d482aa9063c935f1a8923,Test against Ruby 2.4 and Rails 5
mnoack,2018-05-04 11:37:55,https://api.github.com/repos/geokit/geokit-rails/git/commits/20a90cf0d396c32d4af099ac8e3538b455a62532,20a90cf0d396c32d4af099ac8e3538b455a62532,Drop mysql gem support so we can support Ruby 2.4
mnoack,2018-05-04 11:24:24,https://api.github.com/repos/geokit/geokit-rails/git/commits/b28d94a64567887a48bdd19ed6462b9f040f1d0e,b28d94a64567887a48bdd19ed6462b9f040f1d0e,Release 2.3.1
mnoack,2017-08-08 22:54:54,https://api.github.com/repos/geokit/geokit-rails/git/commits/9e5251afb76f14a5a2cd975023f0a0fab1e0cc80,9e5251afb76f14a5a2cd975023f0a0fab1e0cc80,Release 2.3.0
jonnyandrew,2017-02-17 20:32:17,https://api.github.com/repos/geokit/geokit-rails/git/commits/9d6f412d0379f359ed35f6687cd3129936c32dbb,9d6f412d0379f359ed35f6687cd3129936c32dbb,Move important information to top of readme
mnoack,2016-10-11 10:33:59,https://api.github.com/repos/geokit/geokit-rails/git/commits/2a5dc8b5c6aa6ecd0f41886a4fa32c64dfddbbce,2a5dc8b5c6aa6ecd0f41886a4fa32c64dfddbbce,Update changelog
mnoack,2016-10-11 10:19:54,https://api.github.com/repos/geokit/geokit-rails/git/commits/767e2ec9fafd2f4e560c3c4d42f61cfe1ce02cfe,767e2ec9fafd2f4e560c3c4d42f61cfe1ce02cfe,Remove redundant self and spacing
mnoack,2016-10-11 10:19:43,https://api.github.com/repos/geokit/geokit-rails/git/commits/bf1872676f46034ef83c708b3ab13d4618196693,bf1872676f46034ef83c708b3ab13d4618196693,Remove excessive debug statement
mnoack,2016-09-16 04:50:43,https://api.github.com/repos/geokit/geokit-rails/git/commits/00ef5ed63f5b744fb3b165d45667c25c0e61c1c0,00ef5ed63f5b744fb3b165d45667c25c0e61c1c0,"Drop Ruby 1.9 support (triggered by coveralls dependency)

 * Also add 2.3 support
 * sudo: false to speed up travis"
dinjas,2016-09-15 23:51:04,https://api.github.com/repos/geokit/geokit-rails/git/commits/84a31ff56dff2b72cbe12856b812aafc5628aa8c,84a31ff56dff2b72cbe12856b812aafc5628aa8c,Remove references to geo_scope from README
mnoack,2016-07-13 14:30:06,https://api.github.com/repos/geokit/geokit-rails/git/commits/eb777e22708814afe4464e06dcfaa8173cb259c9,eb777e22708814afe4464e06dcfaa8173cb259c9,Bump version
mnoack,2016-07-13 14:16:29,https://api.github.com/repos/geokit/geokit-rails/git/commits/3a7b4e1083dd06d486307ebf71c36608186c8d73,3a7b4e1083dd06d486307ebf71c36608186c8d73,Reduce coverage to current level
mnoack,2016-07-13 14:16:22,https://api.github.com/repos/geokit/geokit-rails/git/commits/904bcc0feb0a149723d73d7e7ed048542f986d2a,904bcc0feb0a149723d73d7e7ed048542f986d2a,Use new formatters syntax
mnoack,2016-07-13 14:16:08,https://api.github.com/repos/geokit/geokit-rails/git/commits/abb0d9c99e5bbe5756521bb49ae25a20381bd0ce,abb0d9c99e5bbe5756521bb49ae25a20381bd0ce,Remove circular reference
mnoack,2016-07-13 14:15:57,https://api.github.com/repos/geokit/geokit-rails/git/commits/4615bd9388d01d9afe63238a554907b0f848f4db,4615bd9388d01d9afe63238a554907b0f848f4db,Use new formatters syntax
mnoack,2016-07-13 14:15:49,https://api.github.com/repos/geokit/geokit-rails/git/commits/78a31d1874cd0cd52cfe2c3afa92afdd89acb531,78a31d1874cd0cd52cfe2c3afa92afdd89acb531,Remove unused variable reference
mnoack,2016-07-13 14:15:38,https://api.github.com/repos/geokit/geokit-rails/git/commits/617cdaf9eff83845d8db87cc31cf0fb6cb08d422,617cdaf9eff83845d8db87cc31cf0fb6cb08d422,Remove duplicate file that exists in geokit
mnoack,2016-07-13 14:06:03,https://api.github.com/repos/geokit/geokit-rails/git/commits/e84043b063819b64b3bc503a428cf7cc716c86bb,e84043b063819b64b3bc503a428cf7cc716c86bb,Reduce coverage for recent pull requests
koenpunt,2016-04-21 14:08:01,https://api.github.com/repos/geokit/geokit-rails/git/commits/7a548135543630a164c01ff8075baed208b1f16e,7a548135543630a164c01ff8075baed208b1f16e,"use before_action when available

this to prevent deprecation warnings in rails 5"
badenkov,2015-12-10 12:25:29,https://api.github.com/repos/geokit/geokit-rails/git/commits/d2d9ea0899cd84751ff1f34b785e2e20683935ce,d2d9ea0899cd84751ff1f34b785e2e20683935ce,renamed method adapter to avoid conflict
IgorMiller,2015-12-02 07:24:05,https://api.github.com/repos/geokit/geokit-rails/git/commits/18beb94c6dedffd913ec9d3e554024662cc38682,18beb94c6dedffd913ec9d3e554024662cc38682,"fix-Mysql2AdapterUndefinedMethodLoaded

Mysql2 was present in Adapters.constants as a Module, and require was never called, resulting in Undefined method exception. Make sure the require is called if the const_get returns a Module and not a Class"
jensb,2015-11-09 22:49:54,https://api.github.com/repos/geokit/geokit-rails/git/commits/02d8a4748e2f7a75e7c7d99e654bda9bf875b204,02d8a4748e2f7a75e7c7d99e654bda9bf875b204,Merge branch 'master' of https://github.com/jensb/geokit-rails
jensb,2015-11-09 22:47:57,https://api.github.com/repos/geokit/geokit-rails/git/commits/b3549fa0db642bdd5b71015b61a70f6010253c19,b3549fa0db642bdd5b71015b61a70f6010253c19,Add bounding box around `within` calls to speed up SQL request: Fix hound errors
jensb,2015-11-09 22:22:32,https://api.github.com/repos/geokit/geokit-rails/git/commits/07cea4cc5a37feb16981b9ccd2d246ad531f53cf,07cea4cc5a37feb16981b9ccd2d246ad531f53cf,Add bounding box around `within` calls to speed up SQL request: fix tests
mnoack,2015-11-08 12:44:28,https://api.github.com/repos/geokit/geokit-rails/git/commits/757faa0e2f8d03a1081a98da8d354fb9efb7f7b4,757faa0e2f8d03a1081a98da8d354fb9efb7f7b4,Correct coverage
mnoack,2015-11-08 12:44:18,https://api.github.com/repos/geokit/geokit-rails/git/commits/83bc377abd45b692058c9e75a2c9ee0daf3517ab,83bc377abd45b692058c9e75a2c9ee0daf3517ab,Remove deprecation
mnoack,2015-11-08 12:28:14,https://api.github.com/repos/geokit/geokit-rails/git/commits/8210bdefe7802d5a9a91e850e1ce88996e50502f,8210bdefe7802d5a9a91e850e1ce88996e50502f,Test latest rails 4
mnoack,2015-11-08 12:28:00,https://api.github.com/repos/geokit/geokit-rails/git/commits/2cb6aa0d0326bf4d767908a2e551ba4807d3f280,2cb6aa0d0326bf4d767908a2e551ba4807d3f280,Explicit test-unit for ruby 2.2
jensb,2015-11-09 22:23:05,https://api.github.com/repos/geokit/geokit-rails/git/commits/45c14e0cf9608c42519a57a2196d9b70a873b197,45c14e0cf9608c42519a57a2196d9b70a873b197,Merge branch 'master' of https://github.com/jensb/geokit-rails
jensb,2015-11-09 22:22:32,https://api.github.com/repos/geokit/geokit-rails/git/commits/ef9aa02ada965752de4140cb7b107367f3f769fe,ef9aa02ada965752de4140cb7b107367f3f769fe,Add bounding box around `within` calls to speed up SQL request: fix tests
jensb,2015-11-09 22:06:06,https://api.github.com/repos/geokit/geokit-rails/git/commits/7d6ff22d8fb139577c24b03e376bc351d50370f9,7d6ff22d8fb139577c24b03e376bc351d50370f9,Merge remote-tracking branch 'upstream/master'
jensb,2015-11-09 22:06:06,https://api.github.com/repos/geokit/geokit-rails/git/commits/aad199169a319f4277418d8aed03189dc9b6e111,aad199169a319f4277418d8aed03189dc9b6e111,Merge remote-tracking branch 'upstream/master'
jensb,2015-11-09 22:01:46,https://api.github.com/repos/geokit/geokit-rails/git/commits/8e09f52ea9d90422d1d438076b30089328718323,8e09f52ea9d90422d1d438076b30089328718323,Add bounding box around `within` calls to speed up SQL request
mnoack,2015-11-08 12:44:28,https://api.github.com/repos/geokit/geokit-rails/git/commits/f40ad28d5cd391a0694a5ff3e9b43987fc3cd594,f40ad28d5cd391a0694a5ff3e9b43987fc3cd594,Correct coverage
mnoack,2015-11-08 12:44:18,https://api.github.com/repos/geokit/geokit-rails/git/commits/14d345b5f264230b8c5d70cb74dc4ece3a9e34d7,14d345b5f264230b8c5d70cb74dc4ece3a9e34d7,Remove deprecation
mnoack,2015-11-08 12:28:14,https://api.github.com/repos/geokit/geokit-rails/git/commits/9c112ef6eb93bfd30047bd26e117151a43266a77,9c112ef6eb93bfd30047bd26e117151a43266a77,Test latest rails 4
mnoack,2015-11-08 12:28:00,https://api.github.com/repos/geokit/geokit-rails/git/commits/d4fc40080c362807f72b3df54dd3ad844bca2ea5,d4fc40080c362807f72b3df54dd3ad844bca2ea5,Explicit test-unit for ruby 2.2
jensb,2015-11-06 22:28:14,https://api.github.com/repos/geokit/geokit-rails/git/commits/37287c29f5f24bc6f2fb14362f7b72b57ce2cbc2,37287c29f5f24bc6f2fb14362f7b72b57ce2cbc2,Rename not_null_latlng to with_latlng for clarity
jensb,2015-11-06 21:26:26,https://api.github.com/repos/geokit/geokit-rails/git/commits/a9dcacc8347cc77e075bbc0164fb98500c8af5c6,a9dcacc8347cc77e075bbc0164fb98500c8af5c6,Merge remote-tracking branch 'upstream/master'
jensb,2015-11-06 21:09:14,https://api.github.com/repos/geokit/geokit-rails/git/commits/ba4875e5ba0c9b90f63fa5d32b1ef2c758fab832,ba4875e5ba0c9b90f63fa5d32b1ef2c758fab832,merge conflict in acts_as_mappable.rb
jensb,2015-11-06 18:11:46,https://api.github.com/repos/geokit/geokit-rails/git/commits/330dcf5a3849605c9191703d3f8e4d201a023ab0,330dcf5a3849605c9191703d3f8e4d201a023ab0,"Add NOT NULL checks for latitude and longitude, otherwise nonsense values are being returned for distance calculations involving such objects."
jensb,2015-11-06 18:11:46,https://api.github.com/repos/geokit/geokit-rails/git/commits/58b8ca381df82e3480234160b0644cf0da7f578c,58b8ca381df82e3480234160b0644cf0da7f578c,"Add NOT NULL checks for latitude and longitude, otherwise nonsense values are being returned for distance calculations involving such objects."
thomdixon,2015-10-08 23:05:21,https://api.github.com/repos/geokit/geokit-rails/git/commits/a79f30b49c81864abcad4cc361b9df37a37f1faa,a79f30b49c81864abcad4cc361b9df37a37f1faa,"Make geocode_ip_address consistent

`retrieve_location_from_cookie_or_service` would return a `GeoLoc`
if the location was not cached, and a `Hash` if it was. Now a
`GeoLoc` object is returned regardless."
zeke,2015-09-22 19:30:49,https://api.github.com/repos/geokit/geokit-rails/git/commits/7e3bb53238c13fc4bfc733dd1dc9ce111d3e3504,7e3bb53238c13fc4bfc733dd1dc9ce111d3e3504,Won't you take me to... funciton
MQuy,2015-05-23 03:24:32,https://api.github.com/repos/geokit/geokit-rails/git/commits/d000dbe81ce20f88e646fdcaf78df8396c27c7bc,d000dbe81ce20f88e646fdcaf78df8396c27c7bc,Correct typo in readme
byterussian,2015-04-18 16:21:07,https://api.github.com/repos/geokit/geokit-rails/git/commits/852314e4c9c4e76c9a5e51b4ee5e50ff77397673,852314e4c9c4e76c9a5e51b4ee5e50ff77397673,increase bundler retries
byterussian,2015-04-18 16:08:19,https://api.github.com/repos/geokit/geokit-rails/git/commits/976c20b020f4ecd2c42684f9004c5dcbcd1fdc08,976c20b020f4ecd2c42684f9004c5dcbcd1fdc08,Add cache and retry for travis ci
byterussian,2015-04-18 15:51:44,https://api.github.com/repos/geokit/geokit-rails/git/commits/19c638af68904679c8f35fcaf8cf3654113ad852,19c638af68904679c8f35fcaf8cf3654113ad852,Fix Rails 4 tests
byterussian,2015-04-18 15:41:12,https://api.github.com/repos/geokit/geokit-rails/git/commits/a876baecb270a5d24f8591aa3ea7bf8f8ae9a411,a876baecb270a5d24f8591aa3ea7bf8f8ae9a411,Some gems are already defined in gemspec file
byterussian,2015-04-18 15:07:00,https://api.github.com/repos/geokit/geokit-rails/git/commits/6bac281d0c8f767f55b0d53fcd6b4ea871bef438,6bac281d0c8f767f55b0d53fcd6b4ea871bef438,Fix Hound Warnings
byterussian,2015-04-17 16:08:02,https://api.github.com/repos/geokit/geokit-rails/git/commits/c2ac87c0475bd6163a76872eb8b347f2576c3f23,c2ac87c0475bd6163a76872eb8b347f2576c3f23,Update readme with instructions
byterussian,2015-04-17 15:39:48,https://api.github.com/repos/geokit/geokit-rails/git/commits/bb4261acef62a26de823c4b7306634ffb7c3381f,bb4261acef62a26de823c4b7306634ffb7c3381f,Add config generator
mnoack,2015-04-21 04:20:50,https://api.github.com/repos/geokit/geokit-rails/git/commits/d930e990eef7d488ac961dc2f3a1a3d01babe4ac,d930e990eef7d488ac961dc2f3a1a3d01babe4ac,Rspec gem is useless
byterussian,2015-04-18 15:19:47,https://api.github.com/repos/geokit/geokit-rails/git/commits/e0384a4a9b16f672e7d74bd5a333fd750a7c37c5,e0384a4a9b16f672e7d74bd5a333fd750a7c37c5,"Remove unnecessary info from the Readme

The `geokit` dependency is already specified in the
gemspec file."
jensb,2015-03-10 22:33:07,https://api.github.com/repos/geokit/geokit-rails/git/commits/6934bff972a076a0228fd0d326c47ad0366e1964,6934bff972a076a0228fd0d326c47ad0366e1964,Update spelling and whitespaces
jensb,2015-03-10 22:15:01,https://api.github.com/repos/geokit/geokit-rails/git/commits/cdd0f66e8c0af32117e735f9a40819a059020bc6,cdd0f66e8c0af32117e735f9a40819a059020bc6,Update code style and extract get_lat and get_lng
jensb,2015-03-09 22:13:26,https://api.github.com/repos/geokit/geokit-rails/git/commits/f3168e5f8698fb392f64cd506367cd5fad207fa6,f3168e5f8698fb392f64cd506367cd5fad207fa6,Update *_distance_sql to work with customized latitude and longitude attribute names as well as lat/lng attributes.
sethpollack,2015-01-22 00:37:49,https://api.github.com/repos/geokit/geokit-rails/git/commits/cd02b8afeca5e328b031a4041b78def56889d326,cd02b8afeca5e328b031a4041b78def56889d326,Update README.markdown
sethpollack,2015-01-22 00:27:55,https://api.github.com/repos/geokit/geokit-rails/git/commits/a35c2b707fc6164e27c0d7942758ea19bcfb8a4e,a35c2b707fc6164e27c0d7942758ea19bcfb8a4e,add syntax highlighting
marcandre,2015-01-13 17:12:12,https://api.github.com/repos/geokit/geokit-rails/git/commits/7510052a64069ea68735c69b9b3b98c58f9fb424,7510052a64069ea68735c69b9b3b98c58f9fb424,"Make nearest and farthest return scopes, not arrays"
pzgz,2014-12-08 11:55:46,https://api.github.com/repos/geokit/geokit-rails/git/commits/2a05850636a870797601c4b269bea7b9f6c166d1,2a05850636a870797601c4b269bea7b9f6c166d1,"Arel::SqlLiteral has been moved in rails 42

You will get following error:

```
NameError - uninitialized constant Arel::SqlLiteral:
  activesupport (4.2.0.rc2) lib/active_support/dependencies.rb:533:in
`load_missing_constant'
  activesupport (4.2.0.rc2) lib/active_support/dependencies.rb:184:in
`const_missing'
  geokit-rails (2.0.1) lib/geokit-rails/acts_as_mappable.rb:237:in
`distance_conditions'
  geokit-rails (2.0.1) lib/geokit-rails/acts_as_mappable.rb:108:in
`within'
```
Actually, this has been removed once in arel gems at 5.0 once but add
back, and it looks like they decide to remove it again in 6.0. I think
the safe way is to use SqlLiteral from Arel::Nodes module."
brandoncc,2014-06-04 18:14:33,https://api.github.com/repos/geokit/geokit-rails/git/commits/37eb6d6f191ed4d31017d3f0d7192ff2e58c09d4,37eb6d6f191ed4d31017d3f0d7192ff2e58c09d4,Add note referring to post-installation notes.
brandoncc,2014-06-04 17:33:36,https://api.github.com/repos/geokit/geokit-rails/git/commits/501dc3aa24a6dda5d155f13c40c92f5b96cc2bb6,501dc3aa24a6dda5d155f13c40c92f5b96cc2bb6,Fixed spelling and grammar errors
brianstien,2014-01-02 23:13:41,https://api.github.com/repos/geokit/geokit-rails/git/commits/f3c735dddf010545a4bc280485d99448c4839130,f3c735dddf010545a4bc280485d99448c4839130,"Use a relative path when loading adapter

Using a relative path allows ActiveRecord style ""plugin"" gems to define
their own adapter in the geokit rails adapter directory, which will then
be loaded automatically."
duggiefresh,2013-12-18 15:47:05,https://api.github.com/repos/geokit/geokit-rails/git/commits/fae5d5984792770dc80fef19c662cf29637dac1d,fae5d5984792770dc80fef19c662cf29637dac1d,README fix: Correct `Location` typos
forgotpw1,2013-11-11 21:03:06,https://api.github.com/repos/geokit/geokit-rails/git/commits/d81a089b13218d4bc6081e9a96182016fce1652a,d81a089b13218d4bc6081e9a96182016fce1652a,Fix README typo
nneal,2013-08-30 00:06:23,https://api.github.com/repos/geokit/geokit-rails/git/commits/d81f1dd9961238ac5f16725f900b15f8ae249e76,d81f1dd9961238ac5f16725f900b15f8ae249e76,Remove deprecated test case
nneal,2013-08-29 23:28:57,https://api.github.com/repos/geokit/geokit-rails/git/commits/85693300c87eeb03ac03aabc655b6d7a6300d3f8,85693300c87eeb03ac03aabc655b6d7a6300d3f8,Fix ActiveRecord all deprecation by replacing it with to_a
ingmaras,2013-09-06 12:57:49,https://api.github.com/repos/geokit/geokit-rails/git/commits/6cf21f49d2ee7874fa072aa1d76a33c5d1277dc1,6cf21f49d2ee7874fa072aa1d76a33c5d1277dc1,"Fix typo

Fix typo

throw -> through"
mnoack,2013-06-14 22:31:10,https://api.github.com/repos/geokit/geokit-rails/git/commits/e0b04df972a7cdbf68abdc66b075ef8e979445cd,e0b04df972a7cdbf68abdc66b075ef8e979445cd,"Merge pull request #24 from jackruss/master

allow versions of Rails above 3.0.x"
mnoack,2013-06-14 18:42:14,https://api.github.com/repos/geokit/geokit-rails/git/commits/a83d0e479d0ed4201bc4a8afbafa0fe94e3f8434,a83d0e479d0ed4201bc4a8afbafa0fe94e3f8434,"Merge pull request #36 from wspruijt/master

Documentation correction: :km should be :kms"
wspruijt,2013-05-29 12:12:58,https://api.github.com/repos/geokit/geokit-rails/git/commits/a08fbffd5284d668ef50545332836074ee53df70,a08fbffd5284d668ef50545332836074ee53df70,"Documentation correction: Kilometer units option should be :kms, not :km"
pklingem,2012-03-16 19:21:15,https://api.github.com/repos/geokit/geokit-rails/git/commits/ec89e8ca6cd545cfd036a4185e51f17788a239c1,ec89e8ca6cd545cfd036a4185e51f17788a239c1,allow Rails versions greater than 3.0
jlecour,2012-01-31 12:33:57,https://api.github.com/repos/geokit/geokit-rails/git/commits/d8348d2da0e9b612757e1a1c58f76fada8609e9e,d8348d2da0e9b612757e1a1c58f76fada8609e9e,"Merge pull request #11 from sionide21/master

Sqlite Support. There are some tests in this but I could not verify them."
jlecour,2012-01-31 12:25:17,https://api.github.com/repos/geokit/geokit-rails/git/commits/aad5150394fce4169323c5b725441f9a0eef580a,aad5150394fce4169323c5b725441f9a0eef580a,"Merge pull request #13 from apocalyptiq/patch-1

mistake - ""buy"" instead of ""by"""
jlecour,2011-10-06 14:31:41,https://api.github.com/repos/geokit/geokit-rails/git/commits/0b6d1ddb2461d676df1d4de9758600f56bdfbf4f,0b6d1ddb2461d676df1d4de9758600f56bdfbf4f,"Version 0.1.5

* Dependencies less strict, especially Bundler"
jlecour,2011-10-06 14:29:56,https://api.github.com/repos/geokit/geokit-rails/git/commits/5a46c1e7be1cbacacaba5178afca4c7fad5da6e9,5a46c1e7be1cbacacaba5178afca4c7fad5da6e9,"Dependencies less strict, especially Bundler"
instanceofme,2011-04-20 09:54:59,https://api.github.com/repos/geokit/geokit-rails/git/commits/1df71db199c2065dafa6bae53f1975ddb34020b6,1df71db199c2065dafa6bae53f1975ddb34020b6,Added NULL lat/lng handling for SQLite
sionide21,2011-04-11 12:38:40,https://api.github.com/repos/geokit/geokit-rails/git/commits/8140359cc64474fbf21fd5b03e4f89e59c663963,8140359cc64474fbf21fd5b03e4f89e59c663963,Add sqlite to tests
sionide21,2011-03-15 01:57:07,https://api.github.com/repos/geokit/geokit-rails/git/commits/bb51ed0291792e41660a69db5211bf280a09ab96,bb51ed0291792e41660a69db5211bf280a09ab96,"Apparently rails reopens sql pretty frequently

There is probably a more elegant solution but this works well enough for
now."
sionide21,2011-03-15 00:59:03,https://api.github.com/repos/geokit/geokit-rails/git/commits/98089e9f684607e8d23d1f8015c755b6e5e41ac6,98089e9f684607e8d23d1f8015c755b6e5e41ac6,Removed not support sqlite from documentation.
sionide21,2011-03-15 00:57:34,https://api.github.com/repos/geokit/geokit-rails/git/commits/5c09babeda89843fbf2afbe0c36f56ea6df0ca87,5c09babeda89843fbf2afbe0c36f56ea6df0ca87,"SQLite Support

Used callbacks to enable sqlite to perform cnecessary calculations."
jlecour,2011-02-17 16:03:27,https://api.github.com/repos/geokit/geokit-rails/git/commits/d8d387e1c7c5ba0b3ac8bdd9d9655b81780b3cff,d8d387e1c7c5ba0b3ac8bdd9d9655b81780b3cff,Bump version number
jlecour,2011-02-17 16:01:38,https://api.github.com/repos/geokit/geokit-rails/git/commits/1da86b52ec6b625b84463f4cd6b27278afddc5d3,1da86b52ec6b625b84463f4cd6b27278afddc5d3,Update dependencies
jlecour,2011-02-17 16:01:24,https://api.github.com/repos/geokit/geokit-rails/git/commits/0b4b99da132a7f1dd25010494171b059a4d34b3c,0b4b99da132a7f1dd25010494171b059a4d34b3c,typo
jlecour,2011-02-17 15:53:24,https://api.github.com/repos/geokit/geokit-rails/git/commits/92067024c83fe6a4d4b65c97cb00aadf66455799,92067024c83fe6a4d4b65c97cb00aadf66455799,"Don't put Gemfile.lock in the repository

http://yehudakatz.com/2010/12/16/clarifying-the-roles-of-the-gemspec-and-gemfile/"
jlecour,2011-02-17 14:36:07,https://api.github.com/repos/geokit/geokit-rails/git/commits/150cd38b4f0024e143efc0581e1efb371c15947a,150cd38b4f0024e143efc0581e1efb371c15947a,Merge branch 'master' of https://github.com/andmej/geokit-rails3 into andmej-master
jlecour,2011-02-17 14:35:19,https://api.github.com/repos/geokit/geokit-rails/git/commits/2919b126b02dbce05a3b80d9aed5cebd7c9721b7,2919b126b02dbce05a3b80d9aed5cebd7c9721b7,fix: README
andmej,2011-01-13 11:38:11,https://api.github.com/repos/geokit/geokit-rails/git/commits/8dcce791638c9717270e0c706e04d10c4ce03c44,8dcce791638c9717270e0c706e04d10c4ce03c44,Tpyo.
jlecour,2010-11-14 22:46:08,https://api.github.com/repos/geokit/geokit-rails/git/commits/e7451ce3446d28af0ec871829436924f5899208c,e7451ce3446d28af0ec871829436924f5899208c,Mention the test suite for IpGeocodeLookup in the README
jlecour,2010-11-14 22:44:59,https://api.github.com/repos/geokit/geokit-rails/git/commits/51491f33eceb571c92c911791828e27c14f34afa,51491f33eceb571c92c911791828e27c14f34afa,"Add the test suite for IpGeocodeLookup (disabled)

These tests can't pass since the code it tests is not fully ported to Rails 3"
jlecour,2010-11-14 22:44:16,https://api.github.com/repos/geokit/geokit-rails/git/commits/913792c4004faaf2903ab69f646697bbd3e55782,913792c4004faaf2903ab69f646697bbd3e55782,Add 'action_controller' for tests
jlecour,2010-11-14 22:10:37,https://api.github.com/repos/geokit/geokit-rails/git/commits/10704704ab544c39274df09812f48ae84f936ecf,10704704ab544c39274df09812f48ae84f936ecf,Remove comments in the test suite
jlecour,2010-11-14 22:07:06,https://api.github.com/repos/geokit/geokit-rails/git/commits/0c4560625bf521119e974555d35385a1f25c6533,0c4560625bf521119e974555d35385a1f25c6533,Updated the README
jlecour,2010-11-14 20:00:52,https://api.github.com/repos/geokit/geokit-rails/git/commits/1e284e4bff0cce54d55b67c7728dc95836625c24,1e284e4bff0cce54d55b67c7728dc95836625c24,Don't use `self.send :include` but just `include`
jlecour,2010-11-14 19:59:32,https://api.github.com/repos/geokit/geokit-rails/git/commits/ee159eeb4440133a0af1807c4a63b3306135d016,ee159eeb4440133a0af1807c4a63b3306135d016,Update Gemfile.lock
jlecour,2010-10-17 19:04:41,https://api.github.com/repos/geokit/geokit-rails/git/commits/d00f185af5fcf7b814f003e8dbe7033cb1dba556,d00f185af5fcf7b814f003e8dbe7033cb1dba556,Use Arel::SqlLiteral (instead of strings) where possible
jlecour,2010-10-17 19:04:06,https://api.github.com/repos/geokit/geokit-rails/git/commits/0cd3df4642a8f9704e3f54e38af04724cb242fe3,0cd3df4642a8f9704e3f54e38af04724cb242fe3,Update the Gemfile.lock
jlecour,2010-10-16 22:27:01,https://api.github.com/repos/geokit/geokit-rails/git/commits/b5188127bdfb256df0ecf944d6d4190c3744794d,b5188127bdfb256df0ecf944d6d4190c3744794d,Bump version to 0.1.2
jlecour,2010-10-16 22:26:14,https://api.github.com/repos/geokit/geokit-rails/git/commits/374f2e6411a8786ee462d4e25ec63e0f67d2733b,374f2e6411a8786ee462d4e25ec63e0f67d2733b,"This shouldn't have been commited, it doesn't work"
jlecour,2010-10-16 22:11:17,https://api.github.com/repos/geokit/geokit-rails/git/commits/8105aa1f4b70a825f0a5248bafd822bb03141637,8105aa1f4b70a825f0a5248bafd822bb03141637,Bump the version to 0.1.1
jlecour,2010-10-16 22:07:31,https://api.github.com/repos/geokit/geokit-rails/git/commits/830c2f79e05a95099d9484a9d4603f5e830b5e3e,830c2f79e05a95099d9484a9d4603f5e830b5e3e,"Update method names in acts_as_mappable_test.rb

Some tests are passing. Some are not passing yet :
- when using where() later in the chain
- when using the associations or includes"
jlecour,2010-10-16 22:00:44,https://api.github.com/repos/geokit/geokit-rails/git/commits/98b68cafe6f4b0eb73a7e077ddf406c21527973a,98b68cafe6f4b0eb73a7e077ddf406c21527973a,Clean some whitespaces
jlecour,2010-10-16 21:58:38,https://api.github.com/repos/geokit/geokit-rails/git/commits/372d2325b78026ec4bd5743b76680f22c2a2d12d,372d2325b78026ec4bd5743b76680f22c2a2d12d,Update the README
jlecour,2010-10-16 21:38:00,https://api.github.com/repos/geokit/geokit-rails/git/commits/48b3ed3b0e9310782c23341147ac05dde0ed414c,48b3ed3b0e9310782c23341147ac05dde0ed414c,Substitute distance in where values only if there is an origin
jlecour,2010-10-16 17:12:14,https://api.github.com/repos/geokit/geokit-rails/git/commits/792ae31d2e97bcf44bf3beb527e8588677f7bb50,792ae31d2e97bcf44bf3beb527e8588677f7bb50,whitespaces
jlecour,2010-10-16 17:08:34,https://api.github.com/repos/geokit/geokit-rails/git/commits/47e07e470011b7c0ea4b23e998aaff2bd47e1f6e,47e07e470011b7c0ea4b23e998aaff2bd47e1f6e,Update the Gemfile.lock
jlecour,2010-10-14 13:59:43,https://api.github.com/repos/geokit/geokit-rails/git/commits/21c4310ac2119c02e5c60e339c8f8fa66406473b,21c4310ac2119c02e5c60e339c8f8fa66406473b,Absolute namespace for Rails::Railtie
jlecour,2010-10-14 06:23:53,https://api.github.com/repos/geokit/geokit-rails/git/commits/8a136f3c721712eacb3cd30880edad52b15e47e9,8a136f3c721712eacb3cd30880edad52b15e47e9,Bumped version to 0.1.0
jlecour,2010-10-14 06:22:21,https://api.github.com/repos/geokit/geokit-rails/git/commits/aa7bd9effcaa84359a1e10ae0feb31880035aa0c,aa7bd9effcaa84359a1e10ae0feb31880035aa0c,Substitute the distance column in where values with the distance formula
jlecour,2010-10-13 21:33:01,https://api.github.com/repos/geokit/geokit-rails/git/commits/098854f57b8052862b4ae412417019f009d2fc5c,098854f57b8052862b4ae412417019f009d2fc5c,"Core ""geo_scope"" method and utility methods

The core method is OK and some utility methods are OK too.
We have to remake the ""substitute_distance_in_where"" method"
jlecour,2010-10-13 21:09:50,https://api.github.com/repos/geokit/geokit-rails/git/commits/119c376a2228454f267b036abda3f591ee61aa6f,119c376a2228454f267b036abda3f591ee61aa6f,Copy the acts_as_mappable.rb file for easy access
jlecour,2010-10-12 05:42:47,https://api.github.com/repos/geokit/geokit-rails/git/commits/a79c0e4e4fbac29f8c3ac7e45fcc33e394b00b7a,a79c0e4e4fbac29f8c3ac7e45fcc33e394b00b7a,Bump version to 0.0.5
jlecour,2010-10-12 05:41:37,https://api.github.com/repos/geokit/geokit-rails/git/commits/6de1f84c9a75a5c314fb4cdaa917adb79fb88ac6,6de1f84c9a75a5c314fb4cdaa917adb79fb88ac6,Fix: forgot to rename the main lib file
jlecour,2010-10-11 21:33:32,https://api.github.com/repos/geokit/geokit-rails/git/commits/974f43b46b1cfba7cacbbae83d56db5f1dbf2f27,974f43b46b1cfba7cacbbae83d56db5f1dbf2f27,Bumped version to 0.0.4
jlecour,2010-10-11 07:43:40,https://api.github.com/repos/geokit/geokit-rails/git/commits/41e30ba8170e158b54970b0434dcabd96e287885,41e30ba8170e158b54970b0434dcabd96e287885,add *.gem to .gitignore
pex,2010-10-11 07:38:47,https://api.github.com/repos/geokit/geokit-rails/git/commits/94889f754a5c2363b69b9f79e84316233f9c374e,94889f754a5c2363b69b9f79e84316233f9c374e,Added mysql2 Adapter for Rails3
jlecour,2010-10-11 06:37:33,https://api.github.com/repos/geokit/geokit-rails/git/commits/586ea447ea8c8eaa35cf0a226be9f4ad259bc1f5,586ea447ea8c8eaa35cf0a226be9f4ad259bc1f5,Rename also the module
jlecour,2010-10-11 06:36:51,https://api.github.com/repos/geokit/geokit-rails/git/commits/e82857f736386bfb1fc6e2f2bb53ebbd3eff4c5c,e82857f736386bfb1fc6e2f2bb53ebbd3eff4c5c,Bump the version to 0.0.3
jlecour,2010-10-11 06:35:04,https://api.github.com/repos/geokit/geokit-rails/git/commits/85c5c839171e56be350aec942b3d10130eafe019,85c5c839171e56be350aec942b3d10130eafe019,Rename the gem to geokit-rails3
jlecour,2010-10-11 06:28:20,https://api.github.com/repos/geokit/geokit-rails/git/commits/4ff80583e2e418471816e328e51e6c4a17a3981b,4ff80583e2e418471816e328e51e6c4a17a3981b,Merge branch 'gem'
jlecour,2010-10-03 09:18:37,https://api.github.com/repos/geokit/geokit-rails/git/commits/51ed32054d8065bcfcfc923850387b4092f946f2,51ed32054d8065bcfcfc923850387b4092f946f2,"Geocoders' logger is set in the Railtie

ActiveRecord::Base.logger needs to be instanciated
before we set it to Geokit::Geocoders.logger

Maybe we could find how to override this in an environment variable
to be able to set our own logger for the geocoder.
For the moment it can only be changed in the app with the setter method."
jlecour,2010-10-02 08:56:25,https://api.github.com/repos/geokit/geokit-rails/git/commits/30b9bbbccdb978be03170c3a043d40b9ae5c5a3c,30b9bbbccdb978be03170c3a043d40b9ae5c5a3c,Update the gemspec to follow Bundler's skeleton best practices
jlecour,2010-10-02 08:55:39,https://api.github.com/repos/geokit/geokit-rails/git/commits/75b0eeba38e438efaf468e6c34efca2dc51dcd09,75b0eeba38e438efaf468e6c34efca2dc51dcd09,Add *.tmproj in .gitignore
jlecour,2010-09-26 19:45:05,https://api.github.com/repos/geokit/geokit-rails/git/commits/fc4c0019d21017139aa678073e4b05f38971779e,fc4c0019d21017139aa678073e4b05f38971779e,Change some Module names to avoid conflict with Rails itself
jlecour,2010-09-26 19:37:20,https://api.github.com/repos/geokit/geokit-rails/git/commits/56fcac7e25aa121a7070e7a9e049a0bee8fc8191,56fcac7e25aa121a7070e7a9e049a0bee8fc8191,Delete a debug line
jlecour,2010-09-25 13:58:41,https://api.github.com/repos/geokit/geokit-rails/git/commits/8269ce7c968942daad39b16981d344f25dba1c6d,8269ce7c968942daad39b16981d344f25dba1c6d,Remove Jeweler and (correctly) use Bundler to manage dependencies
jlecour,2010-09-21 20:18:25,https://api.github.com/repos/geokit/geokit-rails/git/commits/e316444b0b1e68d9f7c4c3414c25827a62885121,e316444b0b1e68d9f7c4c3414c25827a62885121,"README Driven Development (try 1)

http://tom.preston-werner.com/2010/08/23/readme-driven-development.html"
jlecour,2010-09-20 20:33:37,https://api.github.com/repos/geokit/geokit-rails/git/commits/89e4f138c4d57aceb7f61e91be8e1c0aa4ce2b21,89e4f138c4d57aceb7f61e91be8e1c0aa4ce2b21,"Geokit::ActsAsMappable::Glue needs to be included for the tests

Since Railtie is responsible for including the module during the Rails app
bott process, we have to include it manually at the beginning of the tests."
jlecour,2010-09-20 20:33:36,https://api.github.com/repos/geokit/geokit-rails/git/commits/946dc54b9f2b4f6301872420b12f5f3dbaddd2ff,946dc54b9f2b4f6301872420b12f5f3dbaddd2ff,Fixtures were not properly discovered
jlecour,2010-09-20 20:06:01,https://api.github.com/repos/geokit/geokit-rails/git/commits/37e9a606b6a53a34555277c3962d6b153463107c,37e9a606b6a53a34555277c3962d6b153463107c,Loa the test tasks in the main Rakefile
jlecour,2010-09-15 07:46:30,https://api.github.com/repos/geokit/geokit-rails/git/commits/47b214fd2688c25dcc65b3511596909c50118511,47b214fd2688c25dcc65b3511596909c50118511,Split the LOAD_PATH additions in 2 lines (readability)
jlecour,2010-09-15 07:45:32,https://api.github.com/repos/geokit/geokit-rails/git/commits/3e7b047b74ea5db5eaa9e48d4cd5459627aae5ae,3e7b047b74ea5db5eaa9e48d4cd5459627aae5ae,Unsuccesful try to make the test suite run (not even pass)
jlecour,2010-09-15 07:45:28,https://api.github.com/repos/geokit/geokit-rails/git/commits/7425810bd69f7cb299844281790b2f5cbeba6980,7425810bd69f7cb299844281790b2f5cbeba6980,Add some directories in the LOAD_PATH for the tests
jlecour,2010-09-15 07:43:18,https://api.github.com/repos/geokit/geokit-rails/git/commits/ad6f55203d5dc8e4c2d4ebb1f7af04e623b90580,ad6f55203d5dc8e4c2d4ebb1f7af04e623b90580,Move the tests tasks in test/tasks.rake
jlecour,2010-09-14 20:38:02,https://api.github.com/repos/geokit/geokit-rails/git/commits/dfe28aee53689e4d9e5e248da7e9d2f3ffd757e0,dfe28aee53689e4d9e5e248da7e9d2f3ffd757e0,.gitignore is more clear
jlecour,2010-09-14 20:30:19,https://api.github.com/repos/geokit/geokit-rails/git/commits/bd697177b882f0af7debddeaeb15fec3f28ffff8,bd697177b882f0af7debddeaeb15fec3f28ffff8,"The test suite boots up and creates the database schema

No test is run yet, but there is no error in the initialization part of the process.
Let's use Pathname (a standard library) to facilitate the use of paths"
jlecour,2010-09-14 20:28:04,https://api.github.com/repos/geokit/geokit-rails/git/commits/984c332d808664ae07b3a8dfbce913583cc8f66d,984c332d808664ae07b3a8dfbce913583cc8f66d,"Use the Rails.logger

Thanks to ""donaldpiret"" (Donald Piret)"
jlecour,2010-09-14 20:27:52,https://api.github.com/repos/geokit/geokit-rails/git/commits/3448dc51cd09f52cd9e30b87a7eee6e38fb74043,3448dc51cd09f52cd9e30b87a7eee6e38fb74043,Add 'mysql' gem in the development group of the Gemfile
jlecour,2010-09-13 06:57:27,https://api.github.com/repos/geokit/geokit-rails/git/commits/1f6bd56d2066054cdc1393b5b7c56e8ef56792a7,1f6bd56d2066054cdc1393b5b7c56e8ef56792a7,Renaming the gem was stupid ; let's revert this
jlecour,2010-09-12 10:07:34,https://api.github.com/repos/geokit/geokit-rails/git/commits/2f8a3a28d625f6dcb7a7209c3103492286fdb0c4,2f8a3a28d625f6dcb7a7209c3103492286fdb0c4,Configuration can be done in environment files or initializer
jlecour,2010-09-11 14:58:32,https://api.github.com/repos/geokit/geokit-rails/git/commits/23780bdbcc8b0aec1bc8d68e54c9f774dbf00b5f,23780bdbcc8b0aec1bc8d68e54c9f774dbf00b5f,Rename the gem in the Rakefile
jlecour,2010-09-11 14:51:19,https://api.github.com/repos/geokit/geokit-rails/git/commits/d49af95f43444befac65e31812819e8509723dc0,d49af95f43444befac65e31812819e8509723dc0,IpGeocodeLookup is back
jlecour,2010-09-11 14:29:37,https://api.github.com/repos/geokit/geokit-rails/git/commits/b3bace0e5ee1dc896b79e2deb43a9c7853b50927,b3bace0e5ee1dc896b79e2deb43a9c7853b50927,"GeocoderControl is back

It is included in ActionController in the Railtie"
jlecour,2010-09-11 14:05:23,https://api.github.com/repos/geokit/geokit-rails/git/commits/79d0545fcd2d910fd13a7f07e1480f8b4bc3fb19,79d0545fcd2d910fd13a7f07e1480f8b4bc3fb19,Adapters are back
jlecour,2010-09-11 13:54:09,https://api.github.com/repos/geokit/geokit-rails/git/commits/7c860801fa8fedf16a7ff3cbb71b71a3d35053e5,7c860801fa8fedf16a7ff3cbb71b71a3d35053e5,Default settings for Geokit are back
jlecour,2010-09-11 13:50:32,https://api.github.com/repos/geokit/geokit-rails/git/commits/ddd8f4172f31eb1d913dd78b2cd15175d59248b6,ddd8f4172f31eb1d913dd78b2cd15175d59248b6,"Rename the gem to geokit_rails

It will be easier to have some config keys, … if tere is no dash in the name.
There is still a lib/geokit-rails.rb for ""historic"" compatibility (is it really needed ?)"
jlecour,2010-09-11 13:46:50,https://api.github.com/repos/geokit/geokit-rails/git/commits/9c54d8a95f6707596779da65cd6c92a9c965c13c,9c54d8a95f6707596779da65cd6c92a9c965c13c,"Use a ""glue"" module to include ActsAsMappable into AciveRecord

This adds only this method to all the models (with the Railtie initializer).
Calling it includes the rest of ActsAsMappable into the model"
jlecour,2010-09-11 08:51:23,https://api.github.com/repos/geokit/geokit-rails/git/commits/542e818964e063f12fb9d3274aca05aebf969dea,542e818964e063f12fb9d3274aca05aebf969dea,Update gemspec
jlecour,2010-09-11 08:50:50,https://api.github.com/repos/geokit/geokit-rails/git/commits/aac7b9c9b7d4f4891e2206382b6582ca866580dc,aac7b9c9b7d4f4891e2206382b6582ca866580dc,Delete ignored files/folders
jlecour,2010-09-11 08:47:34,https://api.github.com/repos/geokit/geokit-rails/git/commits/2b6051b073ce25ba9da68a66c22587dc79aead08,2b6051b073ce25ba9da68a66c22587dc79aead08,Add a placeholder for a future Railtie
jlecour,2010-09-11 08:41:12,https://api.github.com/repos/geokit/geokit-rails/git/commits/eab958f8a3cb4f00cf13d298ae4e6018e2809528,eab958f8a3cb4f00cf13d298ae4e6018e2809528,"Extend AR::Base with Geokit::ActsAsMappable using AS::Concern

For the moment, we must ""include Geokit::ActsAsMappable"" in ActiveRecord
subclasses to be ble to use ""acts_as_mappabe()"".
Maybe its good thing to explicitly extend objects with modules.
It's often seen in other recent libs (AR with ActiveModel components, MongoID,
MongoMapper, …)"
jlecour,2010-09-11 08:39:43,https://api.github.com/repos/geokit/geokit-rails/git/commits/1024d1c93c4767af0045e6c6faa1309200f2b90a,1024d1c93c4767af0045e6c6faa1309200f2b90a,Separate core extensions into a specific file
jlecour,2010-09-10 21:05:23,https://api.github.com/repos/geokit/geokit-rails/git/commits/b98c3897eb1f7c784cae3d7ed97a5de2f54d58c6,b98c3897eb1f7c784cae3d7ed97a5de2f54d58c6,Beginning the Gem management with Jeweler
jlecour,2010-09-10 21:01:29,https://api.github.com/repos/geokit/geokit-rails/git/commits/6305fe30bf5de4abfd0406b0a6c69713db24ad09,6305fe30bf5de4abfd0406b0a6c69713db24ad09,Version bump to 0.0.0
jlecour,2010-09-10 20:30:43,https://api.github.com/repos/geokit/geokit-rails/git/commits/8c7378fc06b01be4dc83e98d546dfdc3f8739ba5,8c7378fc06b01be4dc83e98d546dfdc3f8739ba5,Restart from scratch
jlecour,2010-08-24 21:25:46,https://api.github.com/repos/geokit/geokit-rails/git/commits/cc8a918e246cbba2c2c5ce6a214a30e5dc798531,cc8a918e246cbba2c2c5ce6a214a30e5dc798531,Require only what is needed
jlecour,2010-08-24 21:23:42,https://api.github.com/repos/geokit/geokit-rails/git/commits/5acc846095f1d23809e4ec99d1390c3a03b90d40,5acc846095f1d23809e4ec99d1390c3a03b90d40,"Fix before_validation :xxx, :on => :create"
jlecour,2010-08-24 21:22:43,https://api.github.com/repos/geokit/geokit-rails/git/commits/08fd572911905b40d27fda623a40ea2bd3c6a6e8,08fd572911905b40d27fda623a40ea2bd3c6a6e8,Update the Readme about how to run the test suite
brennandunn,2009-09-29 19:13:40,https://api.github.com/repos/geokit/geokit-rails/git/commits/ec302aa7e8161f0d05d5ab2742a0d1f5ff312065,ec302aa7e8161f0d05d5ab2742a0d1f5ff312065,Modify README
brennandunn,2009-09-29 19:11:55,https://api.github.com/repos/geokit/geokit-rails/git/commits/aa861eb91721a2c6e02c0c2328e53943565bbb31,aa861eb91721a2c6e02c0c2328e53943565bbb31,Define self.load in abstract adapter
brennandunn,2009-09-29 19:10:01,https://api.github.com/repos/geokit/geokit-rails/git/commits/c234fdd412980dec88f9ce3c1d808629f7d2abba,c234fdd412980dec88f9ce3c1d808629f7d2abba,Remove SQLite
brennandunn,2009-09-29 19:09:54,https://api.github.com/repos/geokit/geokit-rails/git/commits/20bb694d4cc891619e312c2441a8995b7dbe215f,20bb694d4cc891619e312c2441a8995b7dbe215f,Added SQL Server support
brennandunn,2009-09-29 18:22:14,https://api.github.com/repos/geokit/geokit-rails/git/commits/7fdce1409b0d15bd4d0db1479ccb0dc563ebce9c,7fdce1409b0d15bd4d0db1479ccb0dc563ebce9c,Added concept of database adapter. Ported mysql/postgresql conditional code to their own adapter.
brennandunn,2009-09-29 17:21:04,https://api.github.com/repos/geokit/geokit-rails/git/commits/3b3e1144e6907ca904680025dad1aeee3579a421,3b3e1144e6907ca904680025dad1aeee3579a421,Add adapter-specific logs to .gitignore
brennandunn,2009-09-29 17:20:11,https://api.github.com/repos/geokit/geokit-rails/git/commits/001ec1a680c280919a21c3f05bad173e06dc3313,001ec1a680c280919a21c3f05bad173e06dc3313,Fix cookie serialization in controller tests
brennandunn,2009-09-29 17:01:08,https://api.github.com/repos/geokit/geokit-rails/git/commits/588f7493cd4eaeb497fefda12c07c92119130624,588f7493cd4eaeb497fefda12c07c92119130624,"Overhaul the test suite to be independent of a Rails project, along with doing some general cleanup. Controller tests are failing now that I'm using ActionController::TestCase."
monde,2009-09-07 23:42:41,https://api.github.com/repos/geokit/geokit-rails/git/commits/c46c2b1dfbffc636ab4c1da94fa255efdeafeeb0,c46c2b1dfbffc636ab4c1da94fa255efdeafeeb0,Indexing notes based on feedback from engineering support at Blue Box Group http://www.blueboxgrp.com/
josevalim,2009-06-03 10:19:02,https://api.github.com/repos/geokit/geokit-rails/git/commits/3d2388854410afe55f4c4c68caec2daade13fc0c,3d2388854410afe55f4c4c68caec2daade13fc0c,Removed unecessary module and some whitespace (so git will stop complaining).
josevalim,2009-06-03 10:06:42,https://api.github.com/repos/geokit/geokit-rails/git/commits/cabe721e386cc7d9cd101ed7ff2c41d92a152b9b,cabe721e386cc7d9cd101ed7ff2c41d92a152b9b,Added support to hashes in :through. So you can do: acts_as_mappable :through => { :state => :country }.
dreamcat4,2009-05-22 10:08:09,https://api.github.com/repos/geokit/geokit-rails/git/commits/39c1e396f9b4a4d7bdc92a40cd435ae33121424a,39c1e396f9b4a4d7bdc92a40cd435ae33121424a,Replace IpGeocoder.expects with MultiGeocoder.expects
dreamcat4,2009-05-22 08:51:26,https://api.github.com/repos/geokit/geokit-rails/git/commits/50e9cd67795946116d543130d77f6aa69112ca1a,50e9cd67795946116d543130d77f6aa69112ca1a,Improvement: Remove 2nd parameter from MultiGeocoder (not needed)
dreamcat4,2009-05-22 08:34:07,https://api.github.com/repos/geokit/geokit-rails/git/commits/2df4d1428119af2e4858adb942d64c53b5b8f98c,2df4d1428119af2e4858adb942d64c53b5b8f98c,Improvement: Remove 2nd parameter from MultiGeocoder (not needed)
dreamcat4,2009-05-20 13:24:05,https://api.github.com/repos/geokit/geokit-rails/git/commits/30428b7af7fa1303653ae7c3b7992e7ca7841562,30428b7af7fa1303653ae7c3b7992e7ca7841562,"Improvement: Remove 2nd parameter from MultiGeocoder (not needed)

This change requires an update of the geokit-gem also."
dreamcat4,2009-05-18 20:54:49,https://api.github.com/repos/geokit/geokit-rails/git/commits/ca361dfd9baa5f3e54c1055aa2abb435eb49b728,ca361dfd9baa5f3e54c1055aa2abb435eb49b728,Following changes on the latest dreamcat4/geokit gem.
dreamcat4,2009-05-02 16:59:31,https://api.github.com/repos/geokit/geokit-rails/git/commits/2a97b320741d001b288637656b7ca54b249748b2,2a97b320741d001b288637656b7ca54b249748b2,"Support for multiple ip geocoders. Requires an update to the Geokit Gem also.

This feature depend on the following external dependancy, first commited as:
pull url = git@github.com:dreamcat4/geokit-gem.git
4f1c20455d3d7cf3dabe17bc492012a19d7aa000 Support multiple ip geocoders, including new setting for ip_provider_order

However the changes may have been published as a different commit. To be sure:
If your geokit gem is up to date (and greater than 1.3.0), then it may include the following line:

$GEOKIT_GEMDIR/lib/geokit/geocoders.rb:73:
+    @@ip_provider_order = [:geo_plugin,:ip]

Signed-off-by: Andre Lewis <andre.lewis@gmail.com>"
dreamcat4,2009-05-01 07:06:01,https://api.github.com/repos/geokit/geokit-rails/git/commits/aa33117f60decf39b4f19e64e9c760df482abd95,aa33117f60decf39b4f19e64e9c760df482abd95,"Support move to remove Multi IP Geocoder class

Signed-off-by: Andre Lewis <andre.lewis@gmail.com>"
dreamcat4,2009-04-27 17:00:12,https://api.github.com/repos/geokit/geokit-rails/git/commits/13114e80f874588f00fc74710919a39544477ea2,13114e80f874588f00fc74710919a39544477ea2,"Plugin Configuration for Multi-ip Geocoders, and MaxMind City.

Signed-off-by: Andre Lewis <andre.lewis@gmail.com>"
glennpow,2009-05-06 12:26:51,https://api.github.com/repos/geokit/geokit-rails/git/commits/f5afe49beeb6277d05170ef278bd88527dab1ab0,f5afe49beeb6277d05170ef278bd88527dab1ab0,"Fixing options for non-geokit finds

Signed-off-by: Andre Lewis <andre.lewis@gmail.com>"
glennpow,2009-05-01 12:53:48,https://api.github.com/repos/geokit/geokit-rails/git/commits/3ae3723f1e082dc457a3b321efb13273e9e64f2d,3ae3723f1e082dc457a3b321efb13273e9e64f2d,"Now checks if either :origin OR :bounds is passed, and proceeds with geokit query if this is true.

Signed-off-by: Andre Lewis <andre.lewis@gmail.com>"
josevalim,2009-04-23 10:05:43,https://api.github.com/repos/geokit/geokit-rails/git/commits/d3aeea2015235a261bc2956cb7536f244a795fdb,d3aeea2015235a261bc2956cb7536f244a795fdb,"Remove augment_conditions since we have a method that does the same in Rails since 2.1.

Signed-off-by: Andre Lewis <andre.lewis@gmail.com>"
josevalim,2009-04-23 10:03:03,https://api.github.com/repos/geokit/geokit-rails/git/commits/16838a0f88e3f6e8b27f74575e17fcf762a2ac80,16838a0f88e3f6e8b27f74575e17fcf762a2ac80,"Raises a helpful error if someone uses through but the association does not exists or was not defined yet

Signed-off-by: Andre Lewis <andre.lewis@gmail.com>"
dreamcat4,2009-05-02 16:59:31,https://api.github.com/repos/geokit/geokit-rails/git/commits/b2d6063e31809146cdcf6e1948e3ef155314a3bd,b2d6063e31809146cdcf6e1948e3ef155314a3bd,"Support for multiple ip geocoders. Requires an update to the Geokit Gem also.

This feature depend on the following external dependancy, first commited as:
pull url = git@github.com:dreamcat4/geokit-gem.git
4f1c20455d3d7cf3dabe17bc492012a19d7aa000 Support multiple ip geocoders, including new setting for ip_provider_order

However the changes may have been published as a different commit. To be sure:
If your geokit gem is up to date (and greater than 1.3.0), then it may include the following line:

$GEOKIT_GEMDIR/lib/geokit/geocoders.rb:73:
+    @@ip_provider_order = [:geo_plugin,:ip]"
dreamcat4,2009-05-02 13:27:25,https://api.github.com/repos/geokit/geokit-rails/git/commits/4c34ca1996fa0dd98a861c3136f623aef8be96a1,4c34ca1996fa0dd98a861c3136f623aef8be96a1,"Support for multiple ip geocoders. Requires an update to the Geokit Gem also.

This feature depend on the following external dependancy, first commited as:
pull url = git@github.com:dreamcat4/geokit-gem.git
4f1c20455d3d7cf3dabe17bc492012a19d7aa000 Support multiple ip geocoders, including new setting for ip_provider_order

However the changes may have been published as a different commit. To be sure:
If your geokit gem is up to date (and greater than 1.3.0), then it may include the following line:

$GEOKIT_GEMDIR/lib/geokit/geocoders.rb:73:
+    @@ip_provider_order = [:geo_plugin,:ip]"
glennpow,2009-04-05 11:44:03,https://api.github.com/repos/geokit/geokit-rails/git/commits/e5c26a89527232cacf292f5ebc4a52ac26fc0d5d,e5c26a89527232cacf292f5ebc4a52ac26fc0d5d,Fixed :through usages so that the through model is only included in the query if there is an :origin passed in (Only if it is a geokit search)
glennpow,2009-03-26 11:57:46,https://api.github.com/repos/geokit/geokit-rails/git/commits/e325be45d809de9652f0693bc2a6435d1acef31f,e325be45d809de9652f0693bc2a6435d1acef31f,Added control to aid in domain-specific API keys
glennpow,2009-02-15 17:37:06,https://api.github.com/repos/geokit/geokit-rails/git/commits/4199fb275a26a9a82784e96319f3df2fdf5e2482,4199fb275a26a9a82784e96319f3df2fdf5e2482,UPdated tests to make sure they work.  IpGeocodeLookupTest is broken in Rails 2.3.0
glennpow,2009-02-15 08:30:00,https://api.github.com/repos/geokit/geokit-rails/git/commits/a9d972dc783257257b6ea8b035ed9bd4e7ca032d,a9d972dc783257257b6ea8b035ed9bd4e7ca032d,Attempting fix to args
glennpow,2009-02-09 21:18:05,https://api.github.com/repos/geokit/geokit-rails/git/commits/6fe4e9741a0866a811844f7365c234f023d03430,6fe4e9741a0866a811844f7365c234f023d03430,Updated README
glennpow,2009-02-06 19:44:28,https://api.github.com/repos/geokit/geokit-rails/git/commits/be69607c21eea545884db28dd58c485fc46933be,be69607c21eea545884db28dd58c485fc46933be,Test for :through
glennpow,2009-02-06 11:50:54,https://api.github.com/repos/geokit/geokit-rails/git/commits/8ffbb91b20f9151a7c17a46bce1e9810f5a5f21c,8ffbb91b20f9151a7c17a46bce1e9810f5a5f21c,Added acts_as_mappable :through ability
gustin,2009-01-12 20:07:41,https://api.github.com/repos/geokit/geokit-rails/git/commits/9aa43beba4fac45814a2024e9cdfe2a6446002d8,9aa43beba4fac45814a2024e9cdfe2a6446002d8,"this checks to see if the GeoKit class has been defined, by doing this config.gem and all the rake
tasks can work to support gem dependencies correctly.
it is probably ideal to check rails versions and only for > 2.1 allow this"
mischa,2008-12-22 06:23:14,https://api.github.com/repos/geokit/geokit-rails/git/commits/7ee249b3deaa0bcd79517140f0c7b96b4a7cc075,7ee249b3deaa0bcd79517140f0c7b96b4a7cc075,fix reference to readme in install.rb
