eventproxy,An implementation of task/event based asynchronous pattern.
username,timestamp,url,sha,message
JacksonTian,2017-07-01 12:18:27,https://api.github.com/repos/JacksonTian/eventproxy/git/commits/90828274f176b4aa754d09ca3adc7ac1379c82b1,90828274f176b4aa754d09ca3adc7ac1379c82b1,Bump 1.0.0
JacksonTian,2017-07-01 12:12:35,https://api.github.com/repos/JacksonTian/eventproxy/git/commits/2f5f3f1b68175488d00a0ed1324dc02eef15e738,2f5f3f1b68175488d00a0ed1324dc02eef15e738,clean up document
JacksonTian,2017-07-01 12:08:25,https://api.github.com/repos/JacksonTian/eventproxy/git/commits/b7d7b19db7dab95ed5096fdb6b59358a6cfa7e05,b7d7b19db7dab95ed5096fdb6b59358a6cfa7e05,"Merge pull request #83 from yuche/tsd

[feature]: TypeScript support"
yuche,2017-06-30 10:27:04,https://api.github.com/repos/JacksonTian/eventproxy/git/commits/57dff3c4f8a06c1e24205a47bf16da50e7f364a5,57dff3c4f8a06c1e24205a47bf16da50e7f364a5,[typo]: add one missing space
yuche,2017-06-30 10:25:35,https://api.github.com/repos/JacksonTian/eventproxy/git/commits/b2e8061cccce46b1af180a1e5cad30af30e6d5f6,b2e8061cccce46b1af180a1e5cad30af30e6d5f6,[feature]: TypeScript support
JacksonTian,2015-09-20 09:44:26,https://api.github.com/repos/JacksonTian/eventproxy/git/commits/9820151fc302d93b3be32052e25a084e4323f67d,9820151fc302d93b3be32052e25a084e4323f67d,add node 4.0 into travis list
JacksonTian,2015-09-20 09:33:48,https://api.github.com/repos/JacksonTian/eventproxy/git/commits/d47f13ee8b40b777c7fc92902987326e3f6e4af4,d47f13ee8b40b777c7fc92902987326e3f6e4af4,fix test case that caused by nodejs.org
JacksonTian,2015-09-20 09:29:06,https://api.github.com/repos/JacksonTian/eventproxy/git/commits/d9631e01dda60d0a612b3b5090d368f24a300488,d9631e01dda60d0a612b3b5090d368f24a300488,fix typo error
JacksonTian,2015-06-15 03:48:45,https://api.github.com/repos/JacksonTian/eventproxy/git/commits/69efd9efd955510a7f931d54b4813679350f940a,69efd9efd955510a7f931d54b4813679350f940a,Remove component
JacksonTian,2015-06-15 03:27:05,https://api.github.com/repos/JacksonTian/eventproxy/git/commits/30405813e0076f6c766fd774ae8584e2f5196fa0,30405813e0076f6c766fd774ae8584e2f5196fa0,Bump 0.3.4
alsotang,2014-11-21 03:54:17,https://api.github.com/repos/JacksonTian/eventproxy/git/commits/b31774c06b39fd9ce1dc45f23bc13909996a6aec,b31774c06b39fd9ce1dc45f23bc13909996a6aec,"Add throw method as emit('error', err) shorcut"
JacksonTian,2015-04-26 05:43:44,https://api.github.com/repos/JacksonTian/eventproxy/git/commits/ba69afaa9382062963d257809364eb3f724e70e7,ba69afaa9382062963d257809364eb3f724e70e7,Bump 0.3.3
JacksonTian,2015-04-26 05:42:19,https://api.github.com/repos/JacksonTian/eventproxy/git/commits/826475cc4b2bf77214c2c3164e98670ee4a658c4,826475cc4b2bf77214c2c3164e98670ee4a658c4,"Merge pull request #65 from popomore/upgrade-debug

Upgrade debug to latest"
popomore,2015-04-24 14:57:36,https://api.github.com/repos/JacksonTian/eventproxy/git/commits/7ac73cb52f91f3b1a65ab5e9819a622207b0068e,7ac73cb52f91f3b1a65ab5e9819a622207b0068e,Upgrade debug to latest
JacksonTian,2015-04-24 14:35:50,https://api.github.com/repos/JacksonTian/eventproxy/git/commits/18e87fb85be9a170772bb76cfd5fb09de495df6c,18e87fb85be9a170772bb76cfd5fb09de495df6c,Bump 0.3.2 for bower and component
JacksonTian,2015-04-21 09:07:05,https://api.github.com/repos/JacksonTian/eventproxy/git/commits/1ed8a2b76594766d084fc0a17891fd30783e3bb7,1ed8a2b76594766d084fc0a17891fd30783e3bb7,"Merge pull request #63 from JacksonTian/fix_requirejs

fix requirejs issue"
JacksonTian,2015-04-21 08:49:52,https://api.github.com/repos/JacksonTian/eventproxy/git/commits/b91a0ffdbe20898f22844baa7fb52b6c4d91cfa2,b91a0ffdbe20898f22844baa7fb52b6c4d91cfa2,fix requirejs issue
HQidea,2015-04-14 06:43:33,https://api.github.com/repos/JacksonTian/eventproxy/git/commits/f2581f9e385da855e0d4e4030a286e9b6e071c59,f2581f9e385da855e0d4e4030a286e9b6e071c59,use setImmediate
JacksonTian,2015-01-28 09:26:07,https://api.github.com/repos/JacksonTian/eventproxy/git/commits/bcd96212bcd5acde6c88af07e93e5dc07bb7903f,bcd96212bcd5acde6c88af07e93e5dc07bb7903f,"Merge pull request #60 from alsotang/patch-1

Update README.md"
alsotang,2015-01-28 08:15:21,https://api.github.com/repos/JacksonTian/eventproxy/git/commits/71759446a4c86ddc0304594f4f4866f2124433e9,71759446a4c86ddc0304594f4f4866f2124433e9,Update README.md
JacksonTian,2015-01-15 09:30:26,https://api.github.com/repos/JacksonTian/eventproxy/git/commits/0e8fa7fa8a56403aac19f3201f66e1f6696ac28e,0e8fa7fa8a56403aac19f3201f66e1f6696ac28e,"Merge pull request #59 from spmjs/master

Add spm support"
afc163,2015-01-15 08:38:33,https://api.github.com/repos/JacksonTian/eventproxy/git/commits/1104b46bd5371a022c2b8ee3085dbb774acbc58b,1104b46bd5371a022c2b8ee3085dbb774acbc58b,Add spm support
JacksonTian,2015-01-08 04:24:55,https://api.github.com/repos/JacksonTian/eventproxy/git/commits/e8d94127ea72d2abf6199103bae2022490c40a92,e8d94127ea72d2abf6199103bae2022490c40a92,Bump 0.3.2
JacksonTian,2015-01-08 04:20:31,https://api.github.com/repos/JacksonTian/eventproxy/git/commits/9f4377daa7a550a6a4cef2caeabe8861be7963e7,9f4377daa7a550a6a4cef2caeabe8861be7963e7,Refine arguments for trigger
JacksonTian,2014-11-03 05:47:56,https://api.github.com/repos/JacksonTian/eventproxy/git/commits/bc68cf20c1187c8a6896ddec373a353ca9d3eaf0,bc68cf20c1187c8a6896ddec373a353ca9d3eaf0,fix test case
JacksonTian,2014-11-03 05:38:30,https://api.github.com/repos/JacksonTian/eventproxy/git/commits/4e67879bcc0fbb285666f6130f6259ec9a61044a,4e67879bcc0fbb285666f6130f6259ec9a61044a,Refine the style
JacksonTian,2014-11-03 05:13:01,https://api.github.com/repos/JacksonTian/eventproxy/git/commits/2265c74b1b7c88d41d0bae7c03b9581cd8b687f9,2265c74b1b7c88d41d0bae7c03b9581cd8b687f9,Fix test cases for cnodejs.org use https
JacksonTian,2014-11-03 03:20:20,https://api.github.com/repos/JacksonTian/eventproxy/git/commits/d6e68aef65f9c5832cb0ab0cab0bbfd0e3359b5c,d6e68aef65f9c5832cb0ab0cab0bbfd0e3359b5c,Update readme
JacksonTian,2014-07-10 04:43:33,https://api.github.com/repos/JacksonTian/eventproxy/git/commits/3fd8793889d04e22ea4cbfc3bd5c6d8290ce583a,3fd8793889d04e22ea4cbfc3bd5c6d8290ce583a,Update travis config
JacksonTian,2014-07-10 04:31:38,https://api.github.com/repos/JacksonTian/eventproxy/git/commits/52a715affbe3307fce6265e9f95d2d51d9afacf1,52a715affbe3307fce6265e9f95d2d51d9afacf1,Fix the dependencies
JacksonTian,2014-07-10 04:28:21,https://api.github.com/repos/JacksonTian/eventproxy/git/commits/3587ea5e554d70b1bed75c052f2d1907f5b9d2d1,3587ea5e554d70b1bed75c052f2d1907f5b9d2d1,Use istanbl
JacksonTian,2014-06-28 17:08:23,https://api.github.com/repos/JacksonTian/eventproxy/git/commits/46c40dae852fb66d4d726c950ce043d68e33c72e,46c40dae852fb66d4d726c950ce043d68e33c72e,"Merge pull request #55 from rogerz/fix-keywords

Fix keywords in bower.json"
rogerz,2014-06-28 17:06:08,https://api.github.com/repos/JacksonTian/eventproxy/git/commits/28b9a45baf83f14f768029ab94d3fbe6b398e10f,28b9a45baf83f14f768029ab94d3fbe6b398e10f,Fix keywords in bower.json
JacksonTian,2014-06-28 16:11:41,https://api.github.com/repos/JacksonTian/eventproxy/git/commits/034909f103972b270c858ca3b0dc35e6d5110974,034909f103972b270c858ca3b0dc35e6d5110974,"Merge pull request #54 from rogerz/add-bower-support

Generate bower.json with bower init. Solve #53"
rogerz,2014-06-28 13:50:52,https://api.github.com/repos/JacksonTian/eventproxy/git/commits/23b3206199730b4f6e354e20165153743b7584bd,23b3206199730b4f6e354e20165153743b7584bd,Generate bower.json with bower init
JacksonTian,2014-03-27 08:48:44,https://api.github.com/repos/JacksonTian/eventproxy/git/commits/3f223640336fc76914e0627d2f537c70a29f28d0,3f223640336fc76914e0627d2f537c70a29f28d0,Bump 0.3.1
JacksonTian,2014-03-27 08:45:34,https://api.github.com/repos/JacksonTian/eventproxy/git/commits/c54cefe3aaa5bf0127faea204168154d81d72ef6,c54cefe3aaa5bf0127faea204168154d81d72ef6,"Merge pull request #49 from JacksonTian/fix_unbind_issue

Fix unbind issue, fix #48"
JacksonTian,2014-03-27 08:41:42,https://api.github.com/repos/JacksonTian/eventproxy/git/commits/8bef8dd67ca1666b8240fe997115d8482ecc74e6,8bef8dd67ca1666b8240fe997115d8482ecc74e6,"Fix unbind issue, fix #48"
JacksonTian,2014-03-03 09:44:03,https://api.github.com/repos/JacksonTian/eventproxy/git/commits/c89ea57d25767ebcd3e9231bab5bcdfe13a7dddf,c89ea57d25767ebcd3e9231bab5bcdfe13a7dddf,Bump 0.3.0
JacksonTian,2014-03-03 09:43:14,https://api.github.com/repos/JacksonTian/eventproxy/git/commits/d53fa6df19ef1bc39e5f350d9fbaf5bd4f30c7fc,d53fa6df19ef1bc39e5f350d9fbaf5bd4f30c7fc,"Merge pull request #47 from JacksonTian/change_all_eventname

修改all事件名为__all__，防止误操作"
JacksonTian,2014-03-03 09:26:03,https://api.github.com/repos/JacksonTian/eventproxy/git/commits/cfcbdd39d9f661765791fe0ca33036e97137d1c9,cfcbdd39d9f661765791fe0ca33036e97137d1c9,修改all事件名为__all__，防止误操作
JacksonTian,2014-03-03 03:03:35,https://api.github.com/repos/JacksonTian/eventproxy/git/commits/daa6dbda461310c9ff1b58acfbc42bf2a3f2a267,daa6dbda461310c9ff1b58acfbc42bf2a3f2a267,Remove trend
JacksonTian,2014-03-03 02:59:24,https://api.github.com/repos/JacksonTian/eventproxy/git/commits/3149e40c1e5e694f47e3ba6a858bf1b3447a3958,3149e40c1e5e694f47e3ba6a858bf1b3447a3958,"Merge pull request #46 from fengmk2/totoro

Add totoro, autod, contributors scripts."
fengmk2,2014-03-03 02:50:35,https://api.github.com/repos/JacksonTian/eventproxy/git/commits/126f458fede67e884bf994d23f967f0703aba787,126f458fede67e884bf994d23f967f0703aba787,"Add totoro, autod, contributors scripts.

* use totoro to run browser env unittest.
* use autod use make sure deps always update to date.
* just show our contributors to people."
JacksonTian,2014-02-27 11:48:17,https://api.github.com/repos/JacksonTian/eventproxy/git/commits/a586e3351aa1f144930a1eb4695fbb5baceeefcf,a586e3351aa1f144930a1eb4695fbb5baceeefcf,bump 0.2.7
JacksonTian,2014-02-27 11:40:12,https://api.github.com/repos/JacksonTian/eventproxy/git/commits/532dc924bcf965dde2274b3c14868fcd53dd7c41,532dc924bcf965dde2274b3c14868fcd53dd7c41,"Merge pull request #45 from JacksonTian/add_headbind

Add headbind method to make callback excuted first."
JacksonTian,2014-02-27 11:36:29,https://api.github.com/repos/JacksonTian/eventproxy/git/commits/a17714b8a226ff201235a557596ccb799fcbdb34,a17714b8a226ff201235a557596ccb799fcbdb34,Add headbind method to make callback excuted first.
JacksonTian,2014-02-26 02:34:03,https://api.github.com/repos/JacksonTian/eventproxy/git/commits/7ff96f8873572bfe805b6c340c5a737e9aa3a8a8,7ff96f8873572bfe805b6c340c5a737e9aa3a8a8,Update package info for blanket
JacksonTian,2014-02-26 02:21:02,https://api.github.com/repos/JacksonTian/eventproxy/git/commits/9f7e088e0b58d16afadbc53ea6e547188ec9464d,9f7e088e0b58d16afadbc53ea6e547188ec9464d,"Merge pull request #44 from yanxyz/readme

correct a mistake in README"
yanxyz,2014-02-26 01:26:31,https://api.github.com/repos/JacksonTian/eventproxy/git/commits/8cb9510973f71a5a5694430ac3f58f95af892dea,8cb9510973f71a5a5694430ac3f58f95af892dea,correct a mistake in README
JacksonTian,2014-02-20 06:12:39,https://api.github.com/repos/JacksonTian/eventproxy/git/commits/beff2f999c0c59c8628b9509f95c29d32ec7b107,beff2f999c0c59c8628b9509f95c29d32ec7b107,"Merge pull request #43 from JacksonTian/refine

Refine code"
JacksonTian,2014-02-18 05:59:38,https://api.github.com/repos/JacksonTian/eventproxy/git/commits/49b298761447b2abbdbc23268e0bbac771a48a6e,49b298761447b2abbdbc23268e0bbac771a48a6e,Refine code
JacksonTian,2014-02-20 03:24:33,https://api.github.com/repos/JacksonTian/eventproxy/git/commits/ba5f0453101d7f4b2c2231137eef0d39d6f0930e,ba5f0453101d7f4b2c2231137eef0d39d6f0930e,修改单元测试
JacksonTian,2014-02-08 13:05:15,https://api.github.com/repos/JacksonTian/eventproxy/git/commits/5f28528becd6debcfd29d9ce25896310345a953a,5f28528becd6debcfd29d9ce25896310345a953a,"Merge pull request #40 from JacksonTian/refine

Refine code"
JacksonTian,2014-02-08 13:03:14,https://api.github.com/repos/JacksonTian/eventproxy/git/commits/e487ae2205d14014256f79bf063070075f4884e2,e487ae2205d14014256f79bf063070075f4884e2,Refine code
JacksonTian,2014-02-08 04:32:37,https://api.github.com/repos/JacksonTian/eventproxy/git/commits/0e80498805e10fa2495da0011a1614d59f3aae3f,0e80498805e10fa2495da0011a1614d59f3aae3f,"Merge pull request #39 from bitdeli-chef/master

Add a Bitdeli Badge to README"
bitdeli-chef,2014-02-08 04:35:56,https://api.github.com/repos/JacksonTian/eventproxy/git/commits/bc4747aae6ddeefb2b7b7bf5f34b2638fe5e4176,bc4747aae6ddeefb2b7b7bf5f34b2638fe5e4176,Add a Bitdeli badge to README
JacksonTian,2013-10-31 14:20:16,https://api.github.com/repos/JacksonTian/eventproxy/git/commits/c1ef5067189682af4a2b1acdfb80ec3d654f7a97,c1ef5067189682af4a2b1acdfb80ec3d654f7a97,Bump 0.2.6
JacksonTian,2013-10-31 14:18:23,https://api.github.com/repos/JacksonTian/eventproxy/git/commits/045ae76a439273956b16543fb1f0987d8b56c559,045ae76a439273956b16543fb1f0987d8b56c559,"Merge pull request #34 from JacksonTian/improve_group

提升group函数的功能，使之如done一样"
JacksonTian,2013-10-31 14:07:47,https://api.github.com/repos/JacksonTian/eventproxy/git/commits/71be7ddd27cca2f0986c05dd239ba7cc101d68fe,71be7ddd27cca2f0986c05dd239ba7cc101d68fe,提升group函数的功能，使之如done一样
JacksonTian,2013-10-12 05:37:35,https://api.github.com/repos/JacksonTian/eventproxy/git/commits/fffa55d13674a35f27430123c775156ab00fce3c,fffa55d13674a35f27430123c775156ab00fce3c,Add visionmedia/debug
dead-horse,2013-07-19 14:21:30,https://api.github.com/repos/JacksonTian/eventproxy/git/commits/3b13c672057cf3f1e5a31de9b290ec8afa0df443,3b13c672057cf3f1e5a31de9b290ec8afa0df443,add debug info
JacksonTian,2013-07-11 03:36:31,https://api.github.com/repos/JacksonTian/eventproxy/git/commits/e6d950d9e409e4b93cdc1831951cce846a782ff0,e6d950d9e409e4b93cdc1831951cce846a782ff0,"Merge pull request #30 from fengmk2/component-travis-ci

Let test-component run on travis ci"
fengmk2,2013-07-11 00:55:53,https://api.github.com/repos/JacksonTian/eventproxy/git/commits/7801d93b0945070540baed346ac5d194b6493db7,7801d93b0945070540baed346ac5d194b6493db7,let test-component run on travis ci
JacksonTian,2013-07-09 10:01:33,https://api.github.com/repos/JacksonTian/eventproxy/git/commits/4bf057d7009305a952009fa165b7df4595b388f1,4bf057d7009305a952009fa165b7df4595b388f1,"Merge pull request #29 from fengmk2/component

support component"
fengmk2,2013-07-03 06:21:37,https://api.github.com/repos/JacksonTian/eventproxy/git/commits/d1aa28faec51499b7ecb27a6032e68abd7445fd1,d1aa28faec51499b7ecb27a6032e68abd7445fd1,support component
JacksonTian,2013-06-20 04:12:15,https://api.github.com/repos/JacksonTian/eventproxy/git/commits/e208ee86f8b58fc9c676a602b49ba6f57a9c5a8d,e208ee86f8b58fc9c676a602b49ba6f57a9c5a8d,Update README.md
JacksonTian,2013-06-18 02:35:33,https://api.github.com/repos/JacksonTian/eventproxy/git/commits/c9d9c64e25a0a4688537ed7dc6aa0afd8c82f9bc,c9d9c64e25a0a4688537ed7dc6aa0afd8c82f9bc,Bump package version for 0.2.5 release
JacksonTian,2013-06-18 02:31:14,https://api.github.com/repos/JacksonTian/eventproxy/git/commits/0c6fc15ae3e0e5b3e5bd69da546649e8e36b9690,0c6fc15ae3e0e5b3e5bd69da546649e8e36b9690,"Merge pull request #28 from JacksonTian/fix_done

Fix doneLater bug"
JacksonTian,2013-06-18 02:28:55,https://api.github.com/repos/JacksonTian/eventproxy/git/commits/0bf562784616e773d9a4fc71b9494c58252d7197,0bf562784616e773d9a4fc71b9494c58252d7197,Fix doneLater bug
JacksonTian,2013-06-16 04:49:31,https://api.github.com/repos/JacksonTian/eventproxy/git/commits/c7424941fa7aede49824223ef4b02e58a841b89d,c7424941fa7aede49824223ef4b02e58a841b89d,添加version badge
JacksonTian,2013-06-06 08:01:26,https://api.github.com/repos/JacksonTian/eventproxy/git/commits/e34185f04bf83993398f18e3822146894d61bee0,e34185f04bf83993398f18e3822146894d61bee0,"发布0.2.4，添加doneLater, emitLater。"
JacksonTian,2013-05-22 14:38:58,https://api.github.com/repos/JacksonTian/eventproxy/git/commits/4e23d8d4a8c4f87588046a2186ee079a4a289207,4e23d8d4a8c4f87588046a2186ee079a4a289207,"Merge pull request #26 from dead-horse/readme

emitLater / doneLater 文档"
dead-horse,2013-05-22 14:13:28,https://api.github.com/repos/JacksonTian/eventproxy/git/commits/fb233ec6c8aa55c711949c222e632e764459a560,fb233ec6c8aa55c711949c222e632e764459a560,add emitLater/doneLater in readme
JacksonTian,2013-05-21 08:25:14,https://api.github.com/repos/JacksonTian/eventproxy/git/commits/37fb1c91760c6c67d1278e370147f45c94f3727b,37fb1c91760c6c67d1278e370147f45c94f3727b,"Merge pull request #25 from dead-horse/emit_later

Emit later, 支持emit异步触发"
dead-horse,2013-05-19 14:49:58,https://api.github.com/repos/JacksonTian/eventproxy/git/commits/ada546d4b480870b14ed96e359ab90525bdc686e,ada546d4b480870b14ed96e359ab90525bdc686e,"支持emit异步化(emitLater, doneLater)"
JacksonTian,2013-05-19 14:49:58,https://api.github.com/repos/JacksonTian/eventproxy/git/commits/335adc4e759fa1d35dd0852a1d6cf025e522ee5c,335adc4e759fa1d35dd0852a1d6cf025e522ee5c,"Merge pull request #24 from cssmagic/master

Fix typo."
JacksonTian,2013-05-19 14:49:58,https://api.github.com/repos/JacksonTian/eventproxy/git/commits/dd3eab8af00f3dd8d985bbafbbcd88fa4238279b,dd3eab8af00f3dd8d985bbafbbcd88fa4238279b,"Merge pull request #24 from cssmagic/master

Fix typo."
cssmagic,2013-05-19 14:42:46,https://api.github.com/repos/JacksonTian/eventproxy/git/commits/cab241ddd4df8612d6b8db7b79f3750904441adb,cab241ddd4df8612d6b8db7b79f3750904441adb,Fix typo.
JacksonTian,2013-05-18 05:49:57,https://api.github.com/repos/JacksonTian/eventproxy/git/commits/fb019ac058391eaa22931abd56d6de5d36bd1fc5,fb019ac058391eaa22931abd56d6de5d36bd1fc5,更新文档
JacksonTian,2013-05-18 05:44:35,https://api.github.com/repos/JacksonTian/eventproxy/git/commits/46665a4299a124c21c49e2ecadb716081f548f6b,46665a4299a124c21c49e2ecadb716081f548f6b,"Merge pull request #22 from JacksonTian/done_event_fn

添加ep.done(event, fn)设计"
JacksonTian,2013-05-18 05:31:54,https://api.github.com/repos/JacksonTian/eventproxy/git/commits/1e5840b08718eae1ac31227dc5fb899e2ffc1f48,1e5840b08718eae1ac31227dc5fb899e2ffc1f48,"添加ep.done(event, fn)设计"
JacksonTian,2013-05-17 09:07:54,https://api.github.com/repos/JacksonTian/eventproxy/git/commits/1337bd5a789896119c34f9743aab445e6e112f8f,1337bd5a789896119c34f9743aab445e6e112f8f,Remove 0.6 test
JacksonTian,2013-05-17 09:00:57,https://api.github.com/repos/JacksonTian/eventproxy/git/commits/3d9dc2cba502a56e508fa2e79f1f49b385a8b683,3d9dc2cba502a56e508fa2e79f1f49b385a8b683,将覆盖率改为blanket
JacksonTian,2013-04-18 02:20:45,https://api.github.com/repos/JacksonTian/eventproxy/git/commits/39200dfda817a1f07c435c674dc3625b1655ada3,39200dfda817a1f07c435c674dc3625b1655ada3,Update the english documentation
JacksonTian,2013-03-20 04:22:51,https://api.github.com/repos/JacksonTian/eventproxy/git/commits/c9d3903daadd3776a450c1a9bd426c1f859424c4,c9d3903daadd3776a450c1a9bd426c1f859424c4,Add language highlight
JacksonTian,2013-03-20 04:19:04,https://api.github.com/repos/JacksonTian/eventproxy/git/commits/3d24f70f31bb4e4c2a42be899a3f86b1b019b26b,3d24f70f31bb4e4c2a42be899a3f86b1b019b26b,Add english documentation
JacksonTian,2013-03-13 05:23:56,https://api.github.com/repos/JacksonTian/eventproxy/git/commits/d2ace1df9ce90e1e42118d31a7552887f7081a65,d2ace1df9ce90e1e42118d31a7552887f7081a65,Add 0.10 version for travis ci.
JacksonTian,2013-03-08 03:39:51,https://api.github.com/repos/JacksonTian/eventproxy/git/commits/5965798ef3cb57dd86a6d3c44ec20f43d30b8bfc,5965798ef3cb57dd86a6d3c44ec20f43d30b8bfc,更新README
JacksonTian,2013-03-05 16:48:51,https://api.github.com/repos/JacksonTian/eventproxy/git/commits/bb79e79486b78462cb7549588e41b33eb5175dc8,bb79e79486b78462cb7549588e41b33eb5175dc8,添加注解连接
JacksonTian,2013-03-05 16:41:26,https://api.github.com/repos/JacksonTian/eventproxy/git/commits/cbf974181a2a3f8ff0d046f12188446ea60ed457,cbf974181a2a3f8ff0d046f12188446ea60ed457,Update comments
JacksonTian,2013-03-05 06:14:16,https://api.github.com/repos/JacksonTian/eventproxy/git/commits/9198a15a46960540484bb2b7bf3733b5fdc8340e,9198a15a46960540484bb2b7bf3733b5fdc8340e,"Merge pull request #17 from JacksonTian/group

Add group method"
JacksonTian,2013-03-05 06:13:23,https://api.github.com/repos/JacksonTian/eventproxy/git/commits/840334bee8796646f691ec751bc8667ae638d033,840334bee8796646f691ec751bc8667ae638d033,Update summary
JacksonTian,2013-03-05 06:03:00,https://api.github.com/repos/JacksonTian/eventproxy/git/commits/fa352b91bdbc864b35e69706bbde75b63b601e53,fa352b91bdbc864b35e69706bbde75b63b601e53,Add group method
JacksonTian,2013-02-27 16:37:39,https://api.github.com/repos/JacksonTian/eventproxy/git/commits/5d14d4a4f41c6854887fc94e2999e657de19beef,5d14d4a4f41c6854887fc94e2999e657de19beef,"Merge pull request #15 from fengmk2/update-readme

让readme支持语法高亮"
fengmk2,2013-02-27 16:26:59,https://api.github.com/repos/JacksonTian/eventproxy/git/commits/76b6c76067a3488ca1d9a743cf59903db40dda15,76b6c76067a3488ca1d9a743cf59903db40dda15,update readme.md support code highlight
JacksonTian,2013-02-17 06:36:09,https://api.github.com/repos/JacksonTian/eventproxy/git/commits/3e472338b3361ba6e4783bcf0be6e582b98a42a5,3e472338b3361ba6e4783bcf0be6e582b98a42a5,Update git summary
JacksonTian,2013-02-17 06:35:03,https://api.github.com/repos/JacksonTian/eventproxy/git/commits/3ea630098e289f07f4040c18c453685614e89476,3ea630098e289f07f4040c18c453685614e89476,Update mocha
JacksonTian,2013-02-17 06:25:55,https://api.github.com/repos/JacksonTian/eventproxy/git/commits/5e4cc354320a538e1494a671c85c3c6abcfa08de,5e4cc354320a538e1494a671c85c3c6abcfa08de,"Merge pull request #14 from coderhaoxin/patch-1

Update README.md"
haoxins,2013-02-17 06:23:18,https://api.github.com/repos/JacksonTian/eventproxy/git/commits/0f80982264eacbac8be61f95a72ce5adfa64bb0f,0f80982264eacbac8be61f95a72ce5adfa64bb0f,"Update README.md

错别字"
JacksonTian,2013-02-16 05:32:22,https://api.github.com/repos/JacksonTian/eventproxy/git/commits/f0c8021c9e2dd77043ca39ece51e654bc54c7013,f0c8021c9e2dd77043ca39ece51e654bc54c7013,"Merge pull request #13 from zhanhongtao/master

Modify ""evnet"" to ""event"""
zhanhongtao,2013-02-16 05:10:28,https://api.github.com/repos/JacksonTian/eventproxy/git/commits/2740f28472cd76503382117881374168a8a40ad9,2740f28472cd76503382117881374168a8a40ad9,修正单词
JacksonTian,2012-11-28 15:36:26,https://api.github.com/repos/JacksonTian/eventproxy/git/commits/740e73a53bbe79c97c0ffee8e77dc481be6b8eb2,740e73a53bbe79c97c0ffee8e77dc481be6b8eb2,Change setTimeout to nextTick
JacksonTian,2012-11-28 15:29:52,https://api.github.com/repos/JacksonTian/eventproxy/git/commits/8d244b720d4cd85131e3a11a2960186970d89ee6,8d244b720d4cd85131e3a11a2960186970d89ee6,Remove jsdoc
JacksonTian,2012-11-28 08:14:11,https://api.github.com/repos/JacksonTian/eventproxy/git/commits/7c15ed62d59da37b0f88e11c5584f6fad6b376b0,7c15ed62d59da37b0f88e11c5584f6fad6b376b0,Update docmentation
JacksonTian,2012-11-28 07:11:23,https://api.github.com/repos/JacksonTian/eventproxy/git/commits/6c2925f765cc424480d61ef26a2092241e6aab76,6c2925f765cc424480d61ef26a2092241e6aab76,添加contributors部分
JacksonTian,2012-11-28 07:06:53,https://api.github.com/repos/JacksonTian/eventproxy/git/commits/00be80d6e84e97825fa096b7c4fdd8767a2c182a,00be80d6e84e97825fa096b7c4fdd8767a2c182a,Update document
JacksonTian,2012-11-26 07:35:34,https://api.github.com/repos/JacksonTian/eventproxy/git/commits/e4ba3805b7c3e640b4f102cd8259176e1d44b213,e4ba3805b7c3e640b4f102cd8259176e1d44b213,Update for pass multi result
JacksonTian,2012-11-26 07:34:19,https://api.github.com/repos/JacksonTian/eventproxy/git/commits/bcbea13800f6fdb9300a4cc80758594624a8b4b7,bcbea13800f6fdb9300a4cc80758594624a8b4b7,"Merge pull request #9 from fengmk2/support-callback-with-more-than-two-datas

support ep.done(function (err, data1, data2) {})"
fengmk2,2012-11-26 06:37:10,https://api.github.com/repos/JacksonTian/eventproxy/git/commits/7bd7dd6ce4e2c04b17e77f781f2afaf534bb071c,7bd7dd6ce4e2c04b17e77f781f2afaf534bb071c,"support ep.done(function (err, data1, data2) {}), callback with more than one data arguments"
JacksonTian,2012-11-14 07:23:55,https://api.github.com/repos/JacksonTian/eventproxy/git/commits/10314e41e421b23486160a1b28c482d04b33c2cf,10314e41e421b23486160a1b28c482d04b33c2cf,Update test command
JacksonTian,2012-11-14 07:15:37,https://api.github.com/repos/JacksonTian/eventproxy/git/commits/0d96044580eae9b12b16501ed733408dc88a429b,0d96044580eae9b12b16501ed733408dc88a429b,Add done & fail API
JacksonTian,2012-11-14 06:29:42,https://api.github.com/repos/JacksonTian/eventproxy/git/commits/65f9efa9a701f23fe6b1a8bcc5cb6866c2e65ce3,65f9efa9a701f23fe6b1a8bcc5cb6866c2e65ce3,Resolve conflicts
JacksonTian,2012-11-14 06:18:06,https://api.github.com/repos/JacksonTian/eventproxy/git/commits/cde8aa686aa74f5f85bda1a3a9ef96d7c1a5ba22,cde8aa686aa74f5f85bda1a3a9ef96d7c1a5ba22,"Merge pull request #8 from fengmk2/errorHandler

add errorHandler mode"
fengmk2,2012-11-14 06:14:29,https://api.github.com/repos/JacksonTian/eventproxy/git/commits/b3ad457e663d438a0708439712a861a516a0ad86,b3ad457e663d438a0708439712a861a516a0ad86,add ep.fail(errorHandler)
fengmk2,2012-11-14 03:49:33,https://api.github.com/repos/JacksonTian/eventproxy/git/commits/000b93af19e4249c1b22786cdb312b746bdd1e63,000b93af19e4249c1b22786cdb312b746bdd1e63,add errorHandler mode
JacksonTian,2012-10-15 16:51:59,https://api.github.com/repos/JacksonTian/eventproxy/git/commits/aba084bb71c616315a19f3ae05806eea7352ae2d,aba084bb71c616315a19f3ae05806eea7352ae2d,Update README.md
JacksonTian,2012-10-15 16:47:08,https://api.github.com/repos/JacksonTian/eventproxy/git/commits/1b25ca1149b8d6fe83a24c8ff4345d9fc676b6b6,1b25ca1149b8d6fe83a24c8ff4345d9fc676b6b6,Update dependencies & fix travis.yml
JacksonTian,2012-10-15 16:30:10,https://api.github.com/repos/JacksonTian/eventproxy/git/commits/2c60d177ed46cea8d165dab0f7bbe62ede496ec6,2c60d177ed46cea8d165dab0f7bbe62ede496ec6,Update test with mocha
JacksonTian,2012-10-15 12:59:39,https://api.github.com/repos/JacksonTian/eventproxy/git/commits/fbe0091981283e22b41732e2949b966b78af6450,fbe0091981283e22b41732e2949b966b78af6450,"Merge pull request #7 from yaoazhen/master

Support AMD - requirejs"
yaoazhen,2012-10-15 12:48:09,https://api.github.com/repos/JacksonTian/eventproxy/git/commits/2b1ad58b1a51e4ad8ff8f7846b87706647ad231f,2b1ad58b1a51e4ad8ff8f7846b87706647ad231f,Support AMD - (require js)
JacksonTian,2012-10-09 06:04:08,https://api.github.com/repos/JacksonTian/eventproxy/git/commits/be9ff18223bcfd215b3f96ed039e2683a2d16d5c,be9ff18223bcfd215b3f96ed039e2683a2d16d5c,Merge branch 'master' of github.com:JacksonTian/eventproxy
JacksonTian,2012-10-09 06:03:40,https://api.github.com/repos/JacksonTian/eventproxy/git/commits/df9ef87ad8723ebd1f776a1c36bb2fa58f6483b0,df9ef87ad8723ebd1f776a1c36bb2fa58f6483b0,Backwards compatibility
JacksonTian,2012-10-08 09:20:30,https://api.github.com/repos/JacksonTian/eventproxy/git/commits/6a79f75d73425b1eee92a2a1615d666fb36c8590,6a79f75d73425b1eee92a2a1615d666fb36c8590,Update README.md
JacksonTian,2012-10-05 14:45:37,https://api.github.com/repos/JacksonTian/eventproxy/git/commits/3f06e85430ab816fe83e73a72b06e7e7613c8254,3f06e85430ab816fe83e73a72b06e7e7613c8254,Update doc
JacksonTian,2012-10-05 14:41:22,https://api.github.com/repos/JacksonTian/eventproxy/git/commits/2f683af96677ea6115a635ab5565cb0c3d2cd3b9,2f683af96677ea6115a635ab5565cb0c3d2cd3b9,Update eventproxy.
JacksonTian,2012-10-03 05:41:50,https://api.github.com/repos/JacksonTian/eventproxy/git/commits/05063292765dafbe9b54dd6cb96e1b7aaa056244,05063292765dafbe9b54dd6cb96e1b7aaa056244,Remove the useless space.
JacksonTian,2012-10-03 05:36:38,https://api.github.com/repos/JacksonTian/eventproxy/git/commits/0337a75005eac5f5f397edc386714e3c161e0e7d,0337a75005eac5f5f397edc386714e3c161e0e7d,move the file.
JacksonTian,2012-08-09 10:03:33,https://api.github.com/repos/JacksonTian/eventproxy/git/commits/d5475b4ccbfbb6c507bb05a6b30c59d61dfdb82c,d5475b4ccbfbb6c507bb05a6b30c59d61dfdb82c,Update version number.
JacksonTian,2012-08-09 09:58:31,https://api.github.com/repos/JacksonTian/eventproxy/git/commits/53d68d9ae7dfca3e3058b6a11430858ad1085367,53d68d9ae7dfca3e3058b6a11430858ad1085367,Update test cases.
JacksonTian,2012-08-09 09:53:05,https://api.github.com/repos/JacksonTian/eventproxy/git/commits/bc48e63f2cf25de0d514f2de26b8b1ea837e9980,bc48e63f2cf25de0d514f2de26b8b1ea837e9980,Fix incorrect trigger.
JacksonTian,2012-08-09 09:29:59,https://api.github.com/repos/JacksonTian/eventproxy/git/commits/a086e1fd0b89f0862a3d7199c503f09ce864e72b,a086e1fd0b89f0862a3d7199c503f09ce864e72b,Update test/eventproxy.test.js
JacksonTian,2012-03-27 06:26:34,https://api.github.com/repos/JacksonTian/eventproxy/git/commits/69c9330d26c9a5bff5319e5845a92eac2765f69b,69c9330d26c9a5bff5319e5845a92eac2765f69b,Merge branch 'master' of github.com:JacksonTian/eventproxy
JacksonTian,2012-03-27 09:35:06,https://api.github.com/repos/JacksonTian/eventproxy/git/commits/188af67623ac3887c7ec064a056220c14632c678,188af67623ac3887c7ec064a056220c14632c678,Update README.md
JacksonTian,2012-03-27 06:24:36,https://api.github.com/repos/JacksonTian/eventproxy/git/commits/b1ef3ff02cfb0b8ebda167b742ffeeb30d54d089,b1ef3ff02cfb0b8ebda167b742ffeeb30d54d089,add travis yml file.
JacksonTian,2012-02-23 17:07:32,https://api.github.com/repos/JacksonTian/eventproxy/git/commits/b598f06ac9575409d97cf9a8c3aa75c6b79ccecd,b598f06ac9575409d97cf9a8c3aa75c6b79ccecd,Update unit test case.
JacksonTian,2012-01-15 04:43:38,https://api.github.com/repos/JacksonTian/eventproxy/git/commits/9cefd082b9719a394acd936e06f465ef3baf79cc,9cefd082b9719a394acd936e06f465ef3baf79cc,Fix the test script error.
JacksonTian,2011-12-13 10:17:45,https://api.github.com/repos/JacksonTian/eventproxy/git/commits/3c956c1f69fea34f6c9a83253de79f1e993558ae,3c956c1f69fea34f6c9a83253de79f1e993558ae,Update test/test.js
JacksonTian,2011-12-13 10:17:04,https://api.github.com/repos/JacksonTian/eventproxy/git/commits/86ee32c0718299cacbe2fbffef8474c8e9cab806,86ee32c0718299cacbe2fbffef8474c8e9cab806,Update unit test case.
JacksonTian,2011-12-13 10:14:20,https://api.github.com/repos/JacksonTian/eventproxy/git/commits/3392bbedb9d636bd3a83b6852c0a5c2c8a3b0c69,3392bbedb9d636bd3a83b6852c0a5c2c8a3b0c69,Update unit test.
JacksonTian,2011-12-13 10:11:29,https://api.github.com/repos/JacksonTian/eventproxy/git/commits/c17ebd811f57959e8e6964e27d5609d4e5c8044a,c17ebd811f57959e8e6964e27d5609d4e5c8044a,Handle the times is zero case.
JacksonTian,2011-12-07 16:51:08,https://api.github.com/repos/JacksonTian/eventproxy/git/commits/65e421279afb90360baf625cc53d6ad0f72d2879,65e421279afb90360baf625cc53d6ad0f72d2879,Restore url.
JacksonTian,2011-12-07 16:45:10,https://api.github.com/repos/JacksonTian/eventproxy/git/commits/39a9e563eced12a9c79775503ac78c0f795932e3,39a9e563eced12a9c79775503ac78c0f795932e3,Update the repository url.
JacksonTian,2011-12-07 16:09:40,https://api.github.com/repos/JacksonTian/eventproxy/git/commits/19083ccb984ae7c3932b11e101555763800db6b0,19083ccb984ae7c3932b11e101555763800db6b0,Update package.json
JacksonTian,2011-12-03 16:14:08,https://api.github.com/repos/JacksonTian/eventproxy/git/commits/391c10a23ca8ac01a109d6bb23832a4576703f23,391c10a23ca8ac01a109d6bb23832a4576703f23,Update expresso unit test cases.
JacksonTian,2011-12-03 15:40:34,https://api.github.com/repos/JacksonTian/eventproxy/git/commits/36527e688e27aa0053fe2a48c0c40e549df110dc,36527e688e27aa0053fe2a48c0c40e549df110dc,Update the version.
JacksonTian,2011-12-03 15:26:25,https://api.github.com/repos/JacksonTian/eventproxy/git/commits/6d18b61d21895daf88d66cd5ce22651329176376,6d18b61d21895daf88d66cd5ce22651329176376,Refine code & Update jsdoc.
JacksonTian,2011-12-03 15:01:30,https://api.github.com/repos/JacksonTian/eventproxy/git/commits/4d10507c3ecce20d530631852da5285aaaaa7a3d,4d10507c3ecce20d530631852da5285aaaaa7a3d,Remove the .gitignore. Please add .gitignore in .gitignore.
JacksonTian,2011-12-03 14:56:11,https://api.github.com/repos/JacksonTian/eventproxy/git/commits/4f8de67ab6b8080967cb34cf420d4bcc326bc09a,4f8de67ab6b8080967cb34cf420d4bcc326bc09a,Remove the dependences.
JacksonTian,2011-12-03 14:46:51,https://api.github.com/repos/JacksonTian/eventproxy/git/commits/9ecf9f644005880af6cbd35a8019c6b12d2596a2,9ecf9f644005880af6cbd35a8019c6b12d2596a2,Update README.md
JacksonTian,2011-12-03 14:40:39,https://api.github.com/repos/JacksonTian/eventproxy/git/commits/58554d1050acc2e3676e211752742fd95b3a72e9,58554d1050acc2e3676e211752742fd95b3a72e9,Update package.json
JacksonTian,2011-12-03 14:39:27,https://api.github.com/repos/JacksonTian/eventproxy/git/commits/613e1786564f25aa9014688b53aa0a3c5dd546be,613e1786564f25aa9014688b53aa0a3c5dd546be,Use ./eventproxy.js for faster require.
JacksonTian,2011-11-29 03:19:35,https://api.github.com/repos/JacksonTian/eventproxy/git/commits/5aed9d70a3ebc2eb7a08d4ef21aaa046e27bad9a,5aed9d70a3ebc2eb7a08d4ef21aaa046e27bad9a,Update eventproxy.js
JacksonTian,2011-11-25 17:31:09,https://api.github.com/repos/JacksonTian/eventproxy/git/commits/e6479345b255a7ee5d6a46b340bce1fc0fc9bc66,e6479345b255a7ee5d6a46b340bce1fc0fc9bc66,Update README.md
JacksonTian,2011-11-25 16:29:15,https://api.github.com/repos/JacksonTian/eventproxy/git/commits/cc694f6beabf211f501214a08d01a6de914b9381,cc694f6beabf211f501214a08d01a6de914b9381,Rename to eventproxy.
JacksonTian,2011-11-25 16:26:55,https://api.github.com/repos/JacksonTian/eventproxy/git/commits/e2f6537eabbaf8957c66f7392c0bdbe468cc77d7,e2f6537eabbaf8957c66f7392c0bdbe468cc77d7,Add EventProxy() supports.
JacksonTian,2011-11-25 16:18:20,https://api.github.com/repos/JacksonTian/eventproxy/git/commits/7c30476dc6d823358ca7c9086007c258d8e3464e,7c30476dc6d823358ca7c9086007c258d8e3464e,Refine the create static method.
JacksonTian,2011-11-25 16:00:52,https://api.github.com/repos/JacksonTian/eventproxy/git/commits/0bf9721f3323ffb281d978955b6b00eab9ee1f91,0bf9721f3323ffb281d978955b6b00eab9ee1f91,Update package.
JacksonTian,2011-11-25 15:41:33,https://api.github.com/repos/JacksonTian/eventproxy/git/commits/4193f8ece72932ee27fcbb9a139ec4c9a6a69634,4193f8ece72932ee27fcbb9a139ec4c9a6a69634,Fix the isArray.
JacksonTian,2011-11-25 05:43:12,https://api.github.com/repos/JacksonTian/eventproxy/git/commits/d7b71bb7c4c0d20b1df96847b4e331540ee3af82,d7b71bb7c4c0d20b1df96847b4e331540ee3af82,"Merge pull request #4 from fengmk2/master

Add a helper method: create();
Add nodejs unittest;"
JacksonTian,2011-11-25 05:40:11,https://api.github.com/repos/JacksonTian/eventproxy/git/commits/8c2119f5075fa3c69e699ac0dcd47fd6bb8b5117,8c2119f5075fa3c69e699ac0dcd47fd6bb8b5117,Fix isArray issue.
fengmk2,2011-11-25 03:44:16,https://api.github.com/repos/JacksonTian/eventproxy/git/commits/f4d990038c8a979087001582f807d56153174742,f4d990038c8a979087001582f807d56153174742,"support ep.assign([event1, event2], cb)"
fengmk2,2011-11-25 03:26:04,https://api.github.com/repos/JacksonTian/eventproxy/git/commits/a1198e043567d95fab48e911cad7a6781609df3d,a1198e043567d95fab48e911cad7a6781609df3d,"add create() utils to create EventProxy; add one line code way to create and assign. add nodejs unittest for eventproxy, $ expresso test/eventproxy.test.js"
JacksonTian,2011-11-17 07:00:10,https://api.github.com/repos/JacksonTian/eventproxy/git/commits/27ed7008299ba35baaeb6a3f50b3d1a6a790dce5,27ed7008299ba35baaeb6a3f50b3d1a6a790dce5,Add await as alias of addListener.
JacksonTian,2011-11-17 03:01:11,https://api.github.com/repos/JacksonTian/eventproxy/git/commits/ea2f2aa91baf167672fc55672525827c404e89b5,ea2f2aa91baf167672fc55672525827c404e89b5,Update README.md
JacksonTian,2011-10-27 04:41:23,https://api.github.com/repos/JacksonTian/eventproxy/git/commits/0b7ec7c7c07a0ac3671ff4ab930df183463e4658,0b7ec7c7c07a0ac3671ff4ab930df183463e4658,Update version.
JacksonTian,2011-10-27 02:45:46,https://api.github.com/repos/JacksonTian/eventproxy/git/commits/02bf9ae56e2ef5fe537c80eec179b35d688b7e2a,02bf9ae56e2ef5fe537c80eec179b35d688b7e2a,Update.
JacksonTian,2011-10-27 02:30:58,https://api.github.com/repos/JacksonTian/eventproxy/git/commits/170b086004ddfcd12f3a7cdb791748bd0f936c12,170b086004ddfcd12f3a7cdb791748bd0f936c12,Add any/not method.
JacksonTian,2011-10-27 01:39:52,https://api.github.com/repos/JacksonTian/eventproxy/git/commits/1f500448f48b05b687cff48e6d41613a87ffc791,1f500448f48b05b687cff48e6d41613a87ffc791,Add any method.
JacksonTian,2011-10-27 01:15:22,https://api.github.com/repos/JacksonTian/eventproxy/git/commits/6980c8b620f81a21b085adb28c2c97f2706d50ac,6980c8b620f81a21b085adb28c2c97f2706d50ac,Fix the submodule.
JacksonTian,2011-10-26 23:27:18,https://api.github.com/repos/JacksonTian/eventproxy/git/commits/716e81252684e37208bfd82c806345c4c5f48151,716e81252684e37208bfd82c806345c4c5f48151,Update submodule.
JacksonTian,2011-10-26 22:55:05,https://api.github.com/repos/JacksonTian/eventproxy/git/commits/1508a802dd9801507b48be1234b7b7977a59a962,1508a802dd9801507b48be1234b7b7977a59a962,Merge branch 'master' of https://github.com/JacksonTian/eventproxy
JacksonTian,2011-10-26 22:54:29,https://api.github.com/repos/JacksonTian/eventproxy/git/commits/a965fb24a7e280f27918a8cfb5f75572a93a6a77,a965fb24a7e280f27918a8cfb5f75572a93a6a77,Add any methond.
JacksonTian,2011-10-16 08:32:17,https://api.github.com/repos/JacksonTian/eventproxy/git/commits/82e11c54ffcb7f500e536bbf8d8ab3e2cde2e4d2,82e11c54ffcb7f500e536bbf8d8ab3e2cde2e4d2,Update eventproxy.js
JacksonTian,2011-10-16 04:17:45,https://api.github.com/repos/JacksonTian/eventproxy/git/commits/b4ac3805c882ff9dc0c0453ce42f40a75f987425,b4ac3805c882ff9dc0c0453ce42f40a75f987425,Update test/test.js
JacksonTian,2011-10-16 04:10:19,https://api.github.com/repos/JacksonTian/eventproxy/git/commits/72d899da4d5bb0bb4e1533d372e53d871391a596,72d899da4d5bb0bb4e1533d372e53d871391a596,"Add immediate function. bind an event, and trigger it immediately."
JacksonTian,2011-10-06 00:36:50,https://api.github.com/repos/JacksonTian/eventproxy/git/commits/74622c1a227dfee38950a98d5d74dcfedc322093,74622c1a227dfee38950a98d5d74dcfedc322093,Update pageckage.json.
JacksonTian,2011-10-06 00:35:00,https://api.github.com/repos/JacksonTian/eventproxy/git/commits/7a188e0ac97add0ad9821440357a130e93a08954,7a188e0ac97add0ad9821440357a130e93a08954,Update the pageckage.
JacksonTian,2011-10-04 08:44:10,https://api.github.com/repos/JacksonTian/eventproxy/git/commits/753fd0fc275c457d09b15f71fd180ab22ed85f2f,753fd0fc275c457d09b15f71fd180ab22ed85f2f,Edited README.md via GitHub
JacksonTian,2011-10-04 08:43:24,https://api.github.com/repos/JacksonTian/eventproxy/git/commits/cf705131df86e364c221473f881ebe7be49bee12,cf705131df86e364c221473f881ebe7be49bee12,Edited README.md via GitHub
JacksonTian,2011-09-29 06:42:01,https://api.github.com/repos/JacksonTian/eventproxy/git/commits/927ace32b66be18fad7db451b50c8ef98343e3cc,927ace32b66be18fad7db451b50c8ef98343e3cc,Add jsdoc for EventProxy.
JacksonTian,2011-09-19 09:34:45,https://api.github.com/repos/JacksonTian/eventproxy/git/commits/b983beaa8b548b5c5d7a02341e06a86c90ed7e01,b983beaa8b548b5c5d7a02341e06a86c90ed7e01,Update the test.
JacksonTian,2011-09-19 09:16:46,https://api.github.com/repos/JacksonTian/eventproxy/git/commits/b553892906c3986e1df9d222fa627e4f17d40c51,b553892906c3986e1df9d222fa627e4f17d40c51,Add test.
JacksonTian,2011-09-19 08:45:11,https://api.github.com/repos/JacksonTian/eventproxy/git/commits/7044fa12fa309b9147f817ac2a417edd9ba72ec2,7044fa12fa309b9147f817ac2a417edd9ba72ec2,Update the qunit.
JacksonTian,2011-09-19 08:36:15,https://api.github.com/repos/JacksonTian/eventproxy/git/commits/36f4bad29d8af16d5f3dc0d8368fa4c16c7cc3fe,36f4bad29d8af16d5f3dc0d8368fa4c16c7cc3fe,Remove the qunit.
JacksonTian,2011-09-14 09:03:53,https://api.github.com/repos/JacksonTian/eventproxy/git/commits/ad5edc655af8c74dab4bf8dc1cb4101840a44572,ad5edc655af8c74dab4bf8dc1cb4101840a44572,Fix the after method's bug.
JacksonTian,2011-09-08 07:35:59,https://api.github.com/repos/JacksonTian/eventproxy/git/commits/e8f200971a0905a1bf05fa44160b52ec7aa6d901,e8f200971a0905a1bf05fa44160b52ec7aa6d901,Fix bug for mixin prototype to other object.
JacksonTian,2011-08-28 08:54:13,https://api.github.com/repos/JacksonTian/eventproxy/git/commits/a4bfbe88c9b881f04636d6e8ac74612130359ef4,a4bfbe88c9b881f04636d6e8ac74612130359ef4,借鉴了Underscore的after方法，但是添加了数据返回的功能。适用于批量操作的异步场景。
JacksonTian,2011-08-20 16:46:16,https://api.github.com/repos/JacksonTian/eventproxy/git/commits/f26c230ef03f373ee1dbb0614685b9530e675ab2,f26c230ef03f373ee1dbb0614685b9530e675ab2,Update git modules.
JacksonTian,2011-08-20 16:40:46,https://api.github.com/repos/JacksonTian/eventproxy/git/commits/393a4157d4c6d84b8e703372d2b2bb63541bc6a8,393a4157d4c6d84b8e703372d2b2bb63541bc6a8,Move the qunit.
JacksonTian,2011-08-20 16:31:48,https://api.github.com/repos/JacksonTian/eventproxy/git/commits/b6277d3e5535a970cd5abbc09bb0d64d70d25b05,b6277d3e5535a970cd5abbc09bb0d64d70d25b05,Move the test files into test folder.
JacksonTian,2011-08-20 16:24:14,https://api.github.com/repos/JacksonTian/eventproxy/git/commits/9eb2ff5b4fa5553f49f0d9a4713a6b8f29459f1a,9eb2ff5b4fa5553f49f0d9a4713a6b8f29459f1a,Add qunit.
JacksonTian,2011-08-17 15:45:31,https://api.github.com/repos/JacksonTian/eventproxy/git/commits/ecf7cd5b1e83caf84d4917f30cebf404adbf23d6,ecf7cd5b1e83caf84d4917f30cebf404adbf23d6,Add assignAlways as alias of assignAll.
JacksonTian,2011-08-17 15:30:01,https://api.github.com/repos/JacksonTian/eventproxy/git/commits/8ed0fd2954b961ce5c5598a3a8973dc90d59fc19,8ed0fd2954b961ce5c5598a3a8973dc90d59fc19,Update the README
JacksonTian,2011-08-17 15:20:43,https://api.github.com/repos/JacksonTian/eventproxy/git/commits/5c67a46277e482cfad5599adc8087e87b95987ed,5c67a46277e482cfad5599adc8087e87b95987ed,Update the eventproxy for assignAll.
JacksonTian,2011-08-17 14:39:14,https://api.github.com/repos/JacksonTian/eventproxy/git/commits/ec0e53f94ee45391f655a08439510ec6ff311c7a,ec0e53f94ee45391f655a08439510ec6ff311c7a,Add new method assignAll
JacksonTian,2011-08-17 12:47:31,https://api.github.com/repos/JacksonTian/eventproxy/git/commits/b10055fa793ee6f9f3be4c9efe7d8bf98a077690,b10055fa793ee6f9f3be4c9efe7d8bf98a077690,"Merge pull request #1 from dead-horse/master

我先merge进来，第一点我是赞同的，不过之后可能会有一点小修改。第二点我打算新开一个方法来调用这样，实质上第二个想法在我实际的项目中，有一个这个的方法的，不过我嫌实现得不好，没有提交上来。"
dead-horse,2011-08-17 10:54:20,https://api.github.com/repos/JacksonTian/eventproxy/git/commits/098726afadb55643571f066fc9a0a9cf2c3e9d1c,098726afadb55643571f066fc9a0a9cf2c3e9d1c,change
dead-horse,2011-08-17 09:33:49,https://api.github.com/repos/JacksonTian/eventproxy/git/commits/2ff82318b65373d2ea85aeab98578db349490e63,2ff82318b65373d2ea85aeab98578db349490e63,"对assign函数的修改。
 1.改为采用计数的方式，因为本来对once里面的回调函数只会执行一次，因此在执行的时候对这个times++，而在触发'all'事件的时候，检测timse是否等于所监听的事件数目，当timse===length的时候，说明所有事件都已经被触发，执行cb函数。（数据的传递还是按照之前的方式）这样就不需要在每次触发'all'事件的时候都去尝试数据的copy了。只需要检查times是否等于length。
 2.之前assign函数是只监听一次的，和once类似。我的想法是在函数结尾的时候，通过再对每一个事件调用一次bind方法，重新建立它们的绑定，可以让它像on一样工作，每次触发完所有事件后又开始重新监听这几个事件。暂时只是在函数参数列表尾的时候增加了一个参数，当函数传进来的最后一个参数是""persistent""的时候，就持续监听，否则和以前一样。"
dead-horse,2011-08-17 09:27:27,https://api.github.com/repos/JacksonTian/eventproxy/git/commits/6f06bc8b746479c3b1cf298b48b52da3ea54f956,6f06bc8b746479c3b1cf298b48b52da3ea54f956,Edited eventproxy.js via GitHub
dead-horse,2011-08-17 09:26:17,https://api.github.com/repos/JacksonTian/eventproxy/git/commits/12410f4ac486e5ca713c5a2f0cc2de639d57f2a4,12410f4ac486e5ca713c5a2f0cc2de639d57f2a4,"对assign函数的修改。
 1.改为采用计数的方式，因为本来对once里面的回调函数只会执行一次，因此在执行的时候对这个times++，而在触发'all'事件的时候，检测timse是否等于所监听的事件数目，当timse===length的时候，说明所有事件都已经被触发，执行cb函数。（数据的传递还是按照之前的方式）
 2.之前assign函数是只监听一次的，和once类似。我的想法是在函数结尾的时候，通过再对每一个事件调用一次bind方法，重新建立它们的绑定，可以让它像on一样工作，每次触发完所有事件后又开始重新监听这几个事件。暂时只是在函数参数列表尾的时候增加了一个参数，当函数传进来的最后一个参数是""persistent""的时候，就持续监听，否则和以前一样。"
JacksonTian,2011-08-14 06:17:36,https://api.github.com/repos/JacksonTian/eventproxy/git/commits/f5ae00653b285483d682f73fe65b43ba347d7e37,f5ae00653b285483d682f73fe65b43ba347d7e37,Remove check events length when only one evnet use the once instead. Keep one event consistent with multi evnets.
JacksonTian,2011-08-07 06:21:30,https://api.github.com/repos/JacksonTian/eventproxy/git/commits/4be9f48f875fce4a7d1706df039b38ce3bb7c425,4be9f48f875fce4a7d1706df039b38ce3bb7c425,为了更好的实用性，还是决定fire方法只支持一个数据的传递，对于多数据的传递，建议使用json对象来用key指定数据。
JacksonTian,2011-06-29 12:05:06,https://api.github.com/repos/JacksonTian/eventproxy/git/commits/6cbbc117a1aa7387ed63d2b57c55b53d21f0c2e1,6cbbc117a1aa7387ed63d2b57c55b53d21f0c2e1,Update README.md
JacksonTian,2011-06-29 12:01:19,https://api.github.com/repos/JacksonTian/eventproxy/git/commits/ba76e112dec6687ad5a68cd24069e2ee9532da6c,ba76e112dec6687ad5a68cd24069e2ee9532da6c,Update README.md
JacksonTian,2011-06-29 11:52:32,https://api.github.com/repos/JacksonTian/eventproxy/git/commits/b81e4b62cc038ecd20e6ed9b2cada9656cc967a5,b81e4b62cc038ecd20e6ed9b2cada9656cc967a5,Update README.md
JacksonTian,2011-06-29 11:51:37,https://api.github.com/repos/JacksonTian/eventproxy/git/commits/feeeba5af10aa4682e0445dc44a8bbd21053bc24,feeeba5af10aa4682e0445dc44a8bbd21053bc24,Update README.md
JacksonTian,2011-06-29 11:42:53,https://api.github.com/repos/JacksonTian/eventproxy/git/commits/db0a02eeb853af327748e18b0b8fbc93040ff076,db0a02eeb853af327748e18b0b8fbc93040ff076,"Merge branch 'master' of https://github.com/shyvo1987/eventproxy.js

Conflicts:
	README.md"
JacksonTian,2011-07-22 09:25:36,https://api.github.com/repos/JacksonTian/eventproxy/git/commits/176fe292dab97913b3a9d52e4cb47bef57b73e22,176fe292dab97913b3a9d52e4cb47bef57b73e22,Edited README.md via GitHub
JacksonTian,2011-07-22 09:25:15,https://api.github.com/repos/JacksonTian/eventproxy/git/commits/6abc7f2d06beabcdcb1eef020ae684ada5468904,6abc7f2d06beabcdcb1eef020ae684ada5468904,Update by markdown.
JacksonTian,2011-06-29 11:40:08,https://api.github.com/repos/JacksonTian/eventproxy/git/commits/f16e610c64a3f417d09ba52b5b91cee2a7a1bb6b,f16e610c64a3f417d09ba52b5b91cee2a7a1bb6b,Update readme
JacksonTian,2011-06-21 06:53:56,https://api.github.com/repos/JacksonTian/eventproxy/git/commits/2eb24dd5537335512eccf29c41fce8edb0ee2cd4,2eb24dd5537335512eccf29c41fce8edb0ee2cd4,Add npm comments.
JacksonTian,2011-06-21 06:51:07,https://api.github.com/repos/JacksonTian/eventproxy/git/commits/c65356520d94263922b7d3f8a16468d60ca3c553,c65356520d94263922b7d3f8a16468d60ca3c553,Add package.json for npm.
JacksonTian,2011-06-21 06:03:15,https://api.github.com/repos/JacksonTian/eventproxy/git/commits/53b4602ebd0391cf49f130c075ab765dd1c1553b,53b4602ebd0391cf49f130c075ab765dd1c1553b,Add removeAllListeners.
JacksonTian,2011-06-21 05:32:28,https://api.github.com/repos/JacksonTian/eventproxy/git/commits/00248c05568032096af480f0c4a5824e87db0d06,00248c05568032096af480f0c4a5824e87db0d06,Fix var error.
JacksonTian,2011-06-21 04:37:21,https://api.github.com/repos/JacksonTian/eventproxy/git/commits/4befb13f1a481f2e8a77fba8273f72f55740930b,4befb13f1a481f2e8a77fba8273f72f55740930b,Add MIT License.
JacksonTian,2011-06-20 06:05:14,https://api.github.com/repos/JacksonTian/eventproxy/git/commits/0c780d6dd892840b4897ba87a24234fa6ef89b80,0c780d6dd892840b4897ba87a24234fa6ef89b80,Remove the demo.html
JacksonTian,2011-06-20 06:02:30,https://api.github.com/repos/JacksonTian/eventproxy/git/commits/22281879b88374d9febed0dc4d6181fca26d9ed5,22281879b88374d9febed0dc4d6181fca26d9ed5,Update Readme
JacksonTian,2011-06-20 06:01:47,https://api.github.com/repos/JacksonTian/eventproxy/git/commits/175169187ed79fa2ff6fbd4d3090a7891e883736,175169187ed79fa2ff6fbd4d3090a7891e883736,Update Readme
JacksonTian,2011-06-20 05:54:18,https://api.github.com/repos/JacksonTian/eventproxy/git/commits/ed55c9a4932da14bbcbf60b3ba8883f6ab2f61d8,ed55c9a4932da14bbcbf60b3ba8883f6ab2f61d8,Update Readme
JacksonTian,2011-06-20 05:48:25,https://api.github.com/repos/JacksonTian/eventproxy/git/commits/33f732682e8af96104b67bc85e1bd8d603daa794,33f732682e8af96104b67bc85e1bd8d603daa794,Update Readme
JacksonTian,2011-06-20 05:36:31,https://api.github.com/repos/JacksonTian/eventproxy/git/commits/18f14a3cf491989b824611ddae82a9d56aeb5824,18f14a3cf491989b824611ddae82a9d56aeb5824,Update Readme.
JacksonTian,2011-06-20 05:27:31,https://api.github.com/repos/JacksonTian/eventproxy/git/commits/8196cf3a04043ba6df6bdee00535e1149756f620,8196cf3a04043ba6df6bdee00535e1149756f620,Add the EventProxy.
JacksonTian,2011-07-15 11:03:53,https://api.github.com/repos/JacksonTian/eventproxy/git/commits/cb0385b275ccc9d14495d782dec2ea5b95714928,cb0385b275ccc9d14495d782dec2ea5b95714928,Update.
JacksonTian,2011-07-15 11:01:53,https://api.github.com/repos/JacksonTian/eventproxy/git/commits/91e637ce3033abeb59681660c26e46a06bdb353d,91e637ce3033abeb59681660c26e46a06bdb353d,Update
JacksonTian,2011-05-17 10:22:54,https://api.github.com/repos/JacksonTian/eventproxy/git/commits/adf51ac9d16dc616ea4b8c5d4bf109c93100d59f,adf51ac9d16dc616ea4b8c5d4bf109c93100d59f,Add a little code.
JacksonTian,2011-05-16 15:42:01,https://api.github.com/repos/JacksonTian/eventproxy/git/commits/483ad6f1711450e3f495f58e04a589f0f3f88cea,483ad6f1711450e3f495f58e04a589f0f3f88cea,Update the demo.html
JacksonTian,2011-05-16 15:06:10,https://api.github.com/repos/JacksonTian/eventproxy/git/commits/f0004e5045c82d9b4cab7a738a5586ccb552b2f6,f0004e5045c82d9b4cab7a738a5586ccb552b2f6,Add the sample code.
JacksonTian,2011-05-16 13:48:43,https://api.github.com/repos/JacksonTian/eventproxy/git/commits/09d76c51b9a5842c27163794fb8014205ddb7593,09d76c51b9a5842c27163794fb8014205ddb7593,Add Initial Read me.
