cube-sdk,"A light package for Android development, it handles loading image and network request."
username,timestamp,url,sha,message
liaohuqiu,2015-05-20 09:51:51,https://api.github.com/repos/liaohuqiu/cube-sdk/git/commits/4446b1f156ad609fe72a4e7cd5de3c4c95761d96,4446b1f156ad609fe72a4e7cd5de3c4c95761d96,merge dev for fix CubeImageView
liaohuqiu,2015-05-18 09:18:34,https://api.github.com/repos/liaohuqiu/cube-sdk/git/commits/e07840f43958f00c94f7061538b90ff9456caec4,e07840f43958f00c94f7061538b90ff9456caec4,code format and make is simpler
liaohuqiu,2015-05-10 02:41:19,https://api.github.com/repos/liaohuqiu/cube-sdk/git/commits/10301e433d0fac4eebebdb92dc8b0cc018ff511d,10301e433d0fac4eebebdb92dc8b0cc018ff511d,update version
liaohuqiu,2015-04-29 01:47:41,https://api.github.com/repos/liaohuqiu/cube-sdk/git/commits/bdde1f134bb676ac4b2078359b9b764259afd31c,bdde1f134bb676ac4b2078359b9b764259afd31c,remove usless exception
liaohuqiu,2015-04-20 08:08:19,https://api.github.com/repos/liaohuqiu/cube-sdk/git/commits/4100965106f07b6895a7be3dd8495780d05c79d3,4100965106f07b6895a7be3dd8495780d05c79d3,to 4.4
veverrr,2015-05-18 08:32:52,https://api.github.com/repos/liaohuqiu/cube-sdk/git/commits/1bdedfc3482c497bb30c2ae7c3b0a2945657a0ea,1bdedfc3482c497bb30c2ae7c3b0a2945657a0ea,refactor CubeImageView
liaohuqiu,2015-05-18 08:10:08,https://api.github.com/repos/liaohuqiu/cube-sdk/git/commits/192f7dd6ffd9b15715a40c9d1c78ab7d46638162,192f7dd6ffd9b15715a40c9d1c78ab7d46638162,merge from dev
liaohuqiu,2015-05-10 02:41:19,https://api.github.com/repos/liaohuqiu/cube-sdk/git/commits/a1447ce0ea99d02693d9a3816e0f3d081bd1b0cc,a1447ce0ea99d02693d9a3816e0f3d081bd1b0cc,update version
liaohuqiu,2015-04-29 01:47:41,https://api.github.com/repos/liaohuqiu/cube-sdk/git/commits/c85f0844a2b0bd6a5ecad0632064019d2139ef5d,c85f0844a2b0bd6a5ecad0632064019d2139ef5d,remove usless exception
liaohuqiu,2015-04-20 08:08:19,https://api.github.com/repos/liaohuqiu/cube-sdk/git/commits/42c310a7cfa0da8128fbd634573fbafb3465cc03,42c310a7cfa0da8128fbd634573fbafb3465cc03,to 4.4
liaohuqiu,2015-05-18 08:07:14,https://api.github.com/repos/liaohuqiu/cube-sdk/git/commits/814e41448061a40e942c8ee49b78b30acb2f2ba8,814e41448061a40e942c8ee49b78b30acb2f2ba8,update GridViewWithHeaderAndFooter
veverrr,2015-05-18 07:59:01,https://api.github.com/repos/liaohuqiu/cube-sdk/git/commits/0c78ac2069fe92a2737e9cd60bb8b05397afc213,0c78ac2069fe92a2737e9cd60bb8b05397afc213,fix CubeImageView display last viewholders image when imageurl is null
liaohuqiu,2015-05-10 02:41:19,https://api.github.com/repos/liaohuqiu/cube-sdk/git/commits/b50ddf9e273c3c0a1376dd318e6f591fa649cd5e,b50ddf9e273c3c0a1376dd318e6f591fa649cd5e,update version
liaohuqiu,2015-04-29 01:47:41,https://api.github.com/repos/liaohuqiu/cube-sdk/git/commits/3aed3d48f52479496bcc8eab294dfad657c8ed9e,3aed3d48f52479496bcc8eab294dfad657c8ed9e,remove usless exception
liaohuqiu,2015-04-27 10:20:17,https://api.github.com/repos/liaohuqiu/cube-sdk/git/commits/03bf71cb8ce4dc7d8f22c618d7cc762d08ec5d2c,03bf71cb8ce4dc7d8f22c618d7cc762d08ec5d2c,Merge branch 'dev'
liaohuqiu,2015-04-27 10:19:59,https://api.github.com/repos/liaohuqiu/cube-sdk/git/commits/e5196da07ddfa37d3d01a719c6d3932e6563e66d,e5196da07ddfa37d3d01a719c6d3932e6563e66d,update for removing usless error
liaohuqiu,2015-04-24 06:20:57,https://api.github.com/repos/liaohuqiu/cube-sdk/git/commits/70dc26dbe8436794bf155d8019e6c33d0391a627,70dc26dbe8436794bf155d8019e6c33d0391a627,update version
liaohuqiu,2015-04-22 13:37:24,https://api.github.com/repos/liaohuqiu/cube-sdk/git/commits/5cd94959df32d282408cd7a84a4df125ce6db80e,5cd94959df32d282408cd7a84a4df125ce6db80e,update for release
veverrr,2015-04-21 09:14:44,https://api.github.com/repos/liaohuqiu/cube-sdk/git/commits/12b58fe35564e0d03c8a8913b7b2d9f519728e80,12b58fe35564e0d03c8a8913b7b2d9f519728e80,fix LruActionTracer.class doJob.method bug for mlock.notify not work and mIsRunning always be true
veverrr,2015-04-21 02:54:27,https://api.github.com/repos/liaohuqiu/cube-sdk/git/commits/9adb52b99f6cfbbf8614b55c7edef525201bc165,9adb52b99f6cfbbf8614b55c7edef525201bc165,deadlock experience
liaohuqiu,2015-04-20 08:25:45,https://api.github.com/repos/liaohuqiu/cube-sdk/git/commits/54765664bcc68f55412bca19ec1f62c93b4a157f,54765664bcc68f55412bca19ec1f62c93b4a157f,Merge branch 'dev'
liaohuqiu,2015-04-20 08:25:38,https://api.github.com/repos/liaohuqiu/cube-sdk/git/commits/f69038e7890b7ce1333b52d335bd399338714c85,f69038e7890b7ce1333b52d335bd399338714c85,for 1.0.44.25
liaohuqiu,2015-04-20 08:16:38,https://api.github.com/repos/liaohuqiu/cube-sdk/git/commits/5f0cbc5fcaa28fb34ee37543f0ff353e45d60db4,5f0cbc5fcaa28fb34ee37543f0ff353e45d60db4,remove docs
liaohuqiu,2015-04-20 08:08:19,https://api.github.com/repos/liaohuqiu/cube-sdk/git/commits/f9663298b0e19a17cdab0dd0f909a15c0c1c4c7f,f9663298b0e19a17cdab0dd0f909a15c0c1c4c7f,to 4.4
liaohuqiu,2015-04-20 08:08:19,https://api.github.com/repos/liaohuqiu/cube-sdk/git/commits/62eb4d5d07faaec5cce69a759d995ffdef93acb6,62eb4d5d07faaec5cce69a759d995ffdef93acb6,to 4.4
veverrr,2015-04-20 07:37:34,https://api.github.com/repos/liaohuqiu/cube-sdk/git/commits/42b12aab853b87077a1c9525b0daa14087f2efa9,42b12aab853b87077a1c9525b0daa14087f2efa9,fix lruactiontracer deadlock due to rebuildJournal method
liaohuqiu,2015-04-14 06:57:10,https://api.github.com/repos/liaohuqiu/cube-sdk/git/commits/14fd02c5d8532b2935e73260b636ecd7ab55b8e6,14fd02c5d8532b2935e73260b636ecd7ab55b8e6,update for ImageLoader
liaohuqiu,2015-04-14 03:17:43,https://api.github.com/repos/liaohuqiu/cube-sdk/git/commits/d6575987e26a9352b8a054fe76480f48643284a4,d6575987e26a9352b8a054fe76480f48643284a4,update for ImageLoader
liaohuqiu,2015-04-14 03:17:38,https://api.github.com/repos/liaohuqiu/cube-sdk/git/commits/565004be29c828a309437fcfae69817cabb5af35,565004be29c828a309437fcfae69817cabb5af35,update for ImageLoader
liaohuqiu,2015-04-09 09:14:26,https://api.github.com/repos/liaohuqiu/cube-sdk/git/commits/0c752e3ed30b2f2247a20ed8c9aa8c4efeab3df8,0c752e3ed30b2f2247a20ed8c9aa8c4efeab3df8,update for cube
liaohuqiu,2015-04-09 08:52:11,https://api.github.com/repos/liaohuqiu/cube-sdk/git/commits/d3f7d62ec809f4076567aab436c808af7bad866c,d3f7d62ec809f4076567aab436c808af7bad866c,merge from dev
liaohuqiu,2015-04-09 08:50:52,https://api.github.com/repos/liaohuqiu/cube-sdk/git/commits/cdddfb41219fe623f812d91d9ba2c7abb44a5099,cdddfb41219fe623f812d91d9ba2c7abb44a5099,check for empty cache
liaohuqiu,2015-04-08 15:18:47,https://api.github.com/repos/liaohuqiu/cube-sdk/git/commits/c81307802fcfbf119e96345fee183ca88e981c2c,c81307802fcfbf119e96345fee183ca88e981c2c,update for load more error
liaohuqiu,2015-04-08 10:22:50,https://api.github.com/repos/liaohuqiu/cube-sdk/git/commits/83b0391ab697d942acb0236f55d80b2e924c554e,83b0391ab697d942acb0236f55d80b2e924c554e,update for loadMoreError
liaohuqiu,2015-04-07 07:42:36,https://api.github.com/repos/liaohuqiu/cube-sdk/git/commits/0709cab569f106b511808f2796666769424942d2,0709cab569f106b511808f2796666769424942d2,update for cube_photo_strings
liaohuqiu,2015-04-07 06:30:16,https://api.github.com/repos/liaohuqiu/cube-sdk/git/commits/d3abf92263fe3e8427d5da93f3ed0ec29e461a5b,d3abf92263fe3e8427d5da93f3ed0ec29e461a5b,update for 1.0.44.29-SNAPSHOT
liaohuqiu,2015-04-07 06:07:57,https://api.github.com/repos/liaohuqiu/cube-sdk/git/commits/fec5a2b80e2ca2c1d80b11f59ad0301aaa279825,fec5a2b80e2ca2c1d80b11f59ad0301aaa279825,update for ImageLoadRequest
liaohuqiu,2015-04-07 03:38:48,https://api.github.com/repos/liaohuqiu/cube-sdk/git/commits/aa991549ac1d0abcf86fd1522a437d289a2ac444,aa991549ac1d0abcf86fd1522a437d289a2ac444,update for gridview
veverrr,2015-04-09 08:26:01,https://api.github.com/repos/liaohuqiu/cube-sdk/git/commits/d45e2e9d999722eada700a8f2f4e92cf87b33e40,d45e2e9d999722eada700a8f2f4e92cf87b33e40,fixbug for ImageRequest
liaohuqiu,2015-04-08 15:18:47,https://api.github.com/repos/liaohuqiu/cube-sdk/git/commits/e35f0448ec2cc839fbfd7a9ee56d041e5dc2ba70,e35f0448ec2cc839fbfd7a9ee56d041e5dc2ba70,update for load more error
liaohuqiu,2015-04-08 10:22:50,https://api.github.com/repos/liaohuqiu/cube-sdk/git/commits/5143cff1506fcb3af0f38da5b36ea7a2fc566957,5143cff1506fcb3af0f38da5b36ea7a2fc566957,update for loadMoreError
9468lgy,2015-02-28 03:11:02,https://api.github.com/repos/liaohuqiu/cube-sdk/git/commits/bfe3cb920f5377937ebd40a744cc2e3540fa7b62,bfe3cb920f5377937ebd40a744cc2e3540fa7b62,"Update cube_core_strings.xml

添加 加载失败提示文字"
9468lgy,2015-02-28 03:06:46,https://api.github.com/repos/liaohuqiu/cube-sdk/git/commits/892357ca2902c3f6b7f8beea15a68f9341ee09bb,892357ca2902c3f6b7f8beea15a68f9341ee09bb,"Update cube_core_strings.xml

加载失败提示文字"
liaohuqiu,2015-04-08 09:56:58,https://api.github.com/repos/liaohuqiu/cube-sdk/git/commits/1a1775bbaaca67c88c44e53bc800200603b419f1,1a1775bbaaca67c88c44e53bc800200603b419f1,"Merge pull request #33 from 9468lgy/9468lgy-patch-5

Update cube_core_strings.xml"
liaohuqiu,2015-04-08 09:55:32,https://api.github.com/repos/liaohuqiu/cube-sdk/git/commits/b3ebb3adc40f7a69400cae2ef0e251a8274d2bf2,b3ebb3adc40f7a69400cae2ef0e251a8274d2bf2,"Merge pull request #34 from 9468lgy/9468lgy-patch-6

Update cube_core_strings.xml"
liaohuqiu,2015-04-07 07:42:36,https://api.github.com/repos/liaohuqiu/cube-sdk/git/commits/125dab23dd70f4398419cf8116a27a876afd126e,125dab23dd70f4398419cf8116a27a876afd126e,update for cube_photo_strings
liaohuqiu,2015-04-07 06:30:16,https://api.github.com/repos/liaohuqiu/cube-sdk/git/commits/f26aaff924eb832156253772214cc2f5412dbd07,f26aaff924eb832156253772214cc2f5412dbd07,update for 1.0.44.29-SNAPSHOT
liaohuqiu,2015-04-07 06:07:57,https://api.github.com/repos/liaohuqiu/cube-sdk/git/commits/472ba16efd5e6f36edf3e033da2a4e8b00ed819e,472ba16efd5e6f36edf3e033da2a4e8b00ed819e,update for ImageLoadRequest
liaohuqiu,2015-04-07 03:38:48,https://api.github.com/repos/liaohuqiu/cube-sdk/git/commits/4ea53455680af0ff77e37c1ac0cce7ab1cb6849a,4ea53455680af0ff77e37c1ac0cce7ab1cb6849a,update for gridview
liaohuqiu,2015-03-26 15:56:32,https://api.github.com/repos/liaohuqiu/cube-sdk/git/commits/c98cab2f7e42909d7ebbfa0c499a2d57fd957398,c98cab2f7e42909d7ebbfa0c499a2d57fd957398,update to 1.0.44.28-SNAPSHOT
liaohuqiu,2015-03-26 15:56:32,https://api.github.com/repos/liaohuqiu/cube-sdk/git/commits/8b8ada0bf4cbd7a73b2ebec877a4dca4aa6f0f75,8b8ada0bf4cbd7a73b2ebec877a4dca4aa6f0f75,update to 1.0.44.28-SNAPSHOT
liaohuqiu,2015-03-25 08:08:14,https://api.github.com/repos/liaohuqiu/cube-sdk/git/commits/970a526c231ee15521095e7a8d74cd2ce09310d8,970a526c231ee15521095e7a8d74cd2ce09310d8,update for RequestProxyFactory
liaohuqiu,2015-03-25 04:04:56,https://api.github.com/repos/liaohuqiu/cube-sdk/git/commits/fced02e406a3a82d63ab6409debf8438291e0be6,fced02e406a3a82d63ab6409debf8438291e0be6,fix bug introduced in 1.0.44.25
liaohuqiu,2015-03-25 03:12:20,https://api.github.com/repos/liaohuqiu/cube-sdk/git/commits/260d4bf551405037e883326cca163a60b21a5ffc,260d4bf551405037e883326cca163a60b21a5ffc,add prepareRequest / onRequestFail / processOriginDataFromServer for IRequestProxy
liaohuqiu,2015-03-22 15:58:28,https://api.github.com/repos/liaohuqiu/cube-sdk/git/commits/20e035d7e1daa823a25efe0e2614a6669a825102,20e035d7e1daa823a25efe0e2614a6669a825102,update for 1.0.44.23-SNAPSHOT: adding dialog for convenient
liaohuqiu,2015-03-21 09:47:21,https://api.github.com/repos/liaohuqiu/cube-sdk/git/commits/0f6dfc54c0462f0f6678eff05f55b5c3cb2994e4,0f6dfc54c0462f0f6678eff05f55b5c3cb2994e4,update for change names
liaohuqiu,2015-03-20 03:35:34,https://api.github.com/repos/liaohuqiu/cube-sdk/git/commits/ce537785ebbe520f3cf9532a482d84f2c68d782a,ce537785ebbe520f3cf9532a482d84f2c68d782a,update version 1.0.44.21-SNAPSHOT
liaohuqiu,2015-03-20 03:35:30,https://api.github.com/repos/liaohuqiu/cube-sdk/git/commits/f825f62e3482706beda62eeaa6ba8e100f5b6ddc,f825f62e3482706beda62eeaa6ba8e100f5b6ddc,update version 1.0.44.21-SNAPSHOT
liaohuqiu,2015-03-15 15:45:09,https://api.github.com/repos/liaohuqiu/cube-sdk/git/commits/77fdd874ef885b84ad0cb1f62b8b6a2f51e95557,77fdd874ef885b84ad0cb1f62b8b6a2f51e95557,pass an empty url to clear image
liaohuqiu,2015-03-15 14:26:35,https://api.github.com/repos/liaohuqiu/cube-sdk/git/commits/7ba3ccf81d4e4d30afa9b20544be09b9271b568b,7ba3ccf81d4e4d30afa9b20544be09b9271b568b,update JsonData
liaohuqiu,2015-03-13 06:42:26,https://api.github.com/repos/liaohuqiu/cube-sdk/git/commits/244e96a10b1097e4fae25b2649b39a943b9cae73,244e96a10b1097e4fae25b2649b39a943b9cae73,update release 1.0.44
liaohuqiu,2015-03-08 14:59:11,https://api.github.com/repos/liaohuqiu/cube-sdk/git/commits/29314ca025cc1e9d80e897faa9523707836c2b99,29314ca025cc1e9d80e897faa9523707836c2b99,setRequestFail for DataModel
liaohuqiu,2015-03-08 07:57:03,https://api.github.com/repos/liaohuqiu/cube-sdk/git/commits/63494a1a8ea3d230ba6d1d83a475d0ec4bf6e155,63494a1a8ea3d230ba6d1d83a475d0ec4bf6e155,update for request proxy
liaohuqiu,2015-03-07 05:54:13,https://api.github.com/repos/liaohuqiu/cube-sdk/git/commits/7272daa88c2f555932e7623566d475a14581c27e,7272daa88c2f555932e7623566d475a14581c27e,fix an error when external strorage is not avaliable
liaohuqiu,2015-03-07 05:19:47,https://api.github.com/repos/liaohuqiu/cube-sdk/git/commits/128adc315dba6bef57c4a39c788808efef0f3595,128adc315dba6bef57c4a39c788808efef0f3595,update for statistics
liaohuqiu,2015-03-06 07:00:22,https://api.github.com/repos/liaohuqiu/cube-sdk/git/commits/4eec3cc68b49ed63d909bebc947da593ce0426c5,4eec3cc68b49ed63d909bebc947da593ce0426c5,update rounded drawable
liaohuqiu,2015-03-06 06:52:20,https://api.github.com/repos/liaohuqiu/cube-sdk/git/commits/bc6419e469b2dd0e624ec3f722af7788eb6044b4,bc6419e469b2dd0e624ec3f722af7788eb6044b4,rename resizer
liaohuqiu,2015-03-06 06:33:21,https://api.github.com/repos/liaohuqiu/cube-sdk/git/commits/2db92491aed3a2e8ca5d67e67cc8d6b9eaaee8d9,2db92491aed3a2e8ca5d67e67cc8d6b9eaaee8d9,rename ReSizer
liaohuqiu,2015-03-05 09:43:17,https://api.github.com/repos/liaohuqiu/cube-sdk/git/commits/860d23fca059f0fdb251fcd2a766d4f0c3b50c2f,860d23fca059f0fdb251fcd2a766d4f0c3b50c2f,update
liaohuqiu,2015-02-28 07:21:06,https://api.github.com/repos/liaohuqiu/cube-sdk/git/commits/35d7a0334a9bfd5cd6f779800266ec9f3b96eae7,35d7a0334a9bfd5cd6f779800266ec9f3b96eae7,"support cusomized ImageDownloader, fix #35"
9468lgy,2015-02-28 03:11:02,https://api.github.com/repos/liaohuqiu/cube-sdk/git/commits/03b592012d7fded0292143d3da4756335f866dcb,03b592012d7fded0292143d3da4756335f866dcb,"Update cube_core_strings.xml

添加 加载失败提示文字"
9468lgy,2015-02-28 03:06:46,https://api.github.com/repos/liaohuqiu/cube-sdk/git/commits/ca3c2f368f3efd3935fa39ddde125f20769d7440,ca3c2f368f3efd3935fa39ddde125f20769d7440,"Update cube_core_strings.xml

加载失败提示文字"
liaohuqiu,2015-02-27 16:02:39,https://api.github.com/repos/liaohuqiu/cube-sdk/git/commits/7fc10534008f53b943d00dca714bd7dc1f98297c,7fc10534008f53b943d00dca714bd7dc1f98297c,1.0.44.10-SNAPSHOT
liaohuqiu,2015-02-27 09:56:13,https://api.github.com/repos/liaohuqiu/cube-sdk/git/commits/63f9031cd341bfe114e65910ac90ce4bbf7ca6fe,63f9031cd341bfe114e65910ac90ce4bbf7ca6fe,update reademe
liaohuqiu,2015-02-27 09:49:00,https://api.github.com/repos/liaohuqiu/cube-sdk/git/commits/d695470db2b795b0ec0ca363db39e731ee7aef4a,d695470db2b795b0ec0ca363db39e731ee7aef4a,update CubeDebug
liaohuqiu,2015-02-26 09:56:12,https://api.github.com/repos/liaohuqiu/cube-sdk/git/commits/5d46d6a97a9bfd9cd70b6b5e9062d90a9d991973,5d46d6a97a9bfd9cd70b6b5e9062d90a9d991973,update version
liaohuqiu,2015-02-26 08:20:13,https://api.github.com/repos/liaohuqiu/cube-sdk/git/commits/f68b6fdc9fda56127e93641543eb994e6d7d9432,f68b6fdc9fda56127e93641543eb994e6d7d9432,update cache
liaohuqiu,2015-02-26 04:57:06,https://api.github.com/repos/liaohuqiu/cube-sdk/git/commits/041b1e44021f262a8b516fdd2844ec6944834b2f,041b1e44021f262a8b516fdd2844ec6944834b2f,Merge remote-tracking branch 'origin/dev'
liaohuqiu,2015-02-26 04:35:57,https://api.github.com/repos/liaohuqiu/cube-sdk/git/commits/1ea18b546eba7c01d7f3dc6f3f63758d351f896e,1ea18b546eba7c01d7f3dc6f3f63758d351f896e,publish 1.0.44.8
liaohuqiu,2015-02-25 04:36:18,https://api.github.com/repos/liaohuqiu/cube-sdk/git/commits/a41e55554ebedfd5da9fcf1693d6e38b951d10a9,a41e55554ebedfd5da9fcf1693d6e38b951d10a9,update for 1.0.44.7 SNAPSHOT
liaohuqiu,2015-02-23 11:41:25,https://api.github.com/repos/liaohuqiu/cube-sdk/git/commits/e118a3616447924fa59d54003a6f75892c9a6b33,e118a3616447924fa59d54003a6f75892c9a6b33,"fix #26, #27 #28"
liaohuqiu,2015-02-22 12:07:57,https://api.github.com/repos/liaohuqiu/cube-sdk/git/commits/bbfd2500c5b344c6ce88a7d4db296ef576e9e067,bbfd2500c5b344c6ce88a7d4db296ef576e9e067,"implement #26: support multipart/form-data; implement #27, header data for request"
liaohuqiu,2015-02-02 05:51:15,https://api.github.com/repos/liaohuqiu/cube-sdk/git/commits/aafa7eb453fc7628eb46562e8535e709171555bd,aafa7eb453fc7628eb46562e8535e709171555bd,update faile data
liaohuqiu,2015-02-01 05:58:16,https://api.github.com/repos/liaohuqiu/cube-sdk/git/commits/fedc98df30333fb56e0cdd4952ed932f3687d5bb,fedc98df30333fb56e0cdd4952ed932f3687d5bb,update version
liaohuqiu,2015-02-01 05:57:36,https://api.github.com/repos/liaohuqiu/cube-sdk/git/commits/41749bf89a64f331ec1446473adff4271c7b63d4,41749bf89a64f331ec1446473adff4271c7b63d4,"update for ImageLoader, fix #17, #15"
liaohuqiu,2015-01-26 03:57:27,https://api.github.com/repos/liaohuqiu/cube-sdk/git/commits/94f283f7cb58f19ca3046d9d52ace7f29a3912f4,94f283f7cb58f19ca3046d9d52ace7f29a3912f4,"Merge pull request #21 from etao-open-source/dev

merge for snapshot"
liaohuqiu,2015-01-26 03:56:05,https://api.github.com/repos/liaohuqiu/cube-sdk/git/commits/32b6a5fb43b765673d98ec7d41237b6a72fe96c8,32b6a5fb43b765673d98ec7d41237b6a72fe96c8,update for UI enhance
liaohuqiu,2015-01-19 08:02:40,https://api.github.com/repos/liaohuqiu/cube-sdk/git/commits/f535b9d848fb15fa10d23974007118735eb8e5a5,f535b9d848fb15fa10d23974007118735eb8e5a5,update for cache
liaohuqiu,2015-01-18 16:07:35,https://api.github.com/repos/liaohuqiu/cube-sdk/git/commits/01c10c6438f982c1369b0f2804eca854a9e3d1d1,01c10c6438f982c1369b0f2804eca854a9e3d1d1,enhance cache
liaohuqiu,2015-01-15 02:23:21,https://api.github.com/repos/liaohuqiu/cube-sdk/git/commits/cb3ffe7bc1f1bc76e4a2ad3de4ff77b7eaea89d8,cb3ffe7bc1f1bc76e4a2ad3de4ff77b7eaea89d8,update RequestData
liaohuqiu,2015-01-12 07:34:08,https://api.github.com/repos/liaohuqiu/cube-sdk/git/commits/abfb34d40a43fcb712dff860b2ca2b0b9e91ae9d,abfb34d40a43fcb712dff860b2ca2b0b9e91ae9d,update for travis
liaohuqiu,2015-01-12 07:28:57,https://api.github.com/repos/liaohuqiu/cube-sdk/git/commits/394018086573bb78b7b940ab40f4fd03bfd6d42c,394018086573bb78b7b940ab40f4fd03bfd6d42c,update for gradle
liaohuqiu,2015-01-11 00:08:43,https://api.github.com/repos/liaohuqiu/cube-sdk/git/commits/c7393f59a208c574a85c15f00c8911115331cfbd,c7393f59a208c574a85c15f00c8911115331cfbd,"it's fixed, test-image added"
liaohuqiu,2015-01-10 16:39:43,https://api.github.com/repos/liaohuqiu/cube-sdk/git/commits/2b87ea3d70c7ebacf28889cbdd3c53874ccf7307,2b87ea3d70c7ebacf28889cbdd3c53874ccf7307,It's broken :(
liaohuqiu,2015-01-05 16:42:31,https://api.github.com/repos/liaohuqiu/cube-sdk/git/commits/361e698b12742381f21cdf38e2249def6ad329bb,361e698b12742381f21cdf38e2249def6ad329bb,"finaly, SimpleLruCache has been completed. fix #1"
liaohuqiu,2015-01-04 03:08:38,https://api.github.com/repos/liaohuqiu/cube-sdk/git/commits/9900713a640a8aba227f5b65afb4a08bf95e026b,9900713a640a8aba227f5b65afb4a08bf95e026b,add LazyViewHolderCreator / add GridViewWithHeaderAndFooter
liaohuqiu,2014-12-22 07:33:56,https://api.github.com/repos/liaohuqiu/cube-sdk/git/commits/ba4f372c683fcb807ffd00f05ba3c2b7c9782d59,ba4f372c683fcb807ffd00f05ba3c2b7c9782d59,update for delete usless file
liaohuqiu,2014-12-19 16:45:50,https://api.github.com/repos/liaohuqiu/cube-sdk/git/commits/88b6d7d41b607ddd39e34f41ff7cbcc4777562ed,88b6d7d41b607ddd39e34f41ff7cbcc4777562ed,for load-more
liaohuqiu,2014-12-19 06:36:29,https://api.github.com/repos/liaohuqiu/cube-sdk/git/commits/876c92838f333e54a243e6021205891e55e325a6,876c92838f333e54a243e6021205891e55e325a6,for load more
liaohuqiu,2014-12-05 14:04:10,https://api.github.com/repos/liaohuqiu/cube-sdk/git/commits/73dd1704e7e962b17a3103ab22200293a6d7c2dc,73dd1704e7e962b17a3103ab22200293a6d7c2dc,merge from dev
liaohuqiu,2014-12-05 14:01:19,https://api.github.com/repos/liaohuqiu/cube-sdk/git/commits/aa43d364fc62d504ba0aaa0856f7e86932494bbf,aa43d364fc62d504ba0aaa0856f7e86932494bbf,update for pom.xml
liaohuqiu,2014-12-05 13:49:26,https://api.github.com/repos/liaohuqiu/cube-sdk/git/commits/2f42553a4a6e7cca5e1dcdd5d39fa718916b179a,2f42553a4a6e7cca5e1dcdd5d39fa718916b179a,update for 1.0.42 release
liaohuqiu,2014-12-05 13:48:19,https://api.github.com/repos/liaohuqiu/cube-sdk/git/commits/7897dea8a7099c9601a91aba34f8d1000b37fdd4,7897dea8a7099c9601a91aba34f8d1000b37fdd4,update for 1.0.42 release
liaohuqiu,2014-12-05 10:36:48,https://api.github.com/repos/liaohuqiu/cube-sdk/git/commits/6bc8bf2635ec91bd9787e04bae70ca8704e8a1e9,6bc8bf2635ec91bd9787e04bae70ca8704e8a1e9,update for 1.0.42 release
liaohuqiu,2014-12-05 10:13:15,https://api.github.com/repos/liaohuqiu/cube-sdk/git/commits/2e0998d53c2d4a40412b7ebebdc2c5cd8c20c5bb,2e0998d53c2d4a40412b7ebebdc2c5cd8c20c5bb,update read me
liaohuqiu,2014-12-05 07:16:19,https://api.github.com/repos/liaohuqiu/cube-sdk/git/commits/9faacc2693afdc73ba3f2036356c173a3f70b910,9faacc2693afdc73ba3f2036356c173a3f70b910,update for image loader
liaohuqiu,2014-12-04 15:16:56,https://api.github.com/repos/liaohuqiu/cube-sdk/git/commits/5c23a4c631f297d4bae65580df1770f19d8ee62c,5c23a4c631f297d4bae65580df1770f19d8ee62c,update for image loader
liaohuqiu,2014-12-04 15:06:25,https://api.github.com/repos/liaohuqiu/cube-sdk/git/commits/43f83fea5a9430c43dcb05ee8582d328c00b8ca7,43f83fea5a9430c43dcb05ee8582d328c00b8ca7,update for image loader
liaohuqiu,2014-12-04 15:06:18,https://api.github.com/repos/liaohuqiu/cube-sdk/git/commits/1966bb1d17f04fa64c3e92bae5ac37f6095a4fe0,1966bb1d17f04fa64c3e92bae5ac37f6095a4fe0,update for image loader
liaohuqiu,2014-12-03 16:11:13,https://api.github.com/repos/liaohuqiu/cube-sdk/git/commits/a30a94b906a654dbde35c81ffb168f5007ed6260,a30a94b906a654dbde35c81ffb168f5007ed6260,fix for image pre load image
liaohuqiu,2014-12-03 02:29:15,https://api.github.com/repos/liaohuqiu/cube-sdk/git/commits/2e792a4ea61da7ce3191e3b9682fc79eee3ae9cd,2e792a4ea61da7ce3191e3b9682fc79eee3ae9cd,using buffer instead of useing read line
liaohuqiu,2014-12-01 02:40:46,https://api.github.com/repos/liaohuqiu/cube-sdk/git/commits/c5abb0d5599d76a166a7e41a40aea3dbd179d5aa,c5abb0d5599d76a166a7e41a40aea3dbd179d5aa,update for 1.0.40
liaohuqiu,2014-11-21 15:45:05,https://api.github.com/repos/liaohuqiu/cube-sdk/git/commits/38e9553d0be6ae2e89db99e7c76a22f5959c4822,38e9553d0be6ae2e89db99e7c76a22f5959c4822,prepare for release
liaohuqiu,2014-11-13 18:33:31,https://api.github.com/repos/liaohuqiu/cube-sdk/git/commits/ef494429dffc414535a2a0ac3e8b0632c8a9354a,ef494429dffc414535a2a0ac3e8b0632c8a9354a,make fragment happy
liaohuqiu,2014-11-11 16:12:28,https://api.github.com/repos/liaohuqiu/cube-sdk/git/commits/44142a66d901522645348a433e0a07236876bb7a,44142a66d901522645348a433e0a07236876bb7a,make demo alone
liaohuqiu,2014-11-11 03:50:18,https://api.github.com/repos/liaohuqiu/cube-sdk/git/commits/8d1af3e7052a9b795194db5071c9a7f332633c85,8d1af3e7052a9b795194db5071c9a7f332633c85,update for path
liaohuqiu,2014-11-10 17:36:26,https://api.github.com/repos/liaohuqiu/cube-sdk/git/commits/8c5f0fb097c7f4c82e82c5bd3a9953debabf2a3d,8c5f0fb097c7f4c82e82c5bd3a9953debabf2a3d,dev for pub
liaohuqiu,2014-11-10 16:48:12,https://api.github.com/repos/liaohuqiu/cube-sdk/git/commits/d37a910ededa19ec6f4644e8d761a05c23a7552e,d37a910ededa19ec6f4644e8d761a05c23a7552e,update ptr
liaohuqiu,2014-11-10 14:46:19,https://api.github.com/repos/liaohuqiu/cube-sdk/git/commits/b5ba7cacea019a4725f87cfd2f4f5afee5115027,b5ba7cacea019a4725f87cfd2f4f5afee5115027,update for header /footer demo
liaohuqiu,2014-11-09 17:41:56,https://api.github.com/repos/liaohuqiu/cube-sdk/git/commits/accd47e9b63b12467d52e513d4362153f7e05bf6,accd47e9b63b12467d52e513d4362153f7e05bf6,update
liaohuqiu,2014-11-03 03:48:09,https://api.github.com/repos/liaohuqiu/cube-sdk/git/commits/b3274505ada553eb41fb1a9a0386766b748a4ff1,b3274505ada553eb41fb1a9a0386766b748a4ff1,try to make CLog as a single project
liaohuqiu,2014-10-31 08:58:58,https://api.github.com/repos/liaohuqiu/cube-sdk/git/commits/6a260579bd5befbf51467e7695ff699a04775288,6a260579bd5befbf51467e7695ff699a04775288,Update README.md
liaohuqiu,2014-10-31 08:35:40,https://api.github.com/repos/liaohuqiu/cube-sdk/git/commits/0a7cb12d5a3e3c8dbbfffac06364319d29254ac1,0a7cb12d5a3e3c8dbbfffac06364319d29254ac1,update readme
liaohuqiu,2014-10-30 05:10:49,https://api.github.com/repos/liaohuqiu/cube-sdk/git/commits/4f9e7dd9a0733fabcd4a6b0ec07534ad0c2c1b23,4f9e7dd9a0733fabcd4a6b0ec07534ad0c2c1b23,update version
liaohuqiu,2014-10-29 16:45:08,https://api.github.com/repos/liaohuqiu/cube-sdk/git/commits/552dcce02dade38bf780c82282d7c070d2462a29,552dcce02dade38bf780c82282d7c070d2462a29,update screen shot
liaohuqiu,2014-10-29 16:35:28,https://api.github.com/repos/liaohuqiu/cube-sdk/git/commits/44ef0ff7d5a7f59b4f9c75b43d28f09634a327e3,44ef0ff7d5a7f59b4f9c75b43d28f09634a327e3,update reade me
liaohuqiu,2014-10-29 16:33:21,https://api.github.com/repos/liaohuqiu/cube-sdk/git/commits/6ee4f4be3bb7750748b9a1b0939e56e447448afb,6ee4f4be3bb7750748b9a1b0939e56e447448afb,update readme
liaohuqiu,2014-09-18 10:15:19,https://api.github.com/repos/liaohuqiu/cube-sdk/git/commits/402cdea48a3c1dce207353bd4809ce923c316e37,402cdea48a3c1dce207353bd4809ce923c316e37,release
liaohuqiu,2014-09-18 10:12:26,https://api.github.com/repos/liaohuqiu/cube-sdk/git/commits/02d8508232a5d9f156f5e211b32367f0d96cfc1b,02d8508232a5d9f156f5e211b32367f0d96cfc1b,release
liaohuqiu,2014-09-15 10:38:16,https://api.github.com/repos/liaohuqiu/cube-sdk/git/commits/2228b65cb9c952068c988ecfcadfc1a42ce58115,2228b65cb9c952068c988ecfcadfc1a42ce58115,update readme
liaohuqiu,2014-10-29 16:31:14,https://api.github.com/repos/liaohuqiu/cube-sdk/git/commits/6179111e5bad47593ca8b7de0a71be5ad23e59b7,6179111e5bad47593ca8b7de0a71be5ad23e59b7,update readme
liaohuqiu,2014-10-29 16:16:46,https://api.github.com/repos/liaohuqiu/cube-sdk/git/commits/a21a4e43d7b26175a6f33593a1ba6e9806973897,a21a4e43d7b26175a6f33593a1ba6e9806973897,update version
liaohuqiu,2014-10-29 15:17:24,https://api.github.com/repos/liaohuqiu/cube-sdk/git/commits/5e46e5c2409e2d6ea361bdaebbe39667e8fc2912,5e46e5c2409e2d6ea361bdaebbe39667e8fc2912,prepare for revert
liaohuqiu,2014-10-29 11:16:14,https://api.github.com/repos/liaohuqiu/cube-sdk/git/commits/064bf456faf94982b3781a0471df71a822e5b376,064bf456faf94982b3781a0471df71a822e5b376,update for GridViewWithHeaderAndFooter
liaohuqiu,2014-10-28 00:56:51,https://api.github.com/repos/liaohuqiu/cube-sdk/git/commits/b573b16108e4d6d776e15ef5ac999cb88e63a27e,b573b16108e4d6d776e15ef5ac999cb88e63a27e,rename Resource to ResourceMan
liaohuqiu,2014-10-27 16:56:10,https://api.github.com/repos/liaohuqiu/cube-sdk/git/commits/6224716c2d6b4ef35a654417d136b18f24d66e36,6224716c2d6b4ef35a654417d136b18f24d66e36,update for list page info
liaohuqiu,2014-10-27 08:23:41,https://api.github.com/repos/liaohuqiu/cube-sdk/git/commits/e4c542a86bbd7f0b373550e3b039092ab332dd76,e4c542a86bbd7f0b373550e3b039092ab332dd76,revert to public pom
liaohuqiu,2014-10-27 07:48:43,https://api.github.com/repos/liaohuqiu/cube-sdk/git/commits/f34118b98806fdd9d8c05c43e2af8c5707702127,f34118b98806fdd9d8c05c43e2af8c5707702127,update demo
liaohuqiu,2014-10-27 07:48:35,https://api.github.com/repos/liaohuqiu/cube-sdk/git/commits/0698fabe084127d7657bf52ef3cc43c296f60dea,0698fabe084127d7657bf52ef3cc43c296f60dea,update demo
liaohuqiu,2014-10-27 03:52:57,https://api.github.com/repos/liaohuqiu/cube-sdk/git/commits/93966106ee1571c503ae55f78f8730eb636e9f4f,93966106ee1571c503ae55f78f8730eb636e9f4f,redesign request: remove pre handler
liaohuqiu,2014-10-24 05:59:30,https://api.github.com/repos/liaohuqiu/cube-sdk/git/commits/d176de13bf48da10625c0b874dbc5c1de8a9078e,d176de13bf48da10625c0b874dbc5c1de8a9078e,try to make another release
liaohuqiu,2014-10-18 16:50:44,https://api.github.com/repos/liaohuqiu/cube-sdk/git/commits/b5a41c5f43f8434bf1f6ddce3891bea4691421ce,b5a41c5f43f8434bf1f6ddce3891bea4691421ce,commit for SliderBanner
liaohuqiu,2014-10-17 00:34:43,https://api.github.com/repos/liaohuqiu/cube-sdk/git/commits/fc578fab1c247b8885d89befce69941322a57e1e,fc578fab1c247b8885d89befce69941322a57e1e,another step for ScrollHeadFrame
liaohuqiu,2014-10-15 10:50:38,https://api.github.com/repos/liaohuqiu/cube-sdk/git/commits/34e32844372ba9e49b4819570e90fa9ba507223a,34e32844372ba9e49b4819570e90fa9ba507223a,got further for request
liaohuqiu,2014-10-15 08:33:35,https://api.github.com/repos/liaohuqiu/cube-sdk/git/commits/3666eb771e239314b47b5ec94a8f89846081fd0a,3666eb771e239314b47b5ec94a8f89846081fd0a,another big step for JsonData
liaohuqiu,2014-10-15 08:33:26,https://api.github.com/repos/liaohuqiu/cube-sdk/git/commits/ece55ac09994fdeaf71b7badfbdd196dd185cd76,ece55ac09994fdeaf71b7badfbdd196dd185cd76,another big step for JsonData
liaohuqiu,2014-10-12 07:02:23,https://api.github.com/repos/liaohuqiu/cube-sdk/git/commits/c8f5ee06d2b1d5246df383efe240aa0d00229d03,c8f5ee06d2b1d5246df383efe240aa0d00229d03,fix an bug in cache manager
liaohuqiu,2014-10-09 11:40:29,https://api.github.com/repos/liaohuqiu/cube-sdk/git/commits/c5fd0e1551f43aa5eef3b227ea877b2fbce17847,c5fd0e1551f43aa5eef3b227ea877b2fbce17847,refine CacheManager
liaohuqiu,2014-09-28 02:29:56,https://api.github.com/repos/liaohuqiu/cube-sdk/git/commits/bc4569dc17010a5fc184776c02f049538b1097b1,bc4569dc17010a5fc184776c02f049538b1097b1,update demo
liaohuqiu,2014-09-28 02:29:40,https://api.github.com/repos/liaohuqiu/cube-sdk/git/commits/725ca6afd8f5b193833b56fb6d8a3aead7682b69,725ca6afd8f5b193833b56fb6d8a3aead7682b69,update demo
liaohuqiu,2014-09-19 04:11:28,https://api.github.com/repos/liaohuqiu/cube-sdk/git/commits/0af839857cc28a0b442a7c2b2e28ef31eaea8667,0af839857cc28a0b442a7c2b2e28ef31eaea8667,redefine cache
liaohuqiu,2014-09-19 04:11:11,https://api.github.com/repos/liaohuqiu/cube-sdk/git/commits/dc8870a649e3662c1442f0a32c0d2fd33abf8324,dc8870a649e3662c1442f0a32c0d2fd33abf8324,redefine cache
liaohuqiu,2014-09-19 01:43:25,https://api.github.com/repos/liaohuqiu/cube-sdk/git/commits/17be1f31e8d3469324e40c5ed9f7156c2839911a,17be1f31e8d3469324e40c5ed9f7156c2839911a,rename CacheData to CacheInfo
liaohuqiu,2014-09-18 17:03:01,https://api.github.com/repos/liaohuqiu/cube-sdk/git/commits/b96ef6e339c15e212a4e687e4d0dc584a8481834,b96ef6e339c15e212a4e687e4d0dc584a8481834,update cache
liaohuqiu,2014-09-18 16:58:30,https://api.github.com/repos/liaohuqiu/cube-sdk/git/commits/0b995669aeaa7811bdc8e58b46aa37c7242b6c90,0b995669aeaa7811bdc8e58b46aa37c7242b6c90,update cache
liaohuqiu,2014-09-18 10:15:19,https://api.github.com/repos/liaohuqiu/cube-sdk/git/commits/9b0a535c586c5103b7e2edf713237f137c0c93c6,9b0a535c586c5103b7e2edf713237f137c0c93c6,release
liaohuqiu,2014-09-18 10:12:26,https://api.github.com/repos/liaohuqiu/cube-sdk/git/commits/842c4194274cdd7959b11379a774eede51f70385,842c4194274cdd7959b11379a774eede51f70385,release
liaohuqiu,2014-09-18 10:11:56,https://api.github.com/repos/liaohuqiu/cube-sdk/git/commits/6d57848bc9f812d8a0486690acdc57328e3d12b8,6d57848bc9f812d8a0486690acdc57328e3d12b8,Merge branch 'dev'
liaohuqiu,2014-09-18 10:11:48,https://api.github.com/repos/liaohuqiu/cube-sdk/git/commits/5d6f6512dc16c24a1158975adbbca049055dd466,5d6f6512dc16c24a1158975adbbca049055dd466,release
liaohuqiu,2014-09-18 03:31:49,https://api.github.com/repos/liaohuqiu/cube-sdk/git/commits/0c6dc79c44d2ebed18646b88cac7f53e195c0f25,0c6dc79c44d2ebed18646b88cac7f53e195c0f25,try to use pool
liaohuqiu,2014-09-15 10:38:16,https://api.github.com/repos/liaohuqiu/cube-sdk/git/commits/8707852dc9d2bc8e697a8fcc2d0622d4ac9fb67e,8707852dc9d2bc8e697a8fcc2d0622d4ac9fb67e,update readme
liaohuqiu,2014-09-15 10:36:55,https://api.github.com/repos/liaohuqiu/cube-sdk/git/commits/e55384e03aa75a1f36177b07ef77456352be9f2f,e55384e03aa75a1f36177b07ef77456352be9f2f,extract ImageDownloader
liaohuqiu,2014-08-28 02:52:53,https://api.github.com/repos/liaohuqiu/cube-sdk/git/commits/7a0d439e33a03623de44c8c83bebe58a27475086,7a0d439e33a03623de44c8c83bebe58a27475086,update for request cache manager
liaohuqiu,2014-08-27 09:24:13,https://api.github.com/repos/liaohuqiu/cube-sdk/git/commits/6f1b982d265546be0cbd177da7440f7f7bf89a6a,6f1b982d265546be0cbd177da7440f7f7bf89a6a,finish for cache
liaohuqiu,2014-08-27 04:42:05,https://api.github.com/repos/liaohuqiu/cube-sdk/git/commits/ee2071f46c3efa63a0899f86e45ca951c1916027,ee2071f46c3efa63a0899f86e45ca951c1916027,enhance image cache and file cache
liaohuqiu,2014-08-15 02:52:27,https://api.github.com/repos/liaohuqiu/cube-sdk/git/commits/5566fa519a60e69af2384b3592778881f2d6f2e9,5566fa519a60e69af2384b3592778881f2d6f2e9,update ptr frame
liaohuqiu,2014-08-14 06:26:05,https://api.github.com/repos/liaohuqiu/cube-sdk/git/commits/fc9a6c5373afff8ff31bb682066156f84252e771,fc9a6c5373afff8ff31bb682066156f84252e771,update for ptr
liaohuqiu,2014-08-14 00:48:17,https://api.github.com/repos/liaohuqiu/cube-sdk/git/commits/34fb7598374b2f8c0e3ae9e7bb89b7f7ad312359,34fb7598374b2f8c0e3ae9e7bb89b7f7ad312359,fix display issue fro API level lower than 11
liaohuqiu,2014-08-12 10:11:12,https://api.github.com/repos/liaohuqiu/cube-sdk/git/commits/e12bbfc0b13fd7512378fb4d604ba5eb4be267a2,e12bbfc0b13fd7512378fb4d604ba5eb4be267a2,remove stop request
liaohuqiu,2014-08-12 06:59:42,https://api.github.com/repos/liaohuqiu/cube-sdk/git/commits/a7d0a6a79831064b8137bcb89c07417a78e617ea,a7d0a6a79831064b8137bcb89c07417a78e617ea,update for request
liaohuqiu,2014-08-11 10:42:56,https://api.github.com/repos/liaohuqiu/cube-sdk/git/commits/8c78e244a9c2aac4274390e5af61396914479839,8c78e244a9c2aac4274390e5af61396914479839,re construct request cache
liaohuqiu,2014-08-11 06:29:11,https://api.github.com/repos/liaohuqiu/cube-sdk/git/commits/976f87da78aebf70251a9bc9cb6e719a892ea00d,976f87da78aebf70251a9bc9cb6e719a892ea00d,update pom version
liaohuqiu,2014-08-11 01:35:37,https://api.github.com/repos/liaohuqiu/cube-sdk/git/commits/e6021faf6269cc7ca05e28ef731b70ef8c3fada5,e6021faf6269cc7ca05e28ef731b70ef8c3fada5,add PtrFrameDemo
liaohuqiu,2014-08-07 15:52:39,https://api.github.com/repos/liaohuqiu/cube-sdk/git/commits/48ef2c15c037a3d2fc331e6068a9e5a46eedbbdb,48ef2c15c037a3d2fc331e6068a9e5a46eedbbdb,[maven-release-plugin] prepare for next development iteration
liaohuqiu,2014-08-07 15:52:31,https://api.github.com/repos/liaohuqiu/cube-sdk/git/commits/ad6db72c03e433c650b7f0451c84639eadf09398,ad6db72c03e433c650b7f0451c84639eadf09398,[maven-release-plugin] prepare release cube-parent-1.1.0
liaohuqiu,2014-08-07 15:50:05,https://api.github.com/repos/liaohuqiu/cube-sdk/git/commits/a71725c9a19d197dc72c7e411c239069b6254374,a71725c9a19d197dc72c7e411c239069b6254374,update
liaohuqiu,2014-08-07 08:50:01,https://api.github.com/repos/liaohuqiu/cube-sdk/git/commits/af2d1b66edd0c888b5db598bd5464a1e70580412,af2d1b66edd0c888b5db598bd5464a1e70580412,update
liaohuqiu,2014-08-06 12:35:47,https://api.github.com/repos/liaohuqiu/cube-sdk/git/commits/c8ee48f6c02bb3af71df64faac76b85eb2e3593e,c8ee48f6c02bb3af71df64faac76b85eb2e3593e,update pom
liaohuqiu,2014-08-06 11:14:26,https://api.github.com/repos/liaohuqiu/cube-sdk/git/commits/25f1eced6f7c8f421bc8279ef39759ac170ad58e,25f1eced6f7c8f421bc8279ef39759ac170ad58e,update format
liaohuqiu,2014-08-06 11:12:35,https://api.github.com/repos/liaohuqiu/cube-sdk/git/commits/2dbd1acce0105c1acdd72814660d82619ff17937,2dbd1acce0105c1acdd72814660d82619ff17937,add ptr frame
liaohuqiu,2014-08-06 02:06:21,https://api.github.com/repos/liaohuqiu/cube-sdk/git/commits/1ac05389e719588f66a7277f158bb6ecf2f2bb6c,1ac05389e719588f66a7277f158bb6ecf2f2bb6c,[maven-release-plugin] prepare for next development iteration
liaohuqiu,2014-08-06 02:06:11,https://api.github.com/repos/liaohuqiu/cube-sdk/git/commits/f21e97267b568faedefc478130f09177e5229cf4,f21e97267b568faedefc478130f09177e5229cf4,[maven-release-plugin] prepare release cube-parent-1.1.0
liaohuqiu,2014-08-06 02:03:51,https://api.github.com/repos/liaohuqiu/cube-sdk/git/commits/9609ba44f020c2889b41927edcfebb02d38e426f,9609ba44f020c2889b41927edcfebb02d38e426f,update pom
liaohuqiu,2014-08-06 02:02:23,https://api.github.com/repos/liaohuqiu/cube-sdk/git/commits/e64e83231612bc6757da0a57ddfe123b39217803,e64e83231612bc6757da0a57ddfe123b39217803,[maven-release-plugin] prepare release parent-1.1.0
liaohuqiu,2014-08-06 02:01:50,https://api.github.com/repos/liaohuqiu/cube-sdk/git/commits/80cd01f1c26cd01ceb8dbbe02b08547dbcfdcc83,80cd01f1c26cd01ceb8dbbe02b08547dbcfdcc83,update pom
liaohuqiu,2014-08-06 01:59:56,https://api.github.com/repos/liaohuqiu/cube-sdk/git/commits/de3d2328180ae3c41a41b03cb3f0d69beb5cdd21,de3d2328180ae3c41a41b03cb3f0d69beb5cdd21,update pom
liaohuqiu,2014-08-06 01:59:00,https://api.github.com/repos/liaohuqiu/cube-sdk/git/commits/b4ea4c3bf711a4be908479a9e2034794063ec22e,b4ea4c3bf711a4be908479a9e2034794063ec22e,update pom
liaohuqiu,2014-08-06 01:52:42,https://api.github.com/repos/liaohuqiu/cube-sdk/git/commits/84410baf1e67695735e14ad4fca6123f1675ab17,84410baf1e67695735e14ad4fca6123f1675ab17,update pom
liaohuqiu,2014-08-06 01:50:34,https://api.github.com/repos/liaohuqiu/cube-sdk/git/commits/b262c6ffd5a8c874b1e3c97d80a4a918076bf977,b262c6ffd5a8c874b1e3c97d80a4a918076bf977,[maven-release-plugin] prepare release parent-1.1.0
liaohuqiu,2014-08-06 01:46:11,https://api.github.com/repos/liaohuqiu/cube-sdk/git/commits/87530e3a1ac165ec206854d0139354254669f137,87530e3a1ac165ec206854d0139354254669f137,update pom
liaohuqiu,2014-08-06 00:42:20,https://api.github.com/repos/liaohuqiu/cube-sdk/git/commits/a7e76959b458b7e91b58333103860726e464218a,a7e76959b458b7e91b58333103860726e464218a,update for sample
liaohuqiu,2014-08-05 15:12:11,https://api.github.com/repos/liaohuqiu/cube-sdk/git/commits/4eee6e78591a85f33edfbca7c46c250b86a6a0fd,4eee6e78591a85f33edfbca7c46c250b86a6a0fd,update to in.srain
liaohuqiu,2014-08-05 11:37:24,https://api.github.com/repos/liaohuqiu/cube-sdk/git/commits/aa2b20a1e2a66fcac7e7cf338ef037372f721c36,aa2b20a1e2a66fcac7e7cf338ef037372f721c36,update to net.liaohuqiu
liaohuqiu,2014-08-05 10:51:54,https://api.github.com/repos/liaohuqiu/cube-sdk/git/commits/9fa7327c51ef02abb3ddf10cb30aa33778c5c36e,9fa7327c51ef02abb3ddf10cb30aa33778c5c36e,update to in.srain
liaohuqiu,2014-08-05 10:09:10,https://api.github.com/repos/liaohuqiu/cube-sdk/git/commits/8458c62fe326d4a1e2b4c3d7076ebac840a8e625,8458c62fe326d4a1e2b4c3d7076ebac840a8e625,update pom
liaohuqiu,2014-08-05 10:09:00,https://api.github.com/repos/liaohuqiu/cube-sdk/git/commits/b24a17358625186f74671f4fa7fe0d4bea609094,b24a17358625186f74671f4fa7fe0d4bea609094,update pom
liaohuqiu,2014-08-05 08:14:38,https://api.github.com/repos/liaohuqiu/cube-sdk/git/commits/f15e93a5f5e1619d50937f71b73c55a380d51170,f15e93a5f5e1619d50937f71b73c55a380d51170,add auto play banner
liaohuqiu,2014-08-05 05:04:09,https://api.github.com/repos/liaohuqiu/cube-sdk/git/commits/be1964bc84ae7ce55f51d993b02dcab7f645450b,be1964bc84ae7ce55f51d993b02dcab7f645450b,update pom
liaohuqiu,2014-08-05 05:03:15,https://api.github.com/repos/liaohuqiu/cube-sdk/git/commits/40c6914bbc66a59eebccc815495229f03cb6a73d,40c6914bbc66a59eebccc815495229f03cb6a73d,remove from taobao group
liaohuqiu,2014-08-04 10:00:40,https://api.github.com/repos/liaohuqiu/cube-sdk/git/commits/a691b4799980d8b9edc66c277cf636be087c93ae,a691b4799980d8b9edc66c277cf636be087c93ae,update pom version
liaohuqiu,2014-08-04 09:39:50,https://api.github.com/repos/liaohuqiu/cube-sdk/git/commits/18d6e25493348875c5119cdde9ad783aa393728c,18d6e25493348875c5119cdde9ad783aa393728c,update CLOG
liaohuqiu,2014-08-04 09:39:25,https://api.github.com/repos/liaohuqiu/cube-sdk/git/commits/3a425405be42835e3808b1d7c921f1b41be57884,3a425405be42835e3808b1d7c921f1b41be57884,add tab viewpager indicator
liaohuqiu,2014-07-31 03:11:33,https://api.github.com/repos/liaohuqiu/cube-sdk/git/commits/78775799b2b6ad24dab9b42373ff9f568270bbe1,78775799b2b6ad24dab9b42373ff9f568270bbe1,update
liaohuqiu,2014-07-29 01:42:15,https://api.github.com/repos/liaohuqiu/cube-sdk/git/commits/6796bc7030d7fc582f3e32b8e1cd8c4fb31b1b4e,6796bc7030d7fc582f3e32b8e1cd8c4fb31b1b4e,update version
liaohuqiu,2014-07-28 11:06:08,https://api.github.com/repos/liaohuqiu/cube-sdk/git/commits/b407b7235ad57e3269814420586f6b81ee99106f,b407b7235ad57e3269814420586f6b81ee99106f,update ScrollHeaderFrame
liaohuqiu,2014-07-28 03:34:21,https://api.github.com/repos/liaohuqiu/cube-sdk/git/commits/33d92b3a1cfd79ec13732cbf97a3b7fc01ead9f9,33d92b3a1cfd79ec13732cbf97a3b7fc01ead9f9,update content
liaohuqiu,2014-07-28 01:49:14,https://api.github.com/repos/liaohuqiu/cube-sdk/git/commits/ad1d1af2242e57a62b92c84639c8cb9a481d87e5,ad1d1af2242e57a62b92c84639c8cb9a481d87e5,udpate
liaohuqiu,2014-07-25 07:02:13,https://api.github.com/repos/liaohuqiu/cube-sdk/git/commits/4668edff732b830e8da984f6a34accec58ec697c,4668edff732b830e8da984f6a34accec58ec697c,update
liaohuqiu,2014-07-24 10:44:35,https://api.github.com/repos/liaohuqiu/cube-sdk/git/commits/536131ea148cb79e7fab988bf1b8c9e9cf5d249d,536131ea148cb79e7fab988bf1b8c9e9cf5d249d,update content
liaohuqiu,2014-07-24 06:44:08,https://api.github.com/repos/liaohuqiu/cube-sdk/git/commits/95da368d3bf05d20435a3655f36de3631d6d556b,95da368d3bf05d20435a3655f36de3631d6d556b,add pom
liaohuqiu,2014-07-23 08:23:28,https://api.github.com/repos/liaohuqiu/cube-sdk/git/commits/97d90836c5912d80b605d6dceb6786c76046f4c1,97d90836c5912d80b605d6dceb6786c76046f4c1,udpate for apklib
liaohuqiu,2014-04-23 05:46:07,https://api.github.com/repos/liaohuqiu/cube-sdk/git/commits/436cb089d8fb88acb214506f0beaf625a44c56be,436cb089d8fb88acb214506f0beaf625a44c56be,Merge branch 'tmp'
liaohuqiu,2014-04-23 05:45:39,https://api.github.com/repos/liaohuqiu/cube-sdk/git/commits/172a1af906dfa1ee5a32e581e20c74d952f6f533,172a1af906dfa1ee5a32e581e20c74d952f6f533,add optDouble for JsonData
liaohuqiu,2014-04-17 07:50:36,https://api.github.com/repos/liaohuqiu/cube-sdk/git/commits/b871593ac5b0e5235704d81c5fd1cdc0a1d89b76,b871593ac5b0e5235704d81c5fd1cdc0a1d89b76,aviod the null exception
liaohuqiu,2014-03-26 09:16:05,https://api.github.com/repos/liaohuqiu/cube-sdk/git/commits/336cc7b3de173d8132c288c02b5fee7886f12f44,336cc7b3de173d8132c288c02b5fee7886f12f44,update demo
liaohuqiu,2014-03-25 13:00:42,https://api.github.com/repos/liaohuqiu/cube-sdk/git/commits/ae37216ae9331f73c864abb8d25b8f06ae80ad12,ae37216ae9331f73c864abb8d25b8f06ae80ad12,fix bugs: reuse info is not right; identify string is not clear
liaohuqiu,2014-03-24 08:49:04,https://api.github.com/repos/liaohuqiu/cube-sdk/git/commits/f8cbe4fc7e1736d2a6f7ad1b8176b488f7fdcf43,f8cbe4fc7e1736d2a6f7ad1b8176b488f7fdcf43,clear load task when the imageview has been set drawbale by user
liaohuqiu,2014-03-18 11:00:59,https://api.github.com/repos/liaohuqiu/cube-sdk/git/commits/24790a1ee2e6588cf3c1c9e7b274cfa8b9499164,24790a1ee2e6588cf3c1c9e7b274cfa8b9499164,imageView must do some job when loadFinish
liaohuqiu,2014-03-18 03:19:01,https://api.github.com/repos/liaohuqiu/cube-sdk/git/commits/83e90db64a8a4eb335c12d627b0075a34610f8a6,83e90db64a8a4eb335c12d627b0075a34610f8a6,"fix issue: the system clock has been reset to a very previous time, the old data can not been invalidate."
liaohuqiu,2014-03-13 08:30:54,https://api.github.com/repos/liaohuqiu/cube-sdk/git/commits/bf4befcd3db037cc8b217dc28e5a52aa2dbdc319,bf4befcd3db037cc8b217dc28e5a52aa2dbdc319,add more action view
liaohuqiu,2014-03-13 08:30:25,https://api.github.com/repos/liaohuqiu/cube-sdk/git/commits/f0aec883e6d9578c795638f37f2fd3b8e96214c4,f0aec883e6d9578c795638f37f2fd3b8e96214c4,add more_action view
liaohuqiu,2014-03-13 04:00:31,https://api.github.com/repos/liaohuqiu/cube-sdk/git/commits/d0f1321ff8a62b9269b010c2fab92eed75fa35b9,d0f1321ff8a62b9269b010c2fab92eed75fa35b9,update jsondata
liaohuqiu,2014-03-11 03:18:30,https://api.github.com/repos/liaohuqiu/cube-sdk/git/commits/64d64d56164d46ed25171e014f9ea12796503821,64d64d56164d46ed25171e014f9ea12796503821,add dotview sample
liaohuqiu,2014-03-11 03:15:04,https://api.github.com/repos/liaohuqiu/cube-sdk/git/commits/6e99c92aa08841293166b4c8969cacc17d591f37,6e99c92aa08841293166b4c8969cacc17d591f37,add dotview sample
liaohuqiu,2014-03-06 08:05:24,https://api.github.com/repos/liaohuqiu/cube-sdk/git/commits/77c7ee42237ede0e26cae92c0ae8127b6556d3eb,77c7ee42237ede0e26cae92c0ae8127b6556d3eb,remove Imageloader.flushDiskCache
liaohuqiu,2014-03-06 06:40:53,https://api.github.com/repos/liaohuqiu/cube-sdk/git/commits/02c2830238278ccc05be4185958c08d8f732356f,02c2830238278ccc05be4185958c08d8f732356f,remove auto genertat files
liaohuqiu,2014-02-23 14:01:52,https://api.github.com/repos/liaohuqiu/cube-sdk/git/commits/b9677c8ab5ee3ae438c8e3e1a72b109f4ce97822,b9677c8ab5ee3ae438c8e3e1a72b109f4ce97822,add reuse sample
liaohuqiu,2014-02-23 12:11:49,https://api.github.com/repos/liaohuqiu/cube-sdk/git/commits/c0b6ec1c3e638b84cb0e1c9793bdd7eb549e77eb,c0b6ec1c3e638b84cb0e1c9793bdd7eb549e77eb,Update README.md
liaohuqiu,2014-02-17 09:20:41,https://api.github.com/repos/liaohuqiu/cube-sdk/git/commits/488f8e7ff21af6248953cec3891ceaae32cd4608,488f8e7ff21af6248953cec3891ceaae32cd4608,update demo
liaohuqiu,2014-02-17 02:06:58,https://api.github.com/repos/liaohuqiu/cube-sdk/git/commits/32653c2fbaa343ed23a66c99429d97d3be51754d,32653c2fbaa343ed23a66c99429d97d3be51754d,finish demo
liaohuqiu,2014-02-13 01:17:31,https://api.github.com/repos/liaohuqiu/cube-sdk/git/commits/9925936dc8b494066c3e93c76dcfa3d30301a369,9925936dc8b494066c3e93c76dcfa3d30301a369,Merge branch 'master' of github.com:liaohuqiu/cube-sdk
liaohuqiu,2014-02-12 14:55:58,https://api.github.com/repos/liaohuqiu/cube-sdk/git/commits/175731b686e35ea0b569da1b983facff64a97112,175731b686e35ea0b569da1b983facff64a97112,add apk
liaohuqiu,2014-02-12 09:20:40,https://api.github.com/repos/liaohuqiu/cube-sdk/git/commits/ca8aa9d589ac7afd92826374577e65aaace233be,ca8aa9d589ac7afd92826374577e65aaace233be,Update README.md
liaohuqiu,2014-02-12 09:10:23,https://api.github.com/repos/liaohuqiu/cube-sdk/git/commits/b06c44a24db19fbb6c1f2a8e34bbeedcfbf125b0,b06c44a24db19fbb6c1f2a8e34bbeedcfbf125b0,update Readme
liaohuqiu,2014-02-11 00:41:09,https://api.github.com/repos/liaohuqiu/cube-sdk/git/commits/60581fd8ef9bb67b001b7e7689dad8e32fabccad,60581fd8ef9bb67b001b7e7689dad8e32fabccad,add .DS_Store to git ignore;
liaohuqiu,2014-02-10 15:15:24,https://api.github.com/repos/liaohuqiu/cube-sdk/git/commits/b1e5d9648923cf67e021771bc70388a8a4bdbada,b1e5d9648923cf67e021771bc70388a8a4bdbada,change activity to fragment
liaohuqiu,2014-01-27 08:04:10,https://api.github.com/repos/liaohuqiu/cube-sdk/git/commits/86b0fcf7fb63b48203f16398da817f827742bbca,86b0fcf7fb63b48203f16398da817f827742bbca,"refine the imagelist in ImageTask, use a simple linked list to hold the imageviews"
liaohuqiu,2014-01-30 11:04:33,https://api.github.com/repos/liaohuqiu/cube-sdk/git/commits/43b7c77120ba8a0498bb5e33179959585d23456c,43b7c77120ba8a0498bb5e33179959585d23456c,Create README.md
liaohuqiu,2014-01-25 17:14:09,https://api.github.com/repos/liaohuqiu/cube-sdk/git/commits/92264dbce373b4a38fdcbc50ef3b0ca1b28397fd,92264dbce373b4a38fdcbc50ef3b0ca1b28397fd,make ImageView will not request layout after setImageDrawable
liaohuqiu,2014-01-24 09:19:56,https://api.github.com/repos/liaohuqiu/cube-sdk/git/commits/44ae537b4ffb3f128afd802f6dc6785c6e42b97a,44ae537b4ffb3f128afd802f6dc6785c6e42b97a,hope everything will be well
liaohuqiu,2014-01-24 07:54:13,https://api.github.com/repos/liaohuqiu/cube-sdk/git/commits/e45baf5b1e65e17f8b84d16aa0a88317bdff8d06,e45baf5b1e65e17f8b84d16aa0a88317bdff8d06,submit for maven
liaohuqiu,2014-01-24 07:54:03,https://api.github.com/repos/liaohuqiu/cube-sdk/git/commits/3a401703fe57350bd0e5facbe1978b1493276130,3a401703fe57350bd0e5facbe1978b1493276130,submit for maven
liaohuqiu,2014-01-17 17:22:24,https://api.github.com/repos/liaohuqiu/cube-sdk/git/commits/7cca7eee9d4d35e8075f60d2b95061ac21d5e65a,7cca7eee9d4d35e8075f60d2b95061ac21d5e65a,commit the modifications
liaohuqiu,2014-01-10 03:54:18,https://api.github.com/repos/liaohuqiu/cube-sdk/git/commits/241255837d6dd394b19257c7656872848e39a0aa,241255837d6dd394b19257c7656872848e39a0aa,ignore files
liaohuqiu,2014-01-10 03:51:11,https://api.github.com/repos/liaohuqiu/cube-sdk/git/commits/74691ee9e92d8baed9f5df4582aa0a92bcdcc441,74691ee9e92d8baed9f5df4582aa0a92bcdcc441,ignore files
liaohuqiu,2014-01-10 03:46:53,https://api.github.com/repos/liaohuqiu/cube-sdk/git/commits/257d021a582c79727fde37b0e27ca0e390b68c74,257d021a582c79727fde37b0e27ca0e390b68c74,Demostration Done
liaohuqiu,2014-01-09 13:20:47,https://api.github.com/repos/liaohuqiu/cube-sdk/git/commits/27bd60307101ace955f15bfc7235be63b579ddc3,27bd60307101ace955f15bfc7235be63b579ddc3,commit for big list
liaohuqiu,2014-01-09 10:33:45,https://api.github.com/repos/liaohuqiu/cube-sdk/git/commits/34362d7f1eff1041a0967b596d8dc595d2557d16,34362d7f1eff1041a0967b596d8dc595d2557d16,simple example for demo
liaohuqiu,2014-01-09 10:33:26,https://api.github.com/repos/liaohuqiu/cube-sdk/git/commits/105bd28fe0d5ab0aca32e6a365e60cf0df10d066,105bd28fe0d5ab0aca32e6a365e60cf0df10d066,simple example for demo
liaohuqiu,2014-01-08 18:22:12,https://api.github.com/repos/liaohuqiu/cube-sdk/git/commits/e4aaabc592aca4c6f185476e376f0e342023c774,e4aaabc592aca4c6f185476e376f0e342023c774,Demostration
liaohuqiu,2014-01-08 10:12:10,https://api.github.com/repos/liaohuqiu/cube-sdk/git/commits/e4142ccfc2f2331aaaee90899eacc06b8d54b386,e4142ccfc2f2331aaaee90899eacc06b8d54b386,reconstruct
liaohuqiu,2013-12-20 06:42:13,https://api.github.com/repos/liaohuqiu/cube-sdk/git/commits/926ed9a33fa2e2ea149aca9c4cfff2e03c4cbea5,926ed9a33fa2e2ea149aca9c4cfff2e03c4cbea5,adjust the construction of the directory; almost finish the cube image
liaohuqiu,2013-12-17 16:08:04,https://api.github.com/repos/liaohuqiu/cube-sdk/git/commits/ecba82ada41904e91c2d428316a482860592a073,ecba82ada41904e91c2d428316a482860592a073,a step in display image
liaohuqiu,2013-12-17 16:06:11,https://api.github.com/repos/liaohuqiu/cube-sdk/git/commits/702182a1bc3edd95df4e651cadc70a32371e6cae,702182a1bc3edd95df4e651cadc70a32371e6cae,a step in display image
liaohuqiu,2013-12-05 17:32:44,https://api.github.com/repos/liaohuqiu/cube-sdk/git/commits/5911668acbacb5a44da502ae73f07adf0e0b7ec5,5911668acbacb5a44da502ae73f07adf0e0b7ec5,some modifications for document
liaohuqiu,2013-12-05 13:28:39,https://api.github.com/repos/liaohuqiu/cube-sdk/git/commits/ed813558c1354290c2383242b4f16b073663ec21,ed813558c1354290c2383242b4f16b073663ec21,allow read initial data from assert
liaohuqiu,2013-11-25 06:17:17,https://api.github.com/repos/liaohuqiu/cube-sdk/git/commits/939f7763c7b7d8c3cf67ac9a57afb6a63c725425,939f7763c7b7d8c3cf67ac9a57afb6a63c725425,add more files for request
liaohuqiu,2013-11-25 06:15:17,https://api.github.com/repos/liaohuqiu/cube-sdk/git/commits/db3581cd965d4a56a85d08b957c404daecb25e98,db3581cd965d4a56a85d08b957c404daecb25e98,add utility web request package
liaohuqiu,2013-11-23 06:29:47,https://api.github.com/repos/liaohuqiu/cube-sdk/git/commits/b4a2a50239847691cf2d550567fe782a55890976,b4a2a50239847691cf2d550567fe782a55890976,Update README.md
liaohuqiu,2013-11-23 06:29:34,https://api.github.com/repos/liaohuqiu/cube-sdk/git/commits/747c48c0b38740ffbdcfaba6c392554d4fe8f191,747c48c0b38740ffbdcfaba6c392554d4fe8f191,Update README.md
liaohuqiu,2013-11-23 06:29:22,https://api.github.com/repos/liaohuqiu/cube-sdk/git/commits/fea1fe9e952a6ce1fe84aa723b4cc8f28e5ef5ca,fea1fe9e952a6ce1fe84aa723b4cc8f28e5ef5ca,Update README.md
liaohuqiu,2013-11-23 06:27:11,https://api.github.com/repos/liaohuqiu/cube-sdk/git/commits/a8c59b7849d394fbf7b9f3d4fa9c5886b53e3325,a8c59b7849d394fbf7b9f3d4fa9c5886b53e3325,add init files
