playback,Video player built using electron and node.js
username,timestamp,url,sha,message
freeall,2016-04-21 06:19:48,https://api.github.com/repos/mafintosh/playback/git/commits/edf30bd3b99a13880f648de8a8553fdeec225ee0,edf30bd3b99a13880f648de8a8553fdeec225ee0,"Merge pull request #106 from phated/playback-rate

add playback rate functionality - closes #104"
phated,2016-04-21 00:41:47,https://api.github.com/repos/mafintosh/playback/git/commits/56bcd0fd91a0d593cf38eb13c9da559251122622,56bcd0fd91a0d593cf38eb13c9da559251122622,add playback rate functionality - closes #104
phated,2016-04-20 23:10:18,https://api.github.com/repos/mafintosh/playback/git/commits/6d28b437a20017fbb0dd5662a8c544474144dff4,6d28b437a20017fbb0dd5662a8c544474144dff4,add volume icon and hide volume slider unless hovered
freeall,2016-04-15 07:58:34,https://api.github.com/repos/mafintosh/playback/git/commits/1a158b8568167bab941075f46711061933f3f7de,1a158b8568167bab941075f46711061933f3f7de,"Merge pull request #101 from phated/time-reset-bug

$video.time() is not a function, use that.time() instead"
freeall,2016-04-15 07:58:04,https://api.github.com/repos/mafintosh/playback/git/commits/16fcfe1ff3a53a0dc5a7875b53bf3cda7f526d59,16fcfe1ff3a53a0dc5a7875b53bf3cda7f526d59,"Merge pull request #102 from phated/media-button-support

add support for play-pause, next track & previous track buttons"
phated,2016-04-14 22:29:55,https://api.github.com/repos/mafintosh/playback/git/commits/d11f027659a989c3f8a12f2dec575da6c67b57a4,d11f027659a989c3f8a12f2dec575da6c67b57a4,"add support for play-pause, next track & previous track buttons"
phated,2016-04-14 21:38:17,https://api.github.com/repos/mafintosh/playback/git/commits/008099df229f668069531f6da61f189ecdc678db,008099df229f668069531f6da61f189ecdc678db,"$video.time() is not a function, use that.time() instead"
freeall,2016-04-14 04:38:09,https://api.github.com/repos/mafintosh/playback/git/commits/cf918ea0ee8b187ee7a1799927b7a9ca4fbbeff8,cf918ea0ee8b187ee7a1799927b7a9ca4fbbeff8,"Merge pull request #100 from phated/recent-files

add files to recent files when opened with dialog"
phated,2016-04-13 22:55:56,https://api.github.com/repos/mafintosh/playback/git/commits/ae7ccf12d46c79c4fa90b60ba1f0a7127110f2b0,ae7ccf12d46c79c4fa90b60ba1f0a7127110f2b0,add files to recent files when opened with dialog
freeall,2016-04-11 21:00:54,https://api.github.com/repos/mafintosh/playback/git/commits/7a8b06151cb24eaa107acafdb07cd6e3af9fff4b,7a8b06151cb24eaa107acafdb07cd6e3af9fff4b,"Merge pull request #97 from phated/ipc-renderer-event-argument

ipcRenderer passes an event object as first argument since electron 0.35.0"
freeall,2016-04-11 07:57:35,https://api.github.com/repos/mafintosh/playback/git/commits/6b4931ccc3cfdb7760b57b3d3de0217bd7c01499,6b4931ccc3cfdb7760b57b3d3de0217bd7c01499,"Merge pull request #99 from phated/repeat-functionality

Repeat functionality"
freeall,2016-04-11 07:55:02,https://api.github.com/repos/mafintosh/playback/git/commits/1b5c949bd67035bcee707c30508cf3e94a1e1222,1b5c949bd67035bcee707c30508cf3e94a1e1222,"Merge pull request #98 from phated/ionicons

switch to ionicons due to octicons removing playback icons in 3.0"
phated,2016-04-10 02:58:09,https://api.github.com/repos/mafintosh/playback/git/commits/b2975ee00e43296655fc4fa72fae526ee4d8cd29,b2975ee00e43296655fc4fa72fae526ee4d8cd29,add repeat functionality to the playlist and UI
phated,2016-04-10 01:11:05,https://api.github.com/repos/mafintosh/playback/git/commits/3e7902808be5645e95cdb3da470e5c5a32dcb893,3e7902808be5645e95cdb3da470e5c5a32dcb893,switch to ionicons due to octicons removing playback icons in 3.0
phated,2016-04-10 00:32:22,https://api.github.com/repos/mafintosh/playback/git/commits/0e2bd7d803ca55001c150fd8728c4cfe20c4596a,0e2bd7d803ca55001c150fd8728c4cfe20c4596a,ipcRenderer passes an event object as first argument since electron 0.35.0
mafintosh,2016-04-05 14:54:03,https://api.github.com/repos/mafintosh/playback/git/commits/79b470a088c127653a6967a3f2c86f06942f332a,79b470a088c127653a6967a3f2c86f06942f332a,"Merge pull request #96 from mikkkee/patch-1

Update description in package.json"
mikkkee,2016-04-05 14:15:16,https://api.github.com/repos/mafintosh/playback/git/commits/2d4f274c1567ce3e01c9a818ccda8fe31a4dee9b,2d4f274c1567ce3e01c9a818ccda8fe31a4dee9b,Update description in package.json
mafintosh,2016-03-09 18:03:46,https://api.github.com/repos/mafintosh/playback/git/commits/f029dffda24006df7aeab7fb99b2020cabb35708,f029dffda24006df7aeab7fb99b2020cabb35708,"Merge pull request #93 from balupton/patch-1

Fix #92"
balupton,2016-03-09 17:44:24,https://api.github.com/repos/mafintosh/playback/git/commits/af2e6e509de2bb98c4deec4bd3362f9fac9c3bd9,af2e6e509de2bb98c4deec4bd3362f9fac9c3bd9,"Fix #92

ytdl-core already supports shortened URLs"
mafintosh,2016-02-20 18:16:47,https://api.github.com/repos/mafintosh/playback/git/commits/67b9d034094b3fd4954fafdd5e156e8e44c39163,67b9d034094b3fd4954fafdd5e156e8e44c39163,"Merge pull request #87 from cesine/fix/ipc

use ipcRenderer in index instead of ipcMain"
cesine,2016-02-20 17:58:59,https://api.github.com/repos/mafintosh/playback/git/commits/eb091aeb557e29259c96bc213f095055c7fb67c5,eb091aeb557e29259c96bc213f095055c7fb67c5,use ipcRenderer in index instead of ipcMain
mafintosh,2016-02-19 03:13:49,https://api.github.com/repos/mafintosh/playback/git/commits/fee3439be25f8356c255bc3e041feaee4e0bfdf7,fee3439be25f8356c255bc3e041feaee4e0bfdf7,"Merge pull request #83 from cesine/master

fixing tiny deprecated warnings"
cesine,2016-02-16 01:53:06,https://api.github.com/repos/mafintosh/playback/git/commits/4e5a1e20e65dc91156d72b52f425505a4a5aa964,4e5a1e20e65dc91156d72b52f425505a4a5aa964,"ipc module is deprecated

https://github.com/atom/electron/blob/3875b30fcf2065cebc4e914ee5274084875e425b/atom/browser/api/lib/ipc.js#L5"
cesine,2016-02-16 01:51:02,https://api.github.com/repos/mafintosh/playback/git/commits/a9781304d844924d549e9c5104f86dc61204407a,a9781304d844924d549e9c5104f86dc61204407a,loadUrl is deprecated. Use loadURL instead.
mafintosh,2016-02-11 19:17:38,https://api.github.com/repos/mafintosh/playback/git/commits/4ae925e993c383b0740bdbb5f8569cb7681a69ce,4ae925e993c383b0740bdbb5f8569cb7681a69ce,"Merge pull request #80 from dimdimbe/master

small issue - Window move after clicking context menu"
mafintosh,2016-01-03 19:00:08,https://api.github.com/repos/mafintosh/playback/git/commits/420a8be751bf4208fc934af9c512bbb0ae173e9e,420a8be751bf4208fc934af9c512bbb0ae173e9e,"Merge pull request #71 from gesslerpd/master

Related to last PR for bower, this time using npm"
gesslerpd,2016-01-03 18:52:15,https://api.github.com/repos/mafintosh/playback/git/commits/00f16a555e545e108aae733ba4707d166a41a56d,00f16a555e545e108aae733ba4707d166a41a56d,Fixed octicons version reference
gesslerpd,2016-01-03 18:50:19,https://api.github.com/repos/mafintosh/playback/git/commits/e44ef9499161518966abcb0165e7345a7fee70e2,e44ef9499161518966abcb0165e7345a7fee70e2,Added icon and font packages in npm
gesslerpd,2016-01-03 18:45:50,https://api.github.com/repos/mafintosh/playback/git/commits/3c335c13ffcc56aff83fed083952993ef757c1e0,3c335c13ffcc56aff83fed083952993ef757c1e0,Removed fonts from git
mafintosh,2015-12-09 15:20:27,https://api.github.com/repos/mafintosh/playback/git/commits/f5d004d4f7dbfef406ba16186c76d53e6d556b17,f5d004d4f7dbfef406ba16186c76d53e6d556b17,1.6.0
mafintosh,2015-12-09 08:04:50,https://api.github.com/repos/mafintosh/playback/git/commits/be8d1fe58fba7def4f92f2c305e25427a1c285c9,be8d1fe58fba7def4f92f2c305e25427a1c285c9,"Merge pull request #66 from jlord/sleeping

Prevent Sleeping"
mafintosh,2015-12-08 23:41:54,https://api.github.com/repos/mafintosh/playback/git/commits/8bd720139520a4fbebd1f65acd63424f7b5492ea,8bd720139520a4fbebd1f65acd63424f7b5492ea,tweak volume knod
maxogden,2015-12-08 23:31:53,https://api.github.com/repos/mafintosh/playback/git/commits/ff0bbc2dc67e1fa9433d0bbcc8c1b1eb0c1208ae,ff0bbc2dc67e1fa9433d0bbcc8c1b1eb0c1208ae,fix http paste
mafintosh,2015-12-07 15:57:30,https://api.github.com/repos/mafintosh/playback/git/commits/fd35bc519fbee084f34b91c4bd287c79404da784,fd35bc519fbee084f34b91c4bd287c79404da784,1.5.1
mafintosh,2015-12-07 15:57:05,https://api.github.com/repos/mafintosh/playback/git/commits/60f2dee4e0344b9f0b83f4bc603965a878fcda50,60f2dee4e0344b9f0b83f4bc603965a878fcda50,fix mac builds
mafintosh,2015-12-07 15:52:07,https://api.github.com/repos/mafintosh/playback/git/commits/2a6e553ba68d60ed150a0ea8db7d01f45ac56415,2a6e553ba68d60ed150a0ea8db7d01f45ac56415,1.5.0
mafintosh,2015-12-07 15:51:19,https://api.github.com/repos/mafintosh/playback/git/commits/6e3f6def2e3de2d05ac0ca610d931e8b21735d1d,6e3f6def2e3de2d05ac0ca610d931e8b21735d1d,"upgrade webtorrent, add rebuild script"
mafintosh,2015-08-23 10:45:23,https://api.github.com/repos/mafintosh/playback/git/commits/385d6ce942c30f3ddf613094d64ffb2e026981f2,385d6ce942c30f3ddf613094d64ffb2e026981f2,upgrade deps
feross,2015-08-23 10:49:45,https://api.github.com/repos/mafintosh/playback/git/commits/49ab7eb6caf63e971df643c38b27a1d084e86e33,49ab7eb6caf63e971df643c38b27a1d084e86e33,"Merge pull request #61 from feross/master

readme: update feature list"
feross,2015-08-23 10:49:19,https://api.github.com/repos/mafintosh/playback/git/commits/55b78f04d131cfbc9dafbe503d0a9bb90b0003c9,55b78f04d131cfbc9dafbe503d0a9bb90b0003c9,readme: update feature list
mafintosh,2015-08-23 10:39:26,https://api.github.com/repos/mafintosh/playback/git/commits/b1eef5aedd725ca6c4f48dd695cbe6fcb32119f3,b1eef5aedd725ca6c4f48dd695cbe6fcb32119f3,"Merge pull request #60 from feross/master

Use WebTorrent"
feross,2015-08-23 02:19:26,https://api.github.com/repos/mafintosh/playback/git/commits/b6bdb3648bde47abad81ac2bed909904df579a5a,b6bdb3648bde47abad81ac2bed909904df579a5a,Use WebTorrent
mafintosh,2015-08-11 22:03:50,https://api.github.com/repos/mafintosh/playback/git/commits/59a7ce8d5d13ad608f5f4cfaf4756433d5a9e6e1,59a7ce8d5d13ad608f5f4cfaf4756433d5a9e6e1,"Merge pull request #46 from deliciousfudge/master

Add a 64-bit Linux build script"
mafintosh,2015-07-02 06:13:04,https://api.github.com/repos/mafintosh/playback/git/commits/47ac07bb878a324386e7aa54f2d15b023c93f0c0,47ac07bb878a324386e7aa54f2d15b023c93f0c0,"Merge pull request #55 from xicombd/paste-url

Paste links menu entries"
fbaiodias,2015-06-27 13:13:05,https://api.github.com/repos/mafintosh/playback/git/commits/866571fc2b149e786cc815864629aed812804c4b,866571fc2b149e786cc815864629aed812804c4b,Changed label and added entry to app menu as well
fbaiodias,2015-06-27 12:49:32,https://api.github.com/repos/mafintosh/playback/git/commits/8952270c6394c009bb4bcbe577ae49e516d052c6,8952270c6394c009bb4bcbe577ae49e516d052c6,Merge branch 'master' into paste-url
mafintosh,2015-06-27 08:22:39,https://api.github.com/repos/mafintosh/playback/git/commits/98747012fb6ee841befdaa4572bfbd77f46c4086,98747012fb6ee841befdaa4572bfbd77f46c4086,"Merge pull request #54 from daisuke-nomura/menubar

Adding Application Menu"
daisuke-nomura,2015-06-27 05:43:31,https://api.github.com/repos/mafintosh/playback/git/commits/8f19037d24d7e8c20fb3698f090546e469cadfe4,8f19037d24d7e8c20fb3698f090546e469cadfe4,Changed the same name duplication
daisuke-nomura,2015-06-27 05:33:03,https://api.github.com/repos/mafintosh/playback/git/commits/0fd54b604b9c8d0f20bdbccb9eff62563c46d1af,0fd54b604b9c8d0f20bdbccb9eff62563c46d1af,Add Application Menu
fbaiodias,2015-06-26 01:41:38,https://api.github.com/repos/mafintosh/playback/git/commits/a37b43283cd59b553e6cb79f1c7e8e866866822b,a37b43283cd59b553e6cb79f1c7e8e866866822b,Added 'Paste Url' to context menu
freeall,2015-06-24 05:29:01,https://api.github.com/repos/mafintosh/playback/git/commits/9d302426bcbb17daf31ede72dff9c5b6a721927f,9d302426bcbb17daf31ede72dff9c5b6a721927f,"Merge pull request #53 from daisuke-nomura/volume2

Add volume control again"
daisuke-nomura,2015-06-24 02:27:19,https://api.github.com/repos/mafintosh/playback/git/commits/a28637893da9d906ac944a5df82e7475722a24e0,a28637893da9d906ac944a5df82e7475722a24e0,Add volume control
freeall,2015-06-23 21:18:39,https://api.github.com/repos/mafintosh/playback/git/commits/5c40b57e0ac53c1394c93d41e870d134942cb8c2,5c40b57e0ac53c1394c93d41e870d134942cb8c2,"Merge pull request #51 from daisuke-nomura/master

Remove white pixels in fullscreen"
daisuke-nomura,2015-06-20 11:52:39,https://api.github.com/repos/mafintosh/playback/git/commits/c756552302c7ac06c63320263d24c10c9386806b,c756552302c7ac06c63320263d24c10c9386806b,"Remove white pixels in fullscreen

for OSX"
freeall,2015-06-14 20:03:25,https://api.github.com/repos/mafintosh/playback/git/commits/2b00920b99da343f546c2dadc64c2e28b3a6116d,2b00920b99da343f546c2dadc64c2e28b3a6116d,"Merge pull request #47 from msathis/master

Use available subtitles while streaming torrents"
msathis,2015-06-13 18:56:37,https://api.github.com/repos/mafintosh/playback/git/commits/01149c05bb7ee4ca6081e513dd32017d9ea428d3,01149c05bb7ee4ca6081e513dd32017d9ea428d3,Use available subtitles while streaming torrents
deliciousfudge,2015-06-10 10:31:50,https://api.github.com/repos/mafintosh/playback/git/commits/55a80d50abe3833cc7c4dc4953e26cddd596ee31,55a80d50abe3833cc7c4dc4953e26cddd596ee31,Add a 64-bit Linux build script
deliciousfudge,2015-06-10 04:39:03,https://api.github.com/repos/mafintosh/playback/git/commits/659e5cd836ffc40798c7e0f1fcb538ec8f8ebbe9,659e5cd836ffc40798c7e0f1fcb538ec8f8ebbe9,Add a 64-bit Linux build script
deliciousfudge,2015-06-10 04:34:00,https://api.github.com/repos/mafintosh/playback/git/commits/ce58f63a37c96e582929935966f91d76641c2d1c,ce58f63a37c96e582929935966f91d76641c2d1c,Add a 64 bit Linux build to the list of scripts
mafintosh,2015-06-09 14:24:06,https://api.github.com/repos/mafintosh/playback/git/commits/4523cee206fbbfa94d1c1288a52050e9378e3ab6,4523cee206fbbfa94d1c1288a52050e9378e3ab6,1.4.0
mafintosh,2015-06-09 14:24:03,https://api.github.com/repos/mafintosh/playback/git/commits/75dd259de18248c3b55bd60e44071d2eee6e7d48,75dd259de18248c3b55bd60e44071d2eee6e7d48,some formatting
mafintosh,2015-06-09 14:23:06,https://api.github.com/repos/mafintosh/playback/git/commits/e9d3066e7196050516ded08b3ab87f22ea8eaf9a,e9d3066e7196050516ded08b3ab87f22ea8eaf9a,rename bundle to mac bundle
mafintosh,2015-06-08 20:02:24,https://api.github.com/repos/mafintosh/playback/git/commits/7ac8eae24c082efb6dfd0fc121ee1c6a29f94d0b,7ac8eae24c082efb6dfd0fc121ee1c6a29f94d0b,"Merge pull request #44 from tsvetilian-ty/master

Playback Windows Support"
tsvetilian-ty,2015-06-01 18:17:56,https://api.github.com/repos/mafintosh/playback/git/commits/64a10bd877dd9a99d9ff8148e3a2220c641a92df,64a10bd877dd9a99d9ff8148e3a2220c641a92df,"Add windows icon file and squashing the commits

electron dependency update

Update electron-prebuilt to the latest version

BrowserWindow: Frame check

Check if the operation system is win32 set frame to true

Hide titlebar if os is win32

If OS is Windows hide the OS X like titlebar

Update contribution information and gitignore

| Update contribution information change atom-shell to electron
| Add release folder to .gitignore file

Add supported versions and Windows build info

comparing both the value and the type

Update electron dependency and add build script

Update electron dependency and add windows build script

README update

Update electron-packager dependency and .gitignore

electron-packager's version 3.1.0 don't support win32, so I updated to
4.1.2

Update windows bundle script"
mafintosh,2015-05-29 18:01:26,https://api.github.com/repos/mafintosh/playback/git/commits/0cf59d7253e060013f42aeb14b17627c844b8de9,0cf59d7253e060013f42aeb14b17627c844b8de9,"Merge pull request #41 from skybon/patch-1

Fix app.js header"
vorot93,2015-05-28 18:30:09,https://api.github.com/repos/mafintosh/playback/git/commits/6421a124c60979594be7f7690e0d518cb79badbd,6421a124c60979594be7f7690e0d518cb79badbd,"Fix app.js header

It's electron now."
mafintosh,2015-05-08 23:07:15,https://api.github.com/repos/mafintosh/playback/git/commits/b013f36ffef5898a206b31e00b74382bfad1ffd3,b013f36ffef5898a206b31e00b74382bfad1ffd3,1.3.1
mafintosh,2015-05-08 23:06:52,https://api.github.com/repos/mafintosh/playback/git/commits/77ad3e961dd7bbfec75815b32379921d13b4d728,77ad3e961dd7bbfec75815b32379921d13b4d728,update plist to work with electron
mafintosh,2015-05-03 15:42:00,https://api.github.com/repos/mafintosh/playback/git/commits/d42f926caa11889c59791ca491e390e754c2b1b6,d42f926caa11889c59791ca491e390e754c2b1b6,fix start scripts as well
mafintosh,2015-05-03 15:33:43,https://api.github.com/repos/mafintosh/playback/git/commits/945e551f903526353edce83de28f61003d022ca7,945e551f903526353edce83de28f61003d022ca7,use electron packages
mafintosh,2015-04-19 05:09:49,https://api.github.com/repos/mafintosh/playback/git/commits/2084c28c3001fbe664b72a9f68ac0a22e3148367,2084c28c3001fbe664b72a9f68ac0a22e3148367,1.3.0
mafintosh,2015-04-19 05:08:28,https://api.github.com/repos/mafintosh/playback/git/commits/ae7e544f0029f15ac5de91914fd527615f58d762,ae7e544f0029f15ac5de91914fd527615f58d762,"Merge pull request #28 from bmathews/timeline-tooltip

Adds tooltip for timeline seeking"
bmathews,2015-04-19 05:03:30,https://api.github.com/repos/mafintosh/playback/git/commits/8a0e5384ca993705bb668be2454bdfd368ea1de1,8a0e5384ca993705bb668be2454bdfd368ea1de1,Adds linear transition back to timeline animations
mafintosh,2015-04-19 04:33:18,https://api.github.com/repos/mafintosh/playback/git/commits/f90cef4c96470b6864e0c995defe2aec626c149d,f90cef4c96470b6864e0c995defe2aec626c149d,fix pause regression. fixes #29
mafintosh,2015-04-13 17:01:55,https://api.github.com/repos/mafintosh/playback/git/commits/4b439ebb295c77ca78bb896b49337268eb56068c,4b439ebb295c77ca78bb896b49337268eb56068c,remove unused deps
bmathews,2015-04-19 00:30:42,https://api.github.com/repos/mafintosh/playback/git/commits/c192e17ed55aba162c1558a0febb065606b02ff9,c192e17ed55aba162c1558a0febb065606b02ff9,Adds tooltip for timeline seeking
mafintosh,2015-04-18 23:29:25,https://api.github.com/repos/mafintosh/playback/git/commits/66de49ea7ed22d1d40aad8db6757ae8652768618,66de49ea7ed22d1d40aad8db6757ae8652768618,"Merge pull request #27 from bmathews/toggle-popup

Updates control buttons to toggle visibility of popups"
bmathews,2015-04-18 23:25:37,https://api.github.com/repos/mafintosh/playback/git/commits/9db208af4a81e177f3be25407170de6a1f99d198,9db208af4a81e177f3be25407170de6a1f99d198,Updates control buttons to toggle visibility of popups
freeall,2015-04-17 00:08:54,https://api.github.com/repos/mafintosh/playback/git/commits/9bb35a61785d55effd3072dccf6fe3f11fe40022,9bb35a61785d55effd3072dccf6fe3f11fe40022,"Merge pull request #26 from kapetan/titlebar

Use titlebar module"
kapetan,2015-04-14 20:55:48,https://api.github.com/repos/mafintosh/playback/git/commits/f76ff137d972a3ab749bcc1b3f70492f81cc04d5,f76ff137d972a3ab749bcc1b3f70492f81cc04d5,Use titlebar module
mafintosh,2015-04-13 20:20:55,https://api.github.com/repos/mafintosh/playback/git/commits/63f24d1d120296a96d1d6cc8a56fe3aa64af66ea,63f24d1d120296a96d1d6cc8a56fe3aa64af66ea,"Merge pull request #22 from jbenet/fix-stripping

Fix stripping"
jbenet,2015-04-13 20:18:42,https://api.github.com/repos/mafintosh/playback/git/commits/58302cbc414216136074338863e20729d77c5b74,58302cbc414216136074338863e20729d77c5b74,ipfs: nicer log messages to inspect actual links
jbenet,2015-04-13 20:18:20,https://api.github.com/repos/mafintosh/playback/git/commits/80c031067366721c97983fd9f54381f70146cfe6,80c031067366721c97983fd9f54381f70146cfe6,ipfs: need beggining /. may have been stripped
jbenet,2015-04-13 20:17:52,https://api.github.com/repos/mafintosh/playback/git/commits/715e9d360a503ee79aae6294a6328e598aad39fa,715e9d360a503ee79aae6294a6328e598aad39fa,bugfix: replace in add was missing ''
freeall,2015-04-13 17:03:23,https://api.github.com/repos/mafintosh/playback/git/commits/3f64758532e63d94ace1795a4464dc5111d6109a,3f64758532e63d94ace1795a4464dc5111d6109a,Fixed chromecast icons
freeall,2015-04-13 17:01:13,https://api.github.com/repos/mafintosh/playback/git/commits/11b38a73b09e5d7463c676d14f1c747772efef8a,11b38a73b09e5d7463c676d14f1c747772efef8a,Changed chromecast icons to fit design
freeall,2015-04-13 13:02:08,https://api.github.com/repos/mafintosh/playback/git/commits/fb1836b858dbd6f154c0b6c0759bd7f05177ef86,fb1836b858dbd6f154c0b6c0759bd7f05177ef86,Cleaned up show/hide controls
freeall,2015-04-13 08:05:56,https://api.github.com/repos/mafintosh/playback/git/commits/b3dd70483a5b06ca16a89e3111c3505ac9cfff25,b3dd70483a5b06ca16a89e3111c3505ac9cfff25,"""Chromecast"" instead of ""Broadcast"""
mafintosh,2015-04-13 09:06:18,https://api.github.com/repos/mafintosh/playback/git/commits/38e56fdf9257a3a1743b2bc5220903bdcfbf6651,38e56fdf9257a3a1743b2bc5220903bdcfbf6651,1.2.0
mafintosh,2015-04-13 09:03:20,https://api.github.com/repos/mafintosh/playback/git/commits/73ce176a76fb37b0c66cfc93afb49195efa69e83,73ce176a76fb37b0c66cfc93afb49195efa69e83,fix ipfs regex. cc @jbenet
mafintosh,2015-04-13 08:58:28,https://api.github.com/repos/mafintosh/playback/git/commits/2596a6be3a56fc7f433e24dc940d9cecffa6ed7e,2596a6be3a56fc7f433e24dc940d9cecffa6ed7e,strip playback protocol
mafintosh,2015-04-13 08:50:06,https://api.github.com/repos/mafintosh/playback/git/commits/ce3786a2adde6c310dfbedd586d2869c607aaf38,ce3786a2adde6c310dfbedd586d2869c607aaf38,cleanup ipfs code a bit and use request. /cc #12
mafintosh,2015-04-13 08:38:32,https://api.github.com/repos/mafintosh/playback/git/commits/5e2f26b6bdb58dbf55ae527fbf338afc8043523f,5e2f26b6bdb58dbf55ae527fbf338afc8043523f,"Merge pull request #12 from jbenet/master

HTTP and IPFS Support"
jbenet,2015-04-13 08:24:04,https://api.github.com/repos/mafintosh/playback/git/commits/26c3a161e38f8e500f3804833eaddeb5801f1626,26c3a161e38f8e500f3804833eaddeb5801f1626,"address CR comments

- fix return bug
- handle no range in stream options"
jbenet,2015-04-12 14:32:41,https://api.github.com/repos/mafintosh/playback/git/commits/830505ff31564a12ace7180efa2dc83f94eac68a,830505ff31564a12ace7180efa2dc83f94eac68a,updated readme
jbenet,2015-04-12 14:28:04,https://api.github.com/repos/mafintosh/playback/git/commits/c6dd1135862e0f19b04e72dc87b02f3325d4bee7,c6dd1135862e0f19b04e72dc87b02f3325d4bee7,"ipfs path resolution

this commit introduces ipfs path resolution. it tries three steps:

1. it first checks a local http gateway at localhost:8080
   (todo make this configurable), deferring to onhttplink
2. if that fails, it attempt to use the mounted filesystem.
3. if that fails, it uses the global gateway at gateway.ipfs.io.

You can try it with:

  npm install -g go-ipfs
  ipfs daemon &
  sleep 10 # wait for bootstrap (this will be better)
  atom-shell app.js /ipfs/QmTKZgRNwDNZwHtJSjCp6r5FYefzpULfy37JvMt9DwvXse/video.mp4"
jbenet,2015-04-12 14:24:39,https://api.github.com/repos/mafintosh/playback/git/commits/de1828b3e340bed689465034a53c79e570d0b228,de1828b3e340bed689465034a53c79e570d0b228,"add http link resolution

This commit introduces arbitrary http link resolution. It uses
http-client-stream to create readable http streams, with range
queries. This effectively proxies traffic.

Important note: it must first do a HEAD request to the url to
figure out the content-length."
freeall,2015-04-13 06:59:23,https://api.github.com/repos/mafintosh/playback/git/commits/a2569b2b88528e80a285a1234376b1ee14af0c3f,a2569b2b88528e80a285a1234376b1ee14af0c3f,Use add-to-playlist event when pasting links
freeall,2015-04-13 06:52:30,https://api.github.com/repos/mafintosh/playback/git/commits/7723cc11b23692a11321d1085baf2d83ce4504fe,7723cc11b23692a11321d1085baf2d83ce4504fe,Added paste support. Fixes #17
maxogden,2015-04-13 06:26:08,https://api.github.com/repos/mafintosh/playback/git/commits/ff152bb59418d69dfdec778d0f2f9dd5d5141482,ff152bb59418d69dfdec778d0f2f9dd5d5141482,Update CONTRIBUTING.md
freeall,2015-04-13 06:23:23,https://api.github.com/repos/mafintosh/playback/git/commits/c358fd08ca02f167a5211ef3b323bee2c64ca2e4,c358fd08ca02f167a5211ef3b323bee2c64ca2e4,Better loading of subtitles
mafintosh,2015-04-13 06:22:31,https://api.github.com/repos/mafintosh/playback/git/commits/4b42733b4b682c1846bf99dcc88842e2c2761e8b,4b42733b4b682c1846bf99dcc88842e2c2761e8b,add contributing.md
mafintosh,2015-04-12 22:51:47,https://api.github.com/repos/mafintosh/playback/git/commits/d3012ab56dfaf419569e99042281d498eddc337e,d3012ab56dfaf419569e99042281d498eddc337e,fix aggressive focusing
mafintosh,2015-04-12 22:21:24,https://api.github.com/repos/mafintosh/playback/git/commits/c2360f7fc344c43bb8cce668445d3eb849ac4f2d,c2360f7fc344c43bb8cce668445d3eb849ac4f2d,1.1.0
freeall,2015-04-12 21:25:29,https://api.github.com/repos/mafintosh/playback/git/commits/8524de576dd5136db1c5ddaabd510eca4f271374,8524de576dd5136db1c5ddaabd510eca4f271374,Look for subtitles next to local file
freeall,2015-04-12 20:50:47,https://api.github.com/repos/mafintosh/playback/git/commits/83b1f01c88d8ae05205423c3148af5d0089931a2,83b1f01c88d8ae05205423c3148af5d0089931a2,Updated dombo
maxogden,2015-04-12 19:54:46,https://api.github.com/repos/mafintosh/playback/git/commits/6f97b52f5205857c812c38aaf87318729a96e61b,6f97b52f5205857c812c38aaf87318729a96e61b,make youtube seeking work
mafintosh,2015-04-12 19:30:39,https://api.github.com/repos/mafintosh/playback/git/commits/bad996be16790be7ca2a54fde0ab677306f3c4a4,bad996be16790be7ca2a54fde0ab677306f3c4a4,print playlist add errors
mafintosh,2015-04-12 19:24:21,https://api.github.com/repos/mafintosh/playback/git/commits/0d3ac416477130dd7d205270d5f0b7f79204150e,0d3ac416477130dd7d205270d5f0b7f79204150e,"Merge pull request #13 from maxogden/youtube

basic youtube support"
maxogden,2015-04-12 19:21:38,https://api.github.com/repos/mafintosh/playback/git/commits/1c9f42247a410ee2ede55a70e18823775f7e5ded,1c9f42247a410ee2ede55a70e18823775f7e5ded,basic youtube support
mafintosh,2015-04-12 11:57:27,https://api.github.com/repos/mafintosh/playback/git/commits/ca1f88196d00afa997046b820bad3aa6da85e28a,ca1f88196d00afa997046b820bad3aa6da85e28a,remove trainling comma
mafintosh,2015-04-12 11:27:34,https://api.github.com/repos/mafintosh/playback/git/commits/b9bdf5c7e7b875c83bf7745b1e5d4df313cc2528,b9bdf5c7e7b875c83bf7745b1e5d4df313cc2528,Update README.md
mafintosh,2015-04-12 11:22:24,https://api.github.com/repos/mafintosh/playback/git/commits/968b985536cdf7231aaeb14fdd4ddb5e3e3c71c2,968b985536cdf7231aaeb14fdd4ddb5e3e3c71c2,chromecast subtitles support. fixes #10
mafintosh,2015-04-12 09:05:53,https://api.github.com/repos/mafintosh/playback/git/commits/9bbe82cbc9604846da1c5bec2a93b7dfb60c22c4,9bbe82cbc9604846da1c5bec2a93b7dfb60c22c4,fix desc
mafintosh,2015-04-12 09:03:05,https://api.github.com/repos/mafintosh/playback/git/commits/2d42dcfb8b1cec7250d5b6a1319335dee75678c3,2d42dcfb8b1cec7250d5b6a1319335dee75678c3,finished PR parapraph
mafintosh,2015-04-12 09:01:47,https://api.github.com/repos/mafintosh/playback/git/commits/c2f5650761039dd3d1fbfb3a80b4af6a3ff07bfb,c2f5650761039dd3d1fbfb3a80b4af6a3ff07bfb,better docs
mafintosh,2015-04-12 08:42:50,https://api.github.com/repos/mafintosh/playback/git/commits/44ae52b17c669d8ec79944da198f9fa1f9d7c99e,44ae52b17c669d8ec79944da198f9fa1f9d7c99e,1.0.0
mafintosh,2015-04-12 08:42:21,https://api.github.com/repos/mafintosh/playback/git/commits/03b1c0c0b9897dbf967512507e2f218428b4321d,03b1c0c0b9897dbf967512507e2f218428b4321d,add atom-shell as dev dep
mafintosh,2015-04-12 08:27:13,https://api.github.com/repos/mafintosh/playback/git/commits/9e4189dca70a9fcfb3a3ef549641eeab0ea578d7,9e4189dca70a9fcfb3a3ef549641eeab0ea578d7,add missing protocol handler
mafintosh,2015-04-12 08:21:53,https://api.github.com/repos/mafintosh/playback/git/commits/6caa62ee97b59cd4ffb0de2fb4fb7f87e0c577fd,6caa62ee97b59cd4ffb0de2fb4fb7f87e0c577fd,chromecast support
freeall,2015-04-08 17:53:20,https://api.github.com/repos/mafintosh/playback/git/commits/9d16d37f353f5ed16ae6470d899dc4d24c79635d,9d16d37f353f5ed16ae6470d899dc4d24c79635d,Changed to dombo
freeall,2015-04-08 17:49:56,https://api.github.com/repos/mafintosh/playback/git/commits/3786964f54c3a4e725ec1f4ff4d9d869be10de55,3786964f54c3a4e725ec1f4ff4d9d869be10de55,Simpler item select
freeall,2015-04-08 16:42:39,https://api.github.com/repos/mafintosh/playback/git/commits/8f7a78082ab1c31e033510b6af084168c5e86423,8f7a78082ab1c31e033510b6af084168c5e86423,Changed to use dombo
mafintosh,2015-04-08 07:57:07,https://api.github.com/repos/mafintosh/playback/git/commits/1d8af78566eee1e563555859d850856a7f46b804,1d8af78566eee1e563555859d850856a7f46b804,fix drag
mafintosh,2015-04-08 05:26:31,https://api.github.com/repos/mafintosh/playback/git/commits/87b214e2b1e32877202f8c26af25d86ae0dd81c1,87b214e2b1e32877202f8c26af25d86ae0dd81c1,make window draggable by draging video again
mafintosh,2015-04-08 02:03:52,https://api.github.com/repos/mafintosh/playback/git/commits/5cb5a11d010ad291a3c88fbbdafb6d6e7f572331,5cb5a11d010ad291a3c88fbbdafb6d6e7f572331,fix files being null
mafintosh,2015-04-08 02:16:24,https://api.github.com/repos/mafintosh/playback/git/commits/9034a6eca42dc8c51fba04d1d6f4f9e963817954,9034a6eca42dc8c51fba04d1d6f4f9e963817954,"Merge pull request #6 from jlord/ui-interact

[WIP] Finesse UI Interactions"
mafintosh,2015-04-08 02:02:00,https://api.github.com/repos/mafintosh/playback/git/commits/0e3c57024073c8b1f568732878309a934a065e13,0e3c57024073c8b1f568732878309a934a065e13,"Merge pull request #9 from maxogden/cat

add cat splash"
maxogden,2015-04-08 01:59:09,https://api.github.com/repos/mafintosh/playback/git/commits/61431fb43d57d0986481859831d7798c1373d9e9,61431fb43d57d0986481859831d7798c1373d9e9,add cat splash
mafintosh,2015-04-08 01:53:26,https://api.github.com/repos/mafintosh/playback/git/commits/9b3f2f28e0c27554ac0b0241035180c0b0a97530,9b3f2f28e0c27554ac0b0241035180c0b0a97530,right-click to always on top
mafintosh,2015-04-08 01:16:20,https://api.github.com/repos/mafintosh/playback/git/commits/30618c4a11426228d6dab6fb1d95e6fdca1fe6ef,30618c4a11426228d6dab6fb1d95e6fdca1fe6ef,"Merge pull request #7 from jlord/exit

More Native Menubar"
mafintosh,2015-04-07 16:17:21,https://api.github.com/repos/mafintosh/playback/git/commits/4d283db5c97786240e4d56481903d63568642c10,4d283db5c97786240e4d56481903d63568642c10,space toggles play/pause
mafintosh,2015-04-07 03:31:48,https://api.github.com/repos/mafintosh/playback/git/commits/0b1f6f9f922a83db4027cf2ec35f8d1ac4a05864,0b1f6f9f922a83db4027cf2ec35f8d1ac4a05864,autofocus
mafintosh,2015-04-06 23:49:10,https://api.github.com/repos/mafintosh/playback/git/commits/10ad759dd916df40e704eeb71397c919d2c05b1b,10ad759dd916df40e704eeb71397c919d2c05b1b,added a plist
mafintosh,2015-04-06 23:32:00,https://api.github.com/repos/mafintosh/playback/git/commits/7bc4c7918858a06dc25c24a25d8be49fd96872db,7bc4c7918858a06dc25c24a25d8be49fd96872db,support open-file
mafintosh,2015-04-06 19:55:25,https://api.github.com/repos/mafintosh/playback/git/commits/c70549628af97f9435b9f49bb3aed892d516b257,c70549628af97f9435b9f49bb3aed892d516b257,add icon to app. /cc #4
mafintosh,2015-04-06 19:50:00,https://api.github.com/repos/mafintosh/playback/git/commits/07d7e103a9b6e203bb7be32aa3503cd9c14cf747,07d7e103a9b6e203bb7be32aa3503cd9c14cf747,"Merge pull request #5 from bmathews/4-app-icon

Adds app icon set"
bmathews,2015-04-06 19:46:35,https://api.github.com/repos/mafintosh/playback/git/commits/b8cd6ca401a59075c9d5b6b248075ccc9787e49b,b8cd6ca401a59075c9d5b6b248075ccc9787e49b,Adds app icon set
freeall,2015-04-06 18:55:55,https://api.github.com/repos/mafintosh/playback/git/commits/c132c5bcd2f3f234135ff666cf82338759f70aa3,c132c5bcd2f3f234135ff666cf82338759f70aa3,Fixed displaying downloading speed on local file
freeall,2015-04-06 18:40:33,https://api.github.com/repos/mafintosh/playback/git/commits/722843622238465f9276d4481722f6cf764f2af5,722843622238465f9276d4481722f6cf764f2af5,Use radio tower as suggested by @jlord
freeall,2015-04-06 18:36:57,https://api.github.com/repos/mafintosh/playback/git/commits/c465b5b2b3943a3bf0f3151232cb5b02659b3958,c465b5b2b3943a3bf0f3151232cb5b02659b3958,Added spinning effect to download icon
freeall,2015-04-06 18:36:28,https://api.github.com/repos/mafintosh/playback/git/commits/1c904bcce01bc192dc57b2e148ee1c0bb9d0c370,1c904bcce01bc192dc57b2e148ee1c0bb9d0c370,Fixed showing download icon
mafintosh,2015-04-06 18:24:29,https://api.github.com/repos/mafintosh/playback/git/commits/9f309789f388f427e2292c0aab3dfbce6b247788,9f309789f388f427e2292c0aab3dfbce6b247788,cmd+enter to fullscreen
mafintosh,2015-04-06 18:21:37,https://api.github.com/repos/mafintosh/playback/git/commits/80426b68a2f39814442c5856cc6c0784f38f7429,80426b68a2f39814442c5856cc6c0784f38f7429,break long line
mafintosh,2015-04-06 18:20:04,https://api.github.com/repos/mafintosh/playback/git/commits/7754d757b1bf1cad9e7ead8d8462fd47143e5f07,7754d757b1bf1cad9e7ead8d8462fd47143e5f07,hide menubar in fullscreen
mafintosh,2015-04-06 17:18:21,https://api.github.com/repos/mafintosh/playback/git/commits/b8a79c71fabf4c1d9873b0f1d87df8979115c2ad,b8a79c71fabf4c1d9873b0f1d87df8979115c2ad,shift double click ratio resizes
mafintosh,2015-04-06 17:16:29,https://api.github.com/repos/mafintosh/playback/git/commits/1493974cbc357b3466b1a978e081330893cc888c,1493974cbc357b3466b1a978e081330893cc888c,disabled ratio resize since it quirks a bit atm
freeall,2015-04-06 18:07:14,https://api.github.com/repos/mafintosh/playback/git/commits/493a29400e5a3212d2ce2e13df47f863be110d01,493a29400e5a3212d2ce2e13df47f863be110d01,Show download as an icon in the playlist
freeall,2015-04-06 17:58:53,https://api.github.com/repos/mafintosh/playback/git/commits/2a88efb6eed37e4ff9fb4b208bd221b02d91c285,2a88efb6eed37e4ff9fb4b208bd221b02d91c285,Use alias
freeall,2015-04-06 17:29:59,https://api.github.com/repos/mafintosh/playback/git/commits/142135df6ef77620d57f810bff2a550db2d3e760,142135df6ef77620d57f810bff2a550db2d3e760,Unfullscreen and hide playlist when pressing escape
freeall,2015-04-06 17:04:35,https://api.github.com/repos/mafintosh/playback/git/commits/e9d0986467f870cb7e160eae81b20661d37cbad1,e9d0986467f870cb7e160eae81b20661d37cbad1,Added download speeds to playlist
mafintosh,2015-04-06 16:51:21,https://api.github.com/repos/mafintosh/playback/git/commits/6aa6c99f8cde76874b00814bcbc317a72d26be8c,6aa6c99f8cde76874b00814bcbc317a72d26be8c,drag and drop and file dialogs
mafintosh,2015-04-06 16:51:06,https://api.github.com/repos/mafintosh/playback/git/commits/f4ea57fa7677bf81aebc962ec645de9e713c3fe8,f4ea57fa7677bf81aebc962ec645de9e713c3fe8,double click video to fullscreen
mafintosh,2015-04-06 16:29:31,https://api.github.com/repos/mafintosh/playback/git/commits/3d9ebb749457f9334d061d063ea088527a0d1823,3d9ebb749457f9334d061d063ea088527a0d1823,click on screen hides popup
mafintosh,2015-04-06 16:19:06,https://api.github.com/repos/mafintosh/playback/git/commits/98b9ed517dc74a2aa2136baaf5028e9a4646f115,98b9ed517dc74a2aa2136baaf5028e9a4646f115,add window-chrome
freeall,2015-04-06 16:04:34,https://api.github.com/repos/mafintosh/playback/git/commits/55936369b337eaa94432b41d5b0b1f1c1fa46150,55936369b337eaa94432b41d5b0b1f1c1fa46150,Added download speed
mafintosh,2015-04-05 16:05:07,https://api.github.com/repos/mafintosh/playback/git/commits/35b0a83bd10746d853edb1374a266404b62c5ae5,35b0a83bd10746d853edb1374a266404b62c5ae5,bump atom-shell-packager
mafintosh,2015-04-05 04:30:32,https://api.github.com/repos/mafintosh/playback/git/commits/90ae65824c80fb5c9972633d116770d161ee31ff,90ae65824c80fb5c9972633d116770d161ee31ff,add packager
mafintosh,2015-04-05 04:29:21,https://api.github.com/repos/mafintosh/playback/git/commits/b947528fb4bf0565a7339db9d578586d7e1139f1,b947528fb4bf0565a7339db9d578586d7e1139f1,ignore test file and app
mafintosh,2015-04-05 03:54:44,https://api.github.com/repos/mafintosh/playback/git/commits/edd6d83581bcfbab8c3bc9ee86520e02795d73aa,edd6d83581bcfbab8c3bc9ee86520e02795d73aa,handle protocol events. /cc @freeall and #3
mafintosh,2015-04-04 21:21:18,https://api.github.com/repos/mafintosh/playback/git/commits/fef1fa76f76cae1e8931e96bbe61af6674ef8b4a,fef1fa76f76cae1e8931e96bbe61af6674ef8b4a,add playlist ui
mafintosh,2015-04-04 17:10:39,https://api.github.com/repos/mafintosh/playback/git/commits/73f9a399064695397d6d29a7540a31c82e8d1233,73f9a399064695397d6d29a7540a31c82e8d1233,pause/resume works
mafintosh,2015-04-04 15:52:34,https://api.github.com/repos/mafintosh/playback/git/commits/fb894a9a3e2f1e129490dc6ab7fb95ef37dac9ac,fb894a9a3e2f1e129490dc6ab7fb95ef37dac9ac,3s timeout on cursor hide
mafintosh,2015-04-04 15:52:23,https://api.github.com/repos/mafintosh/playback/git/commits/bc21fe1b0210d414c3a7fc0233d7d774fc7be787,bc21fe1b0210d414c3a7fc0233d7d774fc7be787,move win var up
mafintosh,2015-04-04 15:35:20,https://api.github.com/repos/mafintosh/playback/git/commits/9436b937b5fcf1a05bffc00fc93825303cf26308,9436b937b5fcf1a05bffc00fc93825303cf26308,fullscreen button
mafintosh,2015-04-04 15:11:25,https://api.github.com/repos/mafintosh/playback/git/commits/c455534cfb3742b23d4df461d607ada9ef452788,c455534cfb3742b23d4df461d607ada9ef452788,hide mouse when idle
mafintosh,2015-04-04 06:57:46,https://api.github.com/repos/mafintosh/playback/git/commits/7b9e3e780b60da29770f431a1abceebcb00e2142,7b9e3e780b60da29770f431a1abceebcb00e2142,remove old main
mafintosh,2015-04-04 06:56:44,https://api.github.com/repos/mafintosh/playback/git/commits/1d8f38135f352a89593659d553603117b3581934,1d8f38135f352a89593659d553603117b3581934,timeline animates and use hyphens as default time
mafintosh,2015-04-04 06:46:11,https://api.github.com/repos/mafintosh/playback/git/commits/8e4893b2a6a1108659f007bc22f90b371070ff28,8e4893b2a6a1108659f007bc22f90b371070ff28,add new controls
mafintosh,2015-04-04 06:45:58,https://api.github.com/repos/mafintosh/playback/git/commits/165ae3179a28ec79bb617628d13a6ca70ce5a0a0,165ae3179a28ec79bb617628d13a6ca70ce5a0a0,change default size
mafintosh,2015-04-04 06:45:38,https://api.github.com/repos/mafintosh/playback/git/commits/74b6b3f1b84b5d7853d6fab9acfe111d26c8966f,74b6b3f1b84b5d7853d6fab9acfe111d26c8966f,add fonts
freeall,2015-04-04 06:24:53,https://api.github.com/repos/mafintosh/playback/git/commits/57b8804d8f551a4fd84c54c1fdaba5243d7a9eac,57b8804d8f551a4fd84c54c1fdaba5243d7a9eac,Added main prop
mafintosh,2015-04-03 11:44:18,https://api.github.com/repos/mafintosh/playback/git/commits/606346b7a8a27f1528053987273782c0f6f18099,606346b7a8a27f1528053987273782c0f6f18099,"Merge pull request #1 from freeall/patch-1

Add ""cd"" command"
freeall,2015-04-03 06:19:06,https://api.github.com/repos/mafintosh/playback/git/commits/f28945f4c8d4804fad7c870e0d5225ac7ad6bb2b,f28945f4c8d4804fad7c870e0d5225ac7ad6bb2b,"Add ""cd"" command"
mafintosh,2015-04-03 04:44:06,https://api.github.com/repos/mafintosh/playback/git/commits/51723d9295e515cde938f268cd891bdec39bbb3c,51723d9295e515cde938f268cd891bdec39bbb3c,better follow mode
mafintosh,2015-04-03 01:51:03,https://api.github.com/repos/mafintosh/playback/git/commits/1ee44445aafd121c0f915259b78d6a67e8622982,1ee44445aafd121c0f915259b78d6a67e8622982,fix follow
mafintosh,2015-04-03 01:27:20,https://api.github.com/repos/mafintosh/playback/git/commits/439e56bbbb7a3248b2e17d799a4e35b4938b2e6d,439e56bbbb7a3248b2e17d799a4e35b4938b2e6d,fix missing deps
mafintosh,2015-04-03 01:24:27,https://api.github.com/repos/mafintosh/playback/git/commits/3b7f5b4be851cbe9280032b86a2a88a2c32e2d10,3b7f5b4be851cbe9280032b86a2a88a2c32e2d10,build docs
mafintosh,2015-04-03 01:21:45,https://api.github.com/repos/mafintosh/playback/git/commits/d1dfb46f5279665d82b0e3afafff834f5d6d148e,d1dfb46f5279665d82b0e3afafff834f5d6d148e,first commit
