houston,Apple Push Notifications; No Dirigible Required
username,timestamp,url,sha,message
JoWilfrid,2019-05-18 16:05:36,https://api.github.com/repos/nomad/houston/git/commits/4b122bb4035f9e9067a7802acdf5fe8ac22975da,4b122bb4035f9e9067a7802acdf5fe8ac22975da,"Adds -r option to binary to pass the raw certificate (#159)

* Adds -r option to binary to pass the raw certificate

* Changes raw certificate parameter name & description"
mattt,2018-11-21 18:25:21,https://api.github.com/repos/nomad/houston/git/commits/03eae1ec580d99b9369fae75155e8e0a56053b3f,03eae1ec580d99b9369fae75155e8e0a56053b3f,Bump version to 2.4.0
RebMeir,2018-11-13 09:27:44,https://api.github.com/repos/nomad/houston/git/commits/4c073e3b2d0875c8e18ca71dc10af1ee036962bd,4c073e3b2d0875c8e18ca71dc10af1ee036962bd,"Add thread-id to aps (#163)

* Add thread-id to aps
* Add specs"
dankimio,2018-09-08 08:28:54,https://api.github.com/repos/nomad/houston/git/commits/de87643239ce4dc096e690c14e943bc8ea8ac23a,de87643239ce4dc096e690c14e943bc8ea8ac23a,Version 2.3.0
Blaze34,2018-09-07 16:08:24,https://api.github.com/repos/nomad/houston/git/commits/1090287c30ce4455866374cbb649c1e9776a48ba,1090287c30ce4455866374cbb649c1e9776a48ba,Add support url-args for safari push notifications (#161)
dankimio,2018-08-08 09:56:27,https://api.github.com/repos/nomad/houston/git/commits/88279d2c3a4dbc19b6d5cd469c576e14b11f8a30,88279d2c3a4dbc19b6d5cd469c576e14b11f8a30,"Merge pull request #160 from amatsuda/warnings

Ruby Warnings"
amatsuda,2018-08-08 06:14:59,https://api.github.com/repos/nomad/houston/git/commits/398316317d648bbca1e9b3c78ab9861988fb8259,398316317d648bbca1e9b3c78ab9861988fb8259,":warning: instance variable @sent_at, @apns_error_code not initialized"
amatsuda,2018-08-08 06:11:33,https://api.github.com/repos/nomad/houston/git/commits/3dc131df5b488c5e57b1f6a68c2a2956cca31a9b,3dc131df5b488c5e57b1f6a68c2a2956cca31a9b,":warning: assigned but unused variable - write_socket, command"
mpvosseller,2018-01-24 22:26:31,https://api.github.com/repos/nomad/houston/git/commits/592bbeb32ba234d41946a945e23c8c5af19c9666,592bbeb32ba234d41946a945e23c8c5af19c9666,Set default passphrase to nil instead of the empty string. (#158)
DemidenkoAndrey,2017-09-18 19:58:19,https://api.github.com/repos/nomad/houston/git/commits/a2caed45a16c062eb2c303378e89bd155886ee24,a2caed45a16c062eb2c303378e89bd155886ee24,"README: use unregistered_devices instead of devices (#156)

* refactor(README): use unregistered_devices instead of devices

* refactor(README): change token string key not a symbol"
witkwski,2017-02-28 22:37:07,https://api.github.com/repos/nomad/houston/git/commits/ac1d2966fed99c68cf49fb5b39955d1c552ecde6,ac1d2966fed99c68cf49fb5b39955d1c552ecde6,Connection: use conversion protocol to ensure input types on init (#142)
dankimio,2017-02-28 22:26:39,https://api.github.com/repos/nomad/houston/git/commits/a6914fb73ab6284a24be6346942f905c190cb408,a6914fb73ab6284a24be6346942f905c190cb408,"README: Swift example (#144)

* Update README.md

Added Swift Code to the README

* Update Swift example in README.md (#143)"
dankimio,2017-01-11 09:32:25,https://api.github.com/repos/nomad/houston/git/commits/4fcafa406cf4a285c670de0b68da2fb51f302d51,4fcafa406cf4a285c670de0b68da2fb51f302d51,"Rakefile: add Bundler tasks, add default task"
KrauseFx,2016-12-29 15:33:11,https://api.github.com/repos/nomad/houston/git/commits/a5511f159c54b8fc0a30e0029ee8edd5cd04ccfb,a5511f159c54b8fc0a30e0029ee8edd5cd04ccfb,"Merge pull request #138 from nomad/KrauseFx-patch-1

Add link to fastlane PEM"
KrauseFx,2016-12-28 19:19:29,https://api.github.com/repos/nomad/houston/git/commits/7b07de0b5aca5b30b1f4442fc42551cbfac6acd4,7b07de0b5aca5b30b1f4442fc42551cbfac6acd4,Add link to fastlane PEM
dankimio,2016-12-24 16:22:20,https://api.github.com/repos/nomad/houston/git/commits/1260ce4980901e7b63e81245d1bfce81f219de0f,1260ce4980901e7b63e81245d1bfce81f219de0f,"Mutable content: update README, add spec (#137)

* Adds support for mutable_content property for iOS 10+ (#130)

* Adds support for mutable_content property for iOS10+ notifications

* Updated README with example usage.

* Update README, fix code style"
dankimio,2016-12-23 02:01:28,https://api.github.com/repos/nomad/houston/git/commits/d449f57e258a6595d22f26593ceec970089b4437,d449f57e258a6595d22f26593ceec970089b4437,README: fix configuration table
dankimio,2016-12-23 01:28:26,https://api.github.com/repos/nomad/houston/git/commits/36564ef56fe742fc5d129fafd95dd172389b8e5a,36564ef56fe742fc5d129fafd95dd172389b8e5a,Version 2.2.4
dankimio,2016-12-23 01:28:17,https://api.github.com/repos/nomad/houston/git/commits/8c802d38f9cab296d8bfabb8561dd3075e7f2312,8c802d38f9cab296d8bfabb8561dd3075e7f2312,Update dependencies
dankimio,2016-12-23 01:13:33,https://api.github.com/repos/nomad/houston/git/commits/2570b7da084e368885c0c7997d89506db7ddd85c,2570b7da084e368885c0c7997d89506db7ddd85c,Update .gitignore
dankimio,2016-12-23 01:11:33,https://api.github.com/repos/nomad/houston/git/commits/1221d52170deff7f0bf9e8c62ec67e9dbb107250,1221d52170deff7f0bf9e8c62ec67e9dbb107250,Update code style (#134)
dankimio,2016-12-23 01:10:46,https://api.github.com/repos/nomad/houston/git/commits/2cca9125d0391b9e2d77db4c76062c3001dcbcbb,2cca9125d0391b9e2d77db4c76062c3001dcbcbb,"README: feedback service example (#135)

* Add example usage of the feedback service in README (#132)

* Add example usage of the feedback service

I also ran into the problem documented here: https://github.com/nomad/houston/issues/52
It seems like the README just isn't right no this. I have to use `APN.devices`
in my app to call the feedback service, not `Houston::Client.development.devices`.

* Clean up docs for feedback service

* Fix typo

* README: update and clean up feedback service example"
dankimio,2016-12-23 00:41:08,https://api.github.com/repos/nomad/houston/git/commits/f1c0282535bc5ab06bf126cf75332c1f5522f416,f1c0282535bc5ab06bf126cf75332c1f5522f416,Update README.md
jamiepinkham,2016-12-23 00:17:48,https://api.github.com/repos/nomad/houston/git/commits/663e391d8bd2aa7abe7ca8fb1bfb1074e2f88a5f,663e391d8bd2aa7abe7ca8fb1bfb1074e2f88a5f,Add option for mutable content flag (#118)
jdao,2016-12-23 00:15:06,https://api.github.com/repos/nomad/houston/git/commits/9449128817088a1934280e7efbcc61334173bc3c,9449128817088a1934280e7efbcc61334173bc3c,"Fix typo in README.md (#117)

Fix misspelling: covert -> convert"
HowardStark,2016-12-23 00:14:50,https://api.github.com/repos/nomad/houston/git/commits/3c9c4e6f8a93bf0e65eceb9c82419593e04f2de2,3c9c4e6f8a93bf0e65eceb9c82419593e04f2de2,Fixed broken / moved links in README (#123)
kattrali,2016-02-03 02:14:52,https://api.github.com/repos/nomad/houston/git/commits/638fee7602f6f957c2aaacaf8289235ac45ba066,638fee7602f6f957c2aaacaf8289235ac45ba066,"Merge pull request #107 from michaelwschultz/patch-1

Add trailing space to command line message"
kattrali,2016-02-03 02:14:27,https://api.github.com/repos/nomad/houston/git/commits/83f31a08b1e51d846d95374179f0e0ce8f9adad8,83f31a08b1e51d846d95374179f0e0ce8f9adad8,"Merge pull request #102 from kreeger/feature/allow-filename-or-env-data-for-cert

Read stored certificate file, or use the data in the ENV var as fallback"
michaelwschultz,2015-11-16 20:57:01,https://api.github.com/repos/nomad/houston/git/commits/7744d56c0f4fbc5ad3dbaf6858796df8101517b3,7744d56c0f4fbc5ad3dbaf6858796df8101517b3,"Add trailing space to command line message

Adding a space escapes the punctuation character, allowing messages to be sent correctly when using bash resulting in a fix for the `!"" event not found` error."
kreeger,2015-08-06 20:34:55,https://api.github.com/repos/nomad/houston/git/commits/9c479a07be313dcc31d4a791d2e720ab5f113665,9c479a07be313dcc31d4a791d2e720ab5f113665,"Split APN_CERTIFICATE_DATA off of APN_CERTIFICATE for clarity.

Readme additions, too."
kreeger,2015-08-06 16:39:59,https://api.github.com/repos/nomad/houston/git/commits/cfd31ffc7638fe289e006a5d8d4e31def34308e7,cfd31ffc7638fe289e006a5d8d4e31def34308e7,"Read stored certificate file, or use the data in the ENV var as fallback"
mattt,2015-03-06 19:02:57,https://api.github.com/repos/nomad/houston/git/commits/36a0cc83c5e7ed8e6cf01e64e29f6853a45cc090,36a0cc83c5e7ed8e6cf01e64e29f6853a45cc090,Updating contact information
mattt,2015-03-06 18:56:34,https://api.github.com/repos/nomad/houston/git/commits/41504423d50f3b08b6fe28dedaf78fff878976d6,41504423d50f3b08b6fe28dedaf78fff878976d6,Updating copyright
mattt,2015-01-29 16:14:51,https://api.github.com/repos/nomad/houston/git/commits/f10e19d418b47c17284241f5d0226bd7d09834ce,f10e19d418b47c17284241f5d0226bd7d09834ce,Bumping version to 2.2.3
mattt,2015-01-29 15:38:54,https://api.github.com/repos/nomad/houston/git/commits/0977df9bfb39f76bd6487bc7fd3192e5872ae86c,0977df9bfb39f76bd6487bc7fd3192e5872ae86c,"Merge pull request #89 from martinnormark/master

Add feedback command to apn script"
martinnormark,2015-01-23 09:02:49,https://api.github.com/repos/nomad/houston/git/commits/a1d2cd1e4f0d956e78bfc7e6cd7498c1ce0458d5,a1d2cd1e4f0d956e78bfc7e6cd7498c1ce0458d5,"Add feedback command to pan script

Adds support to query the APNS feedback service by specifying
certificate and environment (defaults to dev)."
mattt,2015-01-18 23:36:38,https://api.github.com/repos/nomad/houston/git/commits/ba20868fdcb7e75cb65893b52f1af05cc20e64b1,ba20868fdcb7e75cb65893b52f1af05cc20e64b1,Bumping version to 2.2.2
mattt,2015-01-18 17:24:09,https://api.github.com/repos/nomad/houston/git/commits/8531da144c8db1d5cfd65aff5220236ab196adec,8531da144c8db1d5cfd65aff5220236ab196adec,Merge branch 'master' of github.com:nomad/houston
mattt,2015-01-18 17:24:03,https://api.github.com/repos/nomad/houston/git/commits/70e245f206c209052e91cf6162ed89bc3fe5a3b0,70e245f206c209052e91cf6162ed89bc3fe5a3b0,[Issue #88] Fixing initialization of certificate from APN_CERTIFICATE_PASSPHRASE
mattt,2014-12-20 06:11:15,https://api.github.com/repos/nomad/houston/git/commits/1275dec809124f66b3a3aaa002b05c73ff7680ff,1275dec809124f66b3a3aaa002b05c73ff7680ff,"Merge pull request #87 from carnivalmobile/fix-notification-category-tests

Add iOS8 category identifier tests"
sideshow,2014-12-20 05:33:27,https://api.github.com/repos/nomad/houston/git/commits/bafe728259bc95a6159ca60c186441eb45d8e0f8,bafe728259bc95a6159ca60c186441eb45d8e0f8,Adds some tests for the iOS8 category identifier for custom actions previously merged in https://github.com/nomad/houston/pull/65/files
mattt,2014-11-17 16:00:17,https://api.github.com/repos/nomad/houston/git/commits/f8e5219b7d333c05fddd69d21182c3cc70e3afad,f8e5219b7d333c05fddd69d21182c3cc70e3afad,Adding link to Nashville
mattt,2014-08-13 20:42:23,https://api.github.com/repos/nomad/houston/git/commits/be4aecf44aa11b964e1344121556eadf61fe1f74,be4aecf44aa11b964e1344121556eadf61fe1f74,Fixing banner image
mattt,2014-08-13 20:00:27,https://api.github.com/repos/nomad/houston/git/commits/6e666b3ef0e719e340fb46fc50e6417b242cfeb0,6e666b3ef0e719e340fb46fc50e6417b242cfeb0,Bumping version to 2.2.1
mattt,2014-08-13 19:58:25,https://api.github.com/repos/nomad/houston/git/commits/e71b87dadc6c90eef92b463020e2e991d27f0700,e71b87dadc6c90eef92b463020e2e991d27f0700,Simplifying Houston::Client#push
mattt,2014-08-13 19:53:36,https://api.github.com/repos/nomad/houston/git/commits/e6bba76abb7b2aaf5dcf638095f439ad953cc244,e6bba76abb7b2aaf5dcf638095f439ad953cc244,"Initializing APNSError from code

Adding code attr_reader to APNSError"
mattt,2014-08-13 19:49:11,https://api.github.com/repos/nomad/houston/git/commits/92ad25a44b3f911eda0f9818ee851cb9dce1e67d,92ad25a44b3f911eda0f9818ee851cb9dce1e67d,"Merge pull request #71 from sidereel/master

Fixing nonzero nil error when an apns status has not been set"
mattt,2014-08-09 20:56:46,https://api.github.com/repos/nomad/houston/git/commits/f38953ba72cf44c14c0ba1d62ed1da9fd9395d43,f38953ba72cf44c14c0ba1d62ed1da9fd9395d43,Bumping version to 2.2.0
mattt,2014-08-09 20:56:25,https://api.github.com/repos/nomad/houston/git/commits/c42b278c0ce2d532731b462f0bb01a3d6ab89b12,c42b278c0ce2d532731b462f0bb01a3d6ab89b12,Updating to rspec 3.0
mattt,2014-08-09 17:51:02,https://api.github.com/repos/nomad/houston/git/commits/592c74aa6e69c7dc45f33f2a67438701e99304f0,592c74aa6e69c7dc45f33f2a67438701e99304f0,"Merge branch 'master' of github.com:nomad/houston

Conflicts:
	lib/houston/notification.rb"
mattt,2014-08-09 17:50:33,https://api.github.com/repos/nomad/houston/git/commits/8ec9115e732bb8c499df6ed6c007fd05eed4f2db,8ec9115e732bb8c499df6ed6c007fd05eed4f2db,"Removing logger from project

Creating APNSError class

Refactoring Notification error functionality"
mattt,2014-08-09 17:31:41,https://api.github.com/repos/nomad/houston/git/commits/3073f2931ee22f0d56b254efe25943da504f40d8,3073f2931ee22f0d56b254efe25943da504f40d8,Merge branch 'log-server-errors' of github.com:elpulgardelpanda/houston into elpulgardelpanda-log-server-errors
mattt,2014-08-09 17:21:30,https://api.github.com/repos/nomad/houston/git/commits/0b545f6daf36b64e4885bbacc3b4437aa5f1da96,0b545f6daf36b64e4885bbacc3b4437aa5f1da96,"Merge pull request #65 from mpvosseller/master

Increased max notification payload size to 2K and added support for category identifier"
mattt,2014-08-09 17:17:40,https://api.github.com/repos/nomad/houston/git/commits/8dcc422b923b48c6ce14ecbe70a7569aa1204f20,8dcc422b923b48c6ce14ecbe70a7569aa1204f20,"Merge pull request #66 from dziemian007/feature/notification_hash_access

Notification payload hash to hash with access by string keys"
chipairon,2014-07-14 16:02:17,https://api.github.com/repos/nomad/houston/git/commits/c831ae00c05ed6e19976c5a5d3d7d24c867300df,c831ae00c05ed6e19976c5a5d3d7d24c867300df,"Add the ability to set notification server error information per
notification push. It also logs the error if any. The logger is
customizable.
More information about APNS errors on table 5.1 Error Codes:
https://developer.apple.com/library/ios/documentation/NetworkingInternet/Conceptual/RemoteNotificationsPG/Chapters/CommunicatingWIthAPS.html"
dziemian007,2014-07-08 10:47:59,https://api.github.com/repos/nomad/houston/git/commits/0ab7962a13b1569124a029eeb00e271ffd680e99,0ab7962a13b1569124a029eeb00e271ffd680e99,Notification payload hash to hash with access by string keys
mpvosseller,2014-07-07 05:45:19,https://api.github.com/repos/nomad/houston/git/commits/3a690b8b30e5fe4e2b2ff43e57f51404453a50cc,3a690b8b30e5fe4e2b2ff43e57f51404453a50cc,updated README.md for category
mpvosseller,2014-07-07 05:32:49,https://api.github.com/repos/nomad/houston/git/commits/a6fb3a968c9c3e037246e0eb525fe784ed294b22,a6fb3a968c9c3e037246e0eb525fe784ed294b22,increased payload size to 2K and added support for category
mattt,2014-06-25 08:29:08,https://api.github.com/repos/nomad/houston/git/commits/a3993861b0efe8ab78d2310ca4566563a899d003,a3993861b0efe8ab78d2310ca4566563a899d003,"Merge pull request #59 from carnivalmobile/fix_spec_typo

Fix spec typo for priority item #5"
mattt,2014-06-25 08:28:11,https://api.github.com/repos/nomad/houston/git/commits/ceaae5df2f3202279a3ec30cc3398fdbf0b892ec,ceaae5df2f3202279a3ec30cc3398fdbf0b892ec,Merge branch 'master' of github.com:nomad/houston
mattt,2014-06-25 08:28:00,https://api.github.com/repos/nomad/houston/git/commits/38c04a2f497ccf7f18f2b67be3b601107095c600,38c04a2f497ccf7f18f2b67be3b601107095c600,Documenting silent push notification workaround
mattt,2014-06-25 08:23:03,https://api.github.com/repos/nomad/houston/git/commits/9b81f2ef7ef934bd7f9fdb83538ff6b0d636770c,9b81f2ef7ef934bd7f9fdb83538ff6b0d636770c,"Merge pull request #62 from nomad/revert-32-pull_requests/silent_push

Revert ""The sound key must be present and nil to send silent/hidden push..."
mattt,2014-06-25 08:22:48,https://api.github.com/repos/nomad/houston/git/commits/e6a268f257e231a5db9e8cb9e1b2ee663c01df85,e6a268f257e231a5db9e8cb9e1b2ee663c01df85,"Revert ""The sound key must be present and nil to send silent/hidden push notifications"""
mattt,2014-06-25 08:18:14,https://api.github.com/repos/nomad/houston/git/commits/a43f14f6acb3c773b0d323b0bf0504b82db11e21,a43f14f6acb3c773b0d323b0bf0504b82db11e21,"Merge pull request #56 from carnivalmobile/fix_token_binary_length

Fix token binary length"
sideshow,2014-06-19 08:40:29,https://api.github.com/repos/nomad/houston/git/commits/62bee711cef51ae830e549fbad88c1e36ed89c3c,62bee711cef51ae830e549fbad88c1e36ed89c3c,fix spec typo for priority item #5
mattt,2014-06-12 22:12:00,https://api.github.com/repos/nomad/houston/git/commits/4631c96ca1f5a4e54f8d41ede6fc49a2c8ec4eee,4631c96ca1f5a4e54f8d41ede6fc49a2c8ec4eee,Merge branch 'master' of github.com:nomad/houston
mattt,2014-06-12 22:11:10,https://api.github.com/repos/nomad/houston/git/commits/7437115878826591740e221a4aad52ef4e2bf607,7437115878826591740e221a4aad52ef4e2bf607,Bumping version to 2.1.0
mattt,2014-06-12 22:08:16,https://api.github.com/repos/nomad/houston/git/commits/99ef011581e78934e09660f87b9a2137bea01201,99ef011581e78934e09660f87b9a2137bea01201,"Merge pull request #32 from jerryhjones/pull_requests/silent_push

The sound key must be present and nil to send silent/hidden push notifications"
mattt,2014-06-12 22:00:35,https://api.github.com/repos/nomad/houston/git/commits/9d178d789cc3b42d65e02a1304902c188f8175d8,9d178d789cc3b42d65e02a1304902c188f8175d8,"Squashed commit of the following:

commit cd7f765575a1840bbda66625a6d4a4350ac2c4ee
Merge: 33d5aa4 596c55d
Author: Mattt Thompson <m@mattt.me>
Date:   Thu Jun 12 14:59:59 2014 -0700

    Merge branch 'master' of github.com:shinydevelopment/houston into shinydevelopment-master

    Conflicts:
    	spec/client_spec.rb

commit 596c55d55e09c4426421ade81254795774b4ed3f
Author: Greg Spiers <greg.spiers@shinydevelopment.com>
Date:   Thu Jan 2 16:58:12 2014 +0000

    Clean up the specs, set unregistered devices instance variable directly, no need to pass it in to init.

commit 53786b3da6a0b4ba20b01429b1c05980d3ffca97
Author: Greg Spiers <greg.spiers@shinydevelopment.com>
Date:   Thu Jan 2 16:45:40 2014 +0000

    Specs for unregistered_device methods in Client.

commit ae7e8e90769025ae40bcb638f85cd9ae06734655
Author: Greg Spiers <greg.spiers@shinydevelopment.com>
Date:   Thu Jan 2 15:01:39 2014 +0000

    Rename devices to unregistered_devices to be more descriptive (alias devices to new method to be backwards compatible). Add new method to get timestamp with device token from feedback service."
mattt,2014-06-12 21:19:36,https://api.github.com/repos/nomad/houston/git/commits/33d5aa4c5a9233c8f2356f31f49f3ee3f46d10a6,33d5aa4c5a9233c8f2356f31f49f3ee3f46d10a6,"Bumping rspec dependency to ~> 2.0

Adding client spec"
mattt,2014-06-12 20:46:07,https://api.github.com/repos/nomad/houston/git/commits/8d71a4ad9e49e0e4e47e44b1dbec2ac564373236,8d71a4ad9e49e0e4e47e44b1dbec2ac564373236,Merge branch 'master' of github.com:nomad/houston
mattt,2014-06-12 20:45:34,https://api.github.com/repos/nomad/houston/git/commits/32bbdf63dda6b99c5c4088338d44521f2e7264e3,32bbdf63dda6b99c5c4088338d44521f2e7264e3,"Merge pull request #51 from loganhasson/master

Convert specs to RSpec expect syntax with transpec"
wspruijt,2014-06-05 11:52:45,https://api.github.com/repos/nomad/houston/git/commits/c6767229777caa86460631209c66aa7f28673dee,c6767229777caa86460631209c66aa7f28673dee,"APPLE_DEVELOPMENT_GATEWAY_URI fix

APPLE_DEVELOPMENT_GATEWAY_URI is a constant of Houston."
mattt,2014-06-02 06:15:37,https://api.github.com/repos/nomad/houston/git/commits/7efceea5209c11380c98790fde6b69494c808125,7efceea5209c11380c98790fde6b69494c808125,Update README.md
loganhasson,2014-05-15 21:27:10,https://api.github.com/repos/nomad/houston/git/commits/713c12c14b02241faa91fafbeaf5edcc6271bae0,713c12c14b02241faa91fafbeaf5edcc6271bae0,"Convert specs to RSpec 2.14.8 syntax with Transpec

This conversion is done by Transpec 1.13.1 with the following command:
    transpec

* 24 conversions
    from: obj.should
      to: expect(obj).to

* 10 conversions
    from: its(:attr) { }
      to: describe '#attr' do subject { super().attr }; it { } end

* 9 conversions
    from: == expected
      to: eq(expected)

* 4 conversions
    from: collection.should have(n).items
      to: expect(collection.size).to eq(n)"
aj0strow,2014-05-12 18:48:44,https://api.github.com/repos/nomad/houston/git/commits/df59fa67c96b0401795f0a104f8679c1cd1977ab,df59fa67c96b0401795f0a104f8679c1cd1977ab,"Squashed commit of the following:

commit 3a4f5b397aa31d6346c235b4082eb945c9ad50b0
Author: Mattt Thompson <m@mattt.me>
Date:   Mon May 12 11:48:20 2014 -0700

    Minor refactoring

commit 1f155b3e21850a6e357319dc1eecd644c67949a7
Merge: bedc48f d244795
Author: Mattt Thompson <m@mattt.me>
Date:   Mon May 12 11:44:06 2014 -0700

    Merge branch 'sent-unsent' of github.com:aj0strow/houston into aj0strow-sent-unsent

commit d2447953bf01e47231f70cfd0f06d10389f50e26
Author: AJ Ostrow <alexander.ostrow@gmail.com>
Date:   Fri Apr 18 13:26:17 2014 -0400

    Fix and format sent and unsent messages

Signed-off-by: Mattt Thompson <m@mattt.me>"
mattt,2014-04-16 19:51:19,https://api.github.com/repos/nomad/houston/git/commits/bedc48f8a8bb747decb9f7fc410d61803c77bb42,bedc48f8a8bb747decb9f7fc410d61803c77bb42,Merge branch 'master' of github.com:nomad/houston
mattt,2014-04-16 19:51:11,https://api.github.com/repos/nomad/houston/git/commits/44db5ddb327960442267d6e3e39510750d8abb3c,44db5ddb327960442267d6e3e39510750d8abb3c,Bumping version to 2.0.2
mattt,2014-04-16 19:50:05,https://api.github.com/repos/nomad/houston/git/commits/deae0d026c47716b22e17c35f2995f92555c2236,deae0d026c47716b22e17c35f2995f92555c2236,"Merge pull request #45 from tylercal/master

allow expiration to be set as epoch or ruby time"
mattt,2014-04-16 19:49:33,https://api.github.com/repos/nomad/houston/git/commits/da001ec59189ed3eb2eefaea6acd655957c3f9c9,da001ec59189ed3eb2eefaea6acd655957c3f9c9,"Merge pull request #47 from tomdalling/patch-1

Fix count of unsent notifications in apn"
tomdalling,2014-04-10 11:42:24,https://api.github.com/repos/nomad/houston/git/commits/b0ec5dea7cd7ca1e3d5d8dd7d3906b6153782799,b0ec5dea7cd7ca1e3d5d8dd7d3906b6153782799,Fix count of unsent notifications in apn
tylercal,2014-04-08 22:12:42,https://api.github.com/repos/nomad/houston/git/commits/49d7d020bb72f5c539ec1c59b9949b9bb6a482c0,49d7d020bb72f5c539ec1c59b9949b9bb6a482c0,"allow expiration to be set as epoch or ruby time

Apple expects seconds since epoch (unix time), but it would be nice to be able to use either."
mattt,2014-04-04 16:01:49,https://api.github.com/repos/nomad/houston/git/commits/089ca4030f7411e03e0f8d48ffe280f30c36e01e,089ca4030f7411e03e0f8d48ffe280f30c36e01e,Bumping version to 2.0.1
mattt,2014-04-04 15:55:26,https://api.github.com/repos/nomad/houston/git/commits/c235ebd923b4b59a32001444798618d7d91be2c9,c235ebd923b4b59a32001444798618d7d91be2c9,[Issue #41] Adjusting alerting of push status
mattt,2014-04-04 15:01:48,https://api.github.com/repos/nomad/houston/git/commits/ad38a4983ee9725bf325dd6c40f1062d29bc378a,ad38a4983ee9725bf325dd6c40f1062d29bc378a,"Merge pull request #44 from rroblak/fix_error_status_10

Fix bug that skips notification on error status 10"
rroblak,2014-04-03 22:45:33,https://api.github.com/repos/nomad/houston/git/commits/c707943393e5af057fd09a696334293a411c19d5,c707943393e5af057fd09a696334293a411c19d5,"Fix bug that skips notification on error status 10

The current behavior incorrectly skips a notification when an error
status code of 10 is received from Apple. Consider a scenario where the
notifications array looks like:

notifications = [notification_a, notification_b, notification_c]

Let's say that after writing notification_a, Apple responds with an
error-response packet that has a status code of 10 and an Identifier of
0, indicating that notification_a was the last (and only) notification
successfully sent.

With the current logic, index would be set to 0 and then bumped to 1.
The slice! on notifications would then modify notifications so that its
value is just [notification_c]. So notification_a would've been
successfully sent, notification_c would be queued up for sending, but
notification_b would be dropped and never sent.

Getting rid of the increment to index fixes this bug, so that both
notification_b and notification_c will be queued up for resending."
mattt,2014-04-02 15:20:34,https://api.github.com/repos/nomad/houston/git/commits/20f34b6b19f34609c1a7458a7d641327fbbc9d89,20f34b6b19f34609c1a7458a7d641327fbbc9d89,"Merge pull request #43 from chelsea/master

Include feedback service in usage README section"
chelsea,2014-03-31 22:14:48,https://api.github.com/repos/nomad/houston/git/commits/66c154317ad20459f886ea75e25cb05208a150a5,66c154317ad20459f886ea75e25cb05208a150a5,Include feedback service in usage README section
mattt,2014-01-30 01:10:07,https://api.github.com/repos/nomad/houston/git/commits/43675d3b7ed08ee8e92b3b772910aa4f3d9e3bd3,43675d3b7ed08ee8e92b3b772910aa4f3d9e3bd3,"Merge pull request #35 from roland9/master

added require houston to sample script"
mattt,2014-01-23 23:05:36,https://api.github.com/repos/nomad/houston/git/commits/2ecc5d0cfaec4056448f43bbedea86a375585a54,2ecc5d0cfaec4056448f43bbedea86a375585a54,Setting nomad-cli.com as homepage
roland9,2014-01-08 17:53:32,https://api.github.com/repos/nomad/houston/git/commits/c556b5c89620480497d407fff96255859f4848a5,c556b5c89620480497d407fff96255859f4848a5,added require houston to sample script
jerryhjones,2013-12-13 18:42:44,https://api.github.com/repos/nomad/houston/git/commits/44c2873b14771b0e65b87dbab26d1d7519f3b58f,44c2873b14771b0e65b87dbab26d1d7519f3b58f,The sound key must be present and nil to send silent/hidden push notifications.
mattt,2013-11-13 00:28:27,https://api.github.com/repos/nomad/houston/git/commits/9b85a0aad54b11a3f6ed45f946276a0fa0398dde,9b85a0aad54b11a3f6ed45f946276a0fa0398dde,Bumping version to 2.0.0
mattt,2013-11-13 00:28:15,https://api.github.com/repos/nomad/houston/git/commits/ea4ced7dab311c62e4b743c5c22d294e268ab47d,ea4ced7dab311c62e4b743c5c22d294e268ab47d,Adding note about versioning
mattt,2013-11-13 00:25:34,https://api.github.com/repos/nomad/houston/git/commits/1bc5e871a94f9afd4b779573234072203f2b58e3,1bc5e871a94f9afd4b779573234072203f2b58e3,"Merge branch 'drodriguez-notification-format-2'

Conflicts:
	lib/houston/notification.rb
	lib/houston/version.rb"
mattt,2013-11-13 00:23:37,https://api.github.com/repos/nomad/houston/git/commits/1f6e0df6d03f3159f541d9dc25bf3f36aee1723e,1f6e0df6d03f3159f541d9dc25bf3f36aee1723e,Bumping version to 1.0.0
mattt,2013-11-13 00:23:18,https://api.github.com/repos/nomad/houston/git/commits/77488fe3ac9aa06bda5cd749d34f733973549369,77488fe3ac9aa06bda5cd749d34f733973549369,Refactoring VERSION
mattt,2013-11-13 00:15:27,https://api.github.com/repos/nomad/houston/git/commits/0f5ccefd0d89d57044635982d3d793d410da1916,0f5ccefd0d89d57044635982d3d793d410da1916,"[Issue #20] Adding payload length validation

Notifications with a payload larger than 256 byte limit will not be sent"
mattt,2013-11-13 00:06:22,https://api.github.com/repos/nomad/houston/git/commits/b4d2074b7a0786d4b8a9ca8458b2eb9e67c6f28f,b4d2074b7a0786d4b8a9ca8458b2eb9e67c6f28f,Minor formatting
mattt,2013-11-13 00:04:19,https://api.github.com/repos/nomad/houston/git/commits/c73d7e227f1c85b2f8269137f8907f651c428d86,c73d7e227f1c85b2f8269137f8907f651c428d86,Minor formatting
mattt,2013-11-13 00:01:03,https://api.github.com/repos/nomad/houston/git/commits/8ca03e9bab9f261f881083417e130b164e4298c8,8ca03e9bab9f261f881083417e130b164e4298c8,"Merge branch 'notification-format-2' of github.com:drodriguez/houston into drodriguez-notification-format-2

Conflicts:
	lib/houston.rb"
drodriguez,2013-10-22 19:15:21,https://api.github.com/repos/nomad/houston/git/commits/31160f7e9ea472403a87764c64c2bf0098273a80,31160f7e9ea472403a87764c64c2bf0098273a80,"Handle correctly the shutdown status

According to Apple docs the shutdown status reports back the last
notification identifier successfully sent, so advance the index once to
not send a notification twice."
drodriguez,2013-10-22 19:08:04,https://api.github.com/repos/nomad/houston/git/commits/d20d683ef7e0871ea9655eac44bbf7b6289c5447,d20d683ef7e0871ea9655eac44bbf7b6289c5447,"Implement and spec new notification format ""2""

Apple modified the Local and Push Notification Programming Guide last
April specifying a new format “2” and labeling simple and enhanced
formats as legacy.

New priority attribute. According to Apple it could be 10 or 5 (or
nothing?). Those values are not enforced, in case other values appear.

Expiration and identifier are no longer neccessary. The identifier is
added by the Houston::Client.

Using ‘n’ and ‘N‘ for packs and unpacks, since Apple documents that all
data is network order (big endian), and ‘i’ is native endianess."
drodriguez,2013-10-22 18:22:38,https://api.github.com/repos/nomad/houston/git/commits/1f3e93c55561bfa38c8b63720073edf318d07d36,1f3e93c55561bfa38c8b63720073edf318d07d36,"Prepare for Rspec.

Need to split into lib/houston.rb and lib/houston/version.rb, otherwise
the gemspec require was loading the gem before simplecov could kick in,
and it didn’t report any coverage."
mattt,2013-10-04 01:55:18,https://api.github.com/repos/nomad/houston/git/commits/4b54c517494b6f2751b43551bad2574201a234c3,4b54c517494b6f2751b43551bad2574201a234c3,Bumping version to 0.3.1
mattt,2013-10-04 01:54:27,https://api.github.com/repos/nomad/houston/git/commits/17972f03f6fed21e4cfb623ee7e3f95bae28a062,17972f03f6fed21e4cfb623ee7e3f95bae28a062,"Merge pull request #19 from dcaunt/master

Don't require an alert message if content_available (newsstand) is set"
dcaunt,2013-09-26 11:23:39,https://api.github.com/repos/nomad/houston/git/commits/c0460b6a5cb1a58b2de3df67ac4096d23e5db933,c0460b6a5cb1a58b2de3df67ac4096d23e5db933,Don't require an alert message if content_available (newsstand) is set
mattt,2013-07-23 17:51:04,https://api.github.com/repos/nomad/houston/git/commits/5bbeaac7501f2ecc8477eb7a34939df37e642528,5bbeaac7501f2ecc8477eb7a34939df37e642528,Bumping version to 0.3.0
mattt,2013-07-23 17:50:28,https://api.github.com/repos/nomad/houston/git/commits/5292aa9438e55453f811d95c4038518cf02f98f1,5292aa9438e55453f811d95c4038518cf02f98f1,"Merge pull request #17 from jcxplorer/dropped-connections

Automatically handle dropped connections from APNs"
jcxplorer,2013-06-18 05:22:20,https://api.github.com/repos/nomad/houston/git/commits/d7018244839391f5ac5f8b9e9ca2bcb53335bb7a,d7018244839391f5ac5f8b9e9ca2bcb53335bb7a,Handle dropped connections from APNs automatically
jcxplorer,2013-06-18 04:27:01,https://api.github.com/repos/nomad/houston/git/commits/1ba83fd81be7e224debc96b4c00b0697e269cfdc,1ba83fd81be7e224debc96b4c00b0697e269cfdc,Switch to enhanced notification format
mattt,2013-05-30 18:16:48,https://api.github.com/repos/nomad/houston/git/commits/0951b9a3323e363a795c8a0f6e5829c73dd0aee9,0951b9a3323e363a795c8a0f6e5829c73dd0aee9,Bumping version to 0.2.4
mattt,2013-05-30 18:16:06,https://api.github.com/repos/nomad/houston/git/commits/54506323025e95338d3d466eca5888c7b7ed5448,54506323025e95338d3d466eca5888c7b7ed5448,"Merge pull request #16 from drodriguez/patch-1

Do not overwrite the user provided payload"
drodriguez,2013-05-29 08:34:30,https://api.github.com/repos/nomad/houston/git/commits/04e568f15a9f04b739bbfe8d9f02a0a875621e7a,04e568f15a9f04b739bbfe8d9f02a0a875621e7a,"Do not overwrite the user provided payload

Allow users of Notification to provide the full data, including the 'aps' key and its contents.

Specially interesting if you are using the command line tool, and you want to test 'alert' as dictionary with 'loc-key' and 'loc-args'."
mattt,2013-05-20 17:06:06,https://api.github.com/repos/nomad/houston/git/commits/7eedb3d95b021d9e9be4b9ca9568fb42283b23ff,7eedb3d95b021d9e9be4b9ca9568fb42283b23ff,Bumping version to 0.2.3
mattt,2013-05-20 17:03:57,https://api.github.com/repos/nomad/houston/git/commits/e1194f5201967c3b007ea74cf8787c3c982f2e28,e1194f5201967c3b007ea74cf8787c3c982f2e28,"Merge pull request #15 from sshrpe/patch-1

Fixed bug with Newsstand content-available notifications"
sshrpe,2013-05-20 15:21:06,https://api.github.com/repos/nomad/houston/git/commits/5b81597abe6a98fa15993c48a7c45e60772c3f21,5b81597abe6a98fa15993c48a7c45e60772c3f21,"Fixed bug with Newsstand content-available notifications

Incorrect instance variable name used to set the content-available property on the notification."
mattt,2013-05-14 20:48:22,https://api.github.com/repos/nomad/houston/git/commits/f62cdbbf34537aaf8fd16ae52b02397453e293f0,f62cdbbf34537aaf8fd16ae52b02397453e293f0,Adding new banner to README
mattt,2013-04-30 18:02:31,https://api.github.com/repos/nomad/houston/git/commits/569a0476c65892127bd07202a18977fb9cd62ef8,569a0476c65892127bd07202a18977fb9cd62ef8,Bumping version to 0.2.2
mattt,2013-04-24 13:40:30,https://api.github.com/repos/nomad/houston/git/commits/926590cc2437de7ce393c95c9b4d2f91d9cba52f,926590cc2437de7ce393c95c9b4d2f91d9cba52f,"[Issue #13] Changing device parameter to token, leaving alias for compatibility"
mattt,2013-04-24 13:19:09,https://api.github.com/repos/nomad/houston/git/commits/99df7c242133f6b44a2241d739c8e0ab71680a58,99df7c242133f6b44a2241d739c8e0ab71680a58,Bumping version to 0.2.1
mattt,2013-04-24 13:18:40,https://api.github.com/repos/nomad/houston/git/commits/8899414d2b5602d5930dd255cb0ebe707653ff0c,8899414d2b5602d5930dd255cb0ebe707653ff0c,[Issue #14] Fixing connection issues
mattt,2013-04-17 08:33:37,https://api.github.com/repos/nomad/houston/git/commits/3e6b55f72c1e0945d6ff6542d7d2d8d0a786e0f1,3e6b55f72c1e0945d6ff6542d7d2d8d0a786e0f1,Adding license to gemspec
mattt,2013-04-17 08:33:05,https://api.github.com/repos/nomad/houston/git/commits/eaf1065940ac789fc41c5bc39dedfe64c212c307,eaf1065940ac789fc41c5bc39dedfe64c212c307,Skip install in build task
mattt,2013-04-17 08:32:56,https://api.github.com/repos/nomad/houston/git/commits/18f3c52b1b4dc845e50d54ed4577c3790253d0d6,18f3c52b1b4dc845e50d54ed4577c3790253d0d6,Using secure Gemfile source
mattt,2013-04-17 08:29:19,https://api.github.com/repos/nomad/houston/git/commits/e487b916f0a027efebf96e4f74d950c5b1c7c9b7,e487b916f0a027efebf96e4f74d950c5b1c7c9b7,"Merge branch 'experimental-persistent-connection'

Conflicts:
	README.md"
mattt,2013-04-17 08:28:22,https://api.github.com/repos/nomad/houston/git/commits/4a69cc1ba91bd7c5ab5bcff9100ef7ac2ba82d3f,4a69cc1ba91bd7c5ab5bcff9100ef7ac2ba82d3f,Using eigenclass for class methods
mattt,2013-04-17 08:23:35,https://api.github.com/repos/nomad/houston/git/commits/35484e9ebc9be57ac36a4641b40c70e630a59795,35484e9ebc9be57ac36a4641b40c70e630a59795,Minor refactoring
mattt,2013-04-17 08:23:18,https://api.github.com/repos/nomad/houston/git/commits/03b91ba07fbe021871c65ef6ea2771d80624feff,03b91ba07fbe021871c65ef6ea2771d80624feff,Adding instructions about persistent connections
mattt,2013-04-16 15:21:24,https://api.github.com/repos/nomad/houston/git/commits/dfc60697d7a26ff0cbe2cf15b59a2e7e3d159df8,dfc60697d7a26ff0cbe2cf15b59a2e7e3d159df8,Adding link to Helios in README
mattt,2013-04-16 10:36:29,https://api.github.com/repos/nomad/houston/git/commits/38aebb6fc5a08b1601c86da5ff2f3cfa4d7aff84,38aebb6fc5a08b1601c86da5ff2f3cfa4d7aff84,Use arguments rather than options hash for connection initialize
mattt,2013-04-16 10:30:06,https://api.github.com/repos/nomad/houston/git/commits/63d4103bab75af7693a0d99f98c1a40b2c52be2c,63d4103bab75af7693a0d99f98c1a40b2c52be2c,Alternative take on persistent connections
soffes,2013-04-16 10:12:12,https://api.github.com/repos/nomad/houston/git/commits/f203b84184f082cb2d7208bc5e9d1149f7c1c0b8,f203b84184f082cb2d7208bc5e9d1149f7c1c0b8,"Don't require the passphrase parameter since it defaults to nil

Signed-off-by: Mattt Thompson <m@mattt.me>"
mattt,2013-04-16 10:07:43,https://api.github.com/repos/nomad/houston/git/commits/840a23666644d242d4fd3a7a13a656eb19e344d5,840a23666644d242d4fd3a7a13a656eb19e344d5,Changing newsstand to content_available for API parity
mattt,2013-04-16 09:50:33,https://api.github.com/repos/nomad/houston/git/commits/85385a4fde76d5a21f8926775230c9e79feebd70,85385a4fde76d5a21f8926775230c9e79feebd70,Adding --payload option to send JSON string as payload
mattt,2013-04-16 09:36:00,https://api.github.com/repos/nomad/houston/git/commits/537df635812ee39b73686db05c13c23fd91f1d80,537df635812ee39b73686db05c13c23fd91f1d80,Merge branch 'master' of https://github.com/mattt/houston
mattt,2013-04-16 09:25:44,https://api.github.com/repos/nomad/houston/git/commits/b34d55a173fc9040b28d072bbaea259599ebbe63,b34d55a173fc9040b28d072bbaea259599ebbe63,[Issue #8] Add -d option to pass custom data to payload
mattt,2013-04-16 08:53:41,https://api.github.com/repos/nomad/houston/git/commits/3e09e935dec541c86344f89ff7f0b2fc6d9b23a3,3e09e935dec541c86344f89ff7f0b2fc6d9b23a3,"Merge pull request #10 from hmsimple/master

Fix check for required options"
mattt,2013-04-16 08:52:25,https://api.github.com/repos/nomad/houston/git/commits/8ebbf0ac2d57cded35adcd97d79dce4ce65c0976,8ebbf0ac2d57cded35adcd97d79dce4ce65c0976,"Merge pull request #7 from dmathieu/patch-1

Properly use the feedback sandbox"
mattt,2013-04-16 08:42:25,https://api.github.com/repos/nomad/houston/git/commits/9811008c54691a9a15dbc472f116480212bcc454,9811008c54691a9a15dbc472f116480212bcc454,Simplifying newsstand flag option
mattt,2013-04-16 08:35:53,https://api.github.com/repos/nomad/houston/git/commits/7d1c589e216bfe5c3727571bb8b069fd28791061,7d1c589e216bfe5c3727571bb8b069fd28791061,"Merge pull request #9 from octover/master

Newsstand content-available push notification support"
nragaz,2013-04-03 14:09:48,https://api.github.com/repos/nomad/houston/git/commits/ded0d0e3a4292ae1ed0950c0800a62388a5b04f6,ded0d0e3a4292ae1ed0950c0800a62388a5b04f6,Fix check for required options
octover,2013-03-20 14:00:00,https://api.github.com/repos/nomad/houston/git/commits/a08b0fd8be8481dd32fa6f1e02118a874029fb71,a08b0fd8be8481dd32fa6f1e02118a874029fb71,make it so the newsstand push is just a flag
octover,2013-03-20 13:39:59,https://api.github.com/repos/nomad/houston/git/commits/db275e4e1b9b48e3ee0a8c90afa120f1759f1e7a,db275e4e1b9b48e3ee0a8c90afa120f1759f1e7a,fix _ to - in content available
octover,2013-03-20 10:27:10,https://api.github.com/repos/nomad/houston/git/commits/384c1d3f86ee5739f3ee57dd365278342d2c72b6,384c1d3f86ee5739f3ee57dd365278342d2c72b6,"Make the push notification less noisy unless specifically wanting to send values for alert, badge or sound"
octover,2013-03-20 10:26:30,https://api.github.com/repos/nomad/houston/git/commits/39b82c70ce33f528bdd50b5fddf6c5c852ee6e2e,39b82c70ce33f528bdd50b5fddf6c5c852ee6e2e,Add support newsstand push notifcation (content_available)
mattt,2013-02-21 02:21:20,https://api.github.com/repos/nomad/houston/git/commits/d3d7e6e72744ffc2296fc774480ab2a640085387,d3d7e6e72744ffc2296fc774480ab2a640085387,Adding explanation of project name
mattt,2013-02-21 02:00:10,https://api.github.com/repos/nomad/houston/git/commits/da071c63cf48859775b0da8dd9a8286c7b9c8fc3,da071c63cf48859775b0da8dd9a8286c7b9c8fc3,Re-formatting code blocks
mattt,2013-02-21 01:59:19,https://api.github.com/repos/nomad/houston/git/commits/1280e079d5a0504a605ab9ad4e34dfe651e99165,1280e079d5a0504a605ab9ad4e34dfe651e99165,Adding references to related CLI projects
dmathieu,2013-01-29 10:03:45,https://api.github.com/repos/nomad/houston/git/commits/c62d9c91a3d17f8cc91977206dfef987ae599ccc,c62d9c91a3d17f8cc91977206dfef987ae599ccc,Properly use the feedback sandbox
mattt,2012-11-29 00:16:50,https://api.github.com/repos/nomad/houston/git/commits/c48ba8271c2785b07e0ddaf7eeca3228b4589720,c48ba8271c2785b07e0ddaf7eeca3228b4589720,"Adding note about mission-critical sister projects

Adding note about Rack::PushNotification"
mattt,2012-10-31 17:23:11,https://api.github.com/repos/nomad/houston/git/commits/dc5ba975b759a1f0b4b5e068076e36a52207a6f4,dc5ba975b759a1f0b4b5e068076e36a52207a6f4,Bumping version to 0.1.1
mattt,2012-10-31 17:22:56,https://api.github.com/repos/nomad/houston/git/commits/3ff7688a6c3c03a1a71be283a18da21af15de83e,3ff7688a6c3c03a1a71be283a18da21af15de83e,"[Issue #4] Flattening notifications argument in Client#push, and adding better validation about incoming notifications"
mattt,2012-10-31 17:22:01,https://api.github.com/repos/nomad/houston/git/commits/8e01adfb9737e507e8b862e7b381e72884685418,8e01adfb9737e507e8b862e7b381e72884685418,chmod +x bin/apn
mattt,2012-09-26 20:11:33,https://api.github.com/repos/nomad/houston/git/commits/3737539fb20d6c6a4726cd70ba039440478494dc,3737539fb20d6c6a4726cd70ba039440478494dc,"Merge pull request #2 from jcxplorer/master

Encoding problems"
jcxplorer,2012-09-25 13:08:48,https://api.github.com/repos/nomad/houston/git/commits/1bd1dbf045db808566aad36671eb6eaa72226035,1bd1dbf045db808566aad36671eb6eaa72226035,Fixes encoding problems
mattt,2012-09-13 13:55:35,https://api.github.com/repos/nomad/houston/git/commits/df8e44a73d451798defd221dc2e912fea1d1a4eb,df8e44a73d451798defd221dc2e912fea1d1a4eb,"Merge pull request #1 from samsoffes/master

Fix example to specify an APN server"
soffes,2012-09-12 21:32:35,https://api.github.com/repos/nomad/houston/git/commits/a602b8290383637ed2cc33b520764e8e3ff8386c,a602b8290383637ed2cc33b520764e8e3ff8386c,Fix example to specify an APN server
mattt,2012-09-07 21:37:50,https://api.github.com/repos/nomad/houston/git/commits/de5c7251f464e95a8b9bbc4b7953358fd7915f1a,de5c7251f464e95a8b9bbc4b7953358fd7915f1a,Adding instructions for iOS to README
mattt,2012-09-07 21:09:35,https://api.github.com/repos/nomad/houston/git/commits/551618934a1e00fe55cb065406b61808abf9772d,551618934a1e00fe55cb065406b61808abf9772d,Fixing Rakefile
mattt,2012-09-07 21:08:11,https://api.github.com/repos/nomad/houston/git/commits/20ea6eb1a0f00f4c775ee1ee8a7d371d6e74fd8c,20ea6eb1a0f00f4c775ee1ee8a7d371d6e74fd8c,Initial Commit
