Cerberus,"A few simple, but solid patterns for responsive HTML email templates and newsletters. Even in Outlook and Gmail."
username,timestamp,url,sha,message
TedGoas,2019-08-16 20:57:07,https://api.github.com/repos/TedGoas/Cerberus/git/commits/ad6952810087fe1326273e96e7349b05f24cb8aa,ad6952810087fe1326273e96e7349b05f24cb8aa,"Create FUNDING.yml

Initial commit"
TedGoas,2019-08-15 01:21:18,https://api.github.com/repos/TedGoas/Cerberus/git/commits/5dff18eabac351452dae4b644fd328e8539e4a28,5dff18eabac351452dae4b644fd328e8539e4a28,Update version number
TedGoas,2019-08-15 01:13:27,https://api.github.com/repos/TedGoas/Cerberus/git/commits/0aad15c8a65b1282301e8cb1373b6f9961edd8f4,0aad15c8a65b1282301e8cb1373b6f9961edd8f4,"Merge pull request #230 from TedGoas/responsive-iOS-Outlook

Fix responsive columns stacking in iOS Outlook"
TedGoas,2019-08-15 01:08:48,https://api.github.com/repos/TedGoas/Cerberus/git/commits/904382103c13173e0c66bd977900b4e28ffe7a4f,904382103c13173e0c66bd977900b4e28ffe7a4f,Update <td>'s with responsive classes to <th>'s so the classes work in iOS Outlook
TedGoas,2019-07-16 21:08:32,https://api.github.com/repos/TedGoas/Cerberus/git/commits/b5bee3cfd7483c629c07855f290cebb3593fe809,b5bee3cfd7483c629c07855f290cebb3593fe809,"Merge pull request #225 from TedGoas/Update-Mobile-Margins

Update mobile margins"
TedGoas,2019-07-16 21:01:13,https://api.github.com/repos/TedGoas/Cerberus/git/commits/b95ae0476b4d97438ae3ede27be8af65c0055b4f,b95ae0476b4d97438ae3ede27be8af65c0055b4f,"Decrease min-width so ""two uneven columns"" does exceed the width of the most narrow viewports (like iPhone SE)"
TedGoas,2019-07-16 19:56:38,https://api.github.com/repos/TedGoas/Cerberus/git/commits/66c639ee7dbc27c10c4d9194118a7be943ba5bc5,66c639ee7dbc27c10c4d9194118a7be943ba5bc5,"Remove unneeded code from both ""two uneven column"" patterns"
TedGoas,2019-07-16 19:42:14,https://api.github.com/repos/TedGoas/Cerberus/git/commits/c156146579a0f09236d11d3ff53b517aa326d33d,c156146579a0f09236d11d3ff53b517aa326d33d,Remove unneeded code from three column layout
TedGoas,2019-07-16 19:29:08,https://api.github.com/repos/TedGoas/Cerberus/git/commits/e3094662b6ced4725b23940b3ff23c475e49a36e,e3094662b6ced4725b23940b3ff23c475e49a36e,"Wait, we can remove another table! üéâ"
TedGoas,2019-07-16 19:26:18,https://api.github.com/repos/TedGoas/Cerberus/git/commits/8afe55a0fc50b33e82896dcf6a5820f069cf326d,8afe55a0fc50b33e82896dcf6a5820f069cf326d,Update two column layout
TedGoas,2019-06-20 15:29:15,https://api.github.com/repos/TedGoas/Cerberus/git/commits/2973d498488f50ad5c0db663ef82be2a089b10c6,2973d498488f50ad5c0db663ef82be2a089b10c6,Add notes in the Docs about URLs in comments
TedGoas,2019-05-25 17:08:24,https://api.github.com/repos/TedGoas/Cerberus/git/commits/acfe00e953cc1bb940ec9029d59b111ab4300548,acfe00e953cc1bb940ec9029d59b111ab4300548,"Merge pull request #221 from TedGoas/html-io

Design of a few HTMLEmail.io ads"
TedGoas,2019-05-25 17:06:20,https://api.github.com/repos/TedGoas/Cerberus/git/commits/4e33f166d2691ce9ffb80a77ecafe83e92cb51b9,4e33f166d2691ce9ffb80a77ecafe83e92cb51b9,Ad design in readme
TedGoas,2019-05-25 17:01:28,https://api.github.com/repos/TedGoas/Cerberus/git/commits/0d05cb29fc8fae76268ea78a92839eb99c598cf6,0d05cb29fc8fae76268ea78a92839eb99c598cf6,Ad design in docs
TedGoas,2019-05-17 14:03:48,https://api.github.com/repos/TedGoas/Cerberus/git/commits/82bc17c23c694792821448a098a85d97c6409252,82bc17c23c694792821448a098a85d97c6409252,Add meta format-detection tag
TedGoas,2019-05-17 14:00:16,https://api.github.com/repos/TedGoas/Cerberus/git/commits/4ccd6cadf289ba8a0b8bc0c2fc73fd09607f98a5,4ccd6cadf289ba8a0b8bc0c2fc73fd09607f98a5,"Remove `margin: auto;` from CSS reset

Fixes #220"
TedGoas,2019-04-27 19:38:01,https://api.github.com/repos/TedGoas/Cerberus/git/commits/2a65fcbcd21cb2443fb697421307c59005ebecf1,2a65fcbcd21cb2443fb697421307c59005ebecf1,"Merge pull request #217 from TedGoas/cleanup-hybrid-values

Replace % with px for hybrid widths"
TedGoas,2019-04-27 19:32:54,https://api.github.com/repos/TedGoas/Cerberus/git/commits/f0efd553b1ccf0ec0fa473e7e6adbbcb69d9c18f,f0efd553b1ccf0ec0fa473e7e6adbbcb69d9c18f,Replace % with px for hybrid widths
TedGoas,2019-03-04 02:57:54,https://api.github.com/repos/TedGoas/Cerberus/git/commits/7dd78edb239dc4a3aca8bfc4a77bd6ada2eaf8b1,7dd78edb239dc4a3aca8bfc4a77bd6ada2eaf8b1,"Update apple-data-detectors links to target <a> tags only

Fixes #213"
TedGoas,2019-02-28 01:19:40,https://api.github.com/repos/TedGoas/Cerberus/git/commits/66fb0366be950ad8f21dbb706e505aefc14a0cc3,66fb0366be950ad8f21dbb706e505aefc14a0cc3,"Missing closing tag in hybrid template

Fixes #214"
TedGoas,2019-02-20 17:21:51,https://api.github.com/repos/TedGoas/Cerberus/git/commits/267462c066ae9e1cc91c20b06748213e49f52270,267462c066ae9e1cc91c20b06748213e49f52270,Create template for pull requests.
TedGoas,2019-02-20 12:47:49,https://api.github.com/repos/TedGoas/Cerberus/git/commits/d81c7572bcc0a47d24047078bb5838524a5206f1,d81c7572bcc0a47d24047078bb5838524a5206f1,"Update issue templates

Finally adding a V1 for issue templates."
TedGoas,2019-02-09 19:27:25,https://api.github.com/repos/TedGoas/Cerberus/git/commits/3bf429e3fd1645d0b917afe1ed2ea81a6801eb72,3bf429e3fd1645d0b917afe1ed2ea81a6801eb72,"Update package.json

Resolves #211"
TedGoas,2019-02-08 22:07:32,https://api.github.com/repos/TedGoas/Cerberus/git/commits/8fdfe6aed8e1183b9788d2d17b9ae1ee7f2077bb,8fdfe6aed8e1183b9788d2d17b9ae1ee7f2077bb,"Remove .fluid class and make all images responsive by default

Resolves #210"
TedGoas,2019-02-06 03:45:49,https://api.github.com/repos/TedGoas/Cerberus/git/commits/ac5497742a1b3b6a5c5fa5f212719d06b0017050,ac5497742a1b3b6a5c5fa5f212719d06b0017050,"Merge pull request #209 from TedGoas/hero-image-space

Add display:block to negate extra space beneath hero images"
TedGoas,2019-02-06 03:04:29,https://api.github.com/repos/TedGoas/Cerberus/git/commits/a9d4045064a040820962b3e7c22e5ca585a75ca2,a9d4045064a040820962b3e7c22e5ca585a75ca2,Add display:block to negate extra space beneath hero images
TedGoas,2019-02-04 14:34:05,https://api.github.com/repos/TedGoas/Cerberus/git/commits/812a30ce08a8e508b4249358f15c5d12d3cf6317,812a30ce08a8e508b4249358f15c5d12d3cf6317,"Merge pull request #207 from TedGoas/audit

Audit all three email templates and remove unnecessary code"
TedGoas,2019-02-02 17:59:35,https://api.github.com/repos/TedGoas/Cerberus/git/commits/84478c2824405685b2b5029fb99349d99af2d9f6,84478c2824405685b2b5029fb99349d99af2d9f6,Hybrid audit
TedGoas,2019-01-31 16:19:45,https://api.github.com/repos/TedGoas/Cerberus/git/commits/4aa43fd4d8b0da775521f06c522f46e39b5f03cf,4aa43fd4d8b0da775521f06c522f46e39b5f03cf,Responsive audit
TedGoas,2019-01-30 02:15:18,https://api.github.com/repos/TedGoas/Cerberus/git/commits/8b5e3977ccd9bc6fbff653ae5cd5608ffd10536b,8b5e3977ccd9bc6fbff653ae5cd5608ffd10536b,Fluid audit
TedGoas,2019-01-29 21:14:35,https://api.github.com/repos/TedGoas/Cerberus/git/commits/79364e59968921bf61726449691a53ff825354ee,79364e59968921bf61726449691a53ff825354ee,"Move Outlook Hi-DPI fix to reset section

Because it's a reset and not a progressive enhancement"
TedGoas,2019-01-29 20:05:31,https://api.github.com/repos/TedGoas/Cerberus/git/commits/849dbf27373df67f03a1b1c6d9e66783b77dd8bb,849dbf27373df67f03a1b1c6d9e66783b77dd8bb,"Remove Outlook-only list reset

Wasn't using it anyway!"
TedGoas,2019-01-29 19:54:47,https://api.github.com/repos/TedGoas/Cerberus/git/commits/e7b459d573aaa02aff1eea6b4b62a67a561f2b4a,e7b459d573aaa02aff1eea6b4b62a67a561f2b4a,Remove old CSS from table reset
TedGoas,2019-01-28 21:19:51,https://api.github.com/repos/TedGoas/Cerberus/git/commits/4c209abf3e94e4f57fda0317ab1d7449181c9bd1,4c209abf3e94e4f57fda0317ab1d7449181c9bd1,"Remove unintended margin next to thumbnails in hybrid

Fixes #205"
TedGoas,2018-11-14 22:03:40,https://api.github.com/repos/TedGoas/Cerberus/git/commits/033b9c9a1198086033c829e39eb7e9fd57a48e09,033b9c9a1198086033c829e39eb7e9fd57a48e09,"CSS reset to defend against Gmail's conversation threading coloring text.

Resolves #199"
TedGoas,2018-10-09 20:54:06,https://api.github.com/repos/TedGoas/Cerberus/git/commits/0fb2dc92a5000ab45d8d5aa15b9e8c4de922bbe7,0fb2dc92a5000ab45d8d5aa15b9e8c4de922bbe7,bump version number
TedGoas,2018-10-09 20:50:58,https://api.github.com/repos/TedGoas/Cerberus/git/commits/3cdf12f7b2b8ff6fd111603d169732df1c60422d,3cdf12f7b2b8ff6fd111603d169732df1c60422d,"Fix rendering issues with Mobile Outlook and Gmail

All mobile Outlook‚Äôs and Gmail‚Äôs should be full-bleed. Mobile Outlook
also appears **not* to cut off emails like so:
https://github.com/TedGoas/Cerberus/issues/184#issuecomment-395656782

Fixes #184 and references #108"
TedGoas,2018-10-02 21:14:35,https://api.github.com/repos/TedGoas/Cerberus/git/commits/7988b927765fb1ccadf6d6ad55d0650621ca4259,7988b927765fb1ccadf6d6ad55d0650621ca4259,"Fix mis-aligned full bleed background content

Fixes #196"
TedGoas,2018-09-18 00:21:36,https://api.github.com/repos/TedGoas/Cerberus/git/commits/ef73e3d0e6a34bf16c1a2581904b94d66a9f15e1,ef73e3d0e6a34bf16c1a2581904b94d66a9f15e1,"Update placeholder image references

Resolves #197"
TedGoas,2018-08-30 01:34:26,https://api.github.com/repos/TedGoas/Cerberus/git/commits/3f05c7b1702dfedd0a091139e002f39f902bdada,3f05c7b1702dfedd0a091139e002f39f902bdada,"Code of Conduct, initial commit"
TedGoas,2018-08-06 11:57:05,https://api.github.com/repos/TedGoas/Cerberus/git/commits/06cb458864cacbdb2ba8ba58088c67df67780801,06cb458864cacbdb2ba8ba58088c67df67780801,"Merge pull request #194 from alegout/issue-193-cerberus-npm-package

Issue #193: Update package.json so we can publish Cerberus as a npm package"
alegout,2018-08-06 09:59:53,https://api.github.com/repos/TedGoas/Cerberus/git/commits/ba4a7b84ee69891849e6197a62c1c04e7ac85fd8,ba4a7b84ee69891849e6197a62c1c04e7ac85fd8,Issue #193: Update package.json so we can publish Cerberus as a npm package
TedGoas,2018-08-05 20:12:17,https://api.github.com/repos/TedGoas/Cerberus/git/commits/d35d1c8015a4343887ada578f33128c1ff2af4a4,d35d1c8015a4343887ada578f33128c1ff2af4a4,Bump version #
TedGoas,2018-08-05 20:09:29,https://api.github.com/repos/TedGoas/Cerberus/git/commits/06b103174fef718c76900c251fe18cd225f5dec7,06b103174fef718c76900c251fe18cd225f5dec7,"Fortify 2-column layout for small contents

Fixes #192"
TedGoas,2018-08-03 01:11:28,https://api.github.com/repos/TedGoas/Cerberus/git/commits/81dbb11e418ad836a6ac4d1372092c2624ec65f8,81dbb11e418ad836a6ac4d1372092c2624ec65f8,Line breaks
TedGoas,2018-07-24 21:12:18,https://api.github.com/repos/TedGoas/Cerberus/git/commits/4a0e1205bb1f23f43a8ed24e1b36a5be0d4017b8,4a0e1205bb1f23f43a8ed24e1b36a5be0d4017b8,"Center multi-column layouts on Hybrid

Fixes #191"
TedGoas,2018-07-11 02:42:18,https://api.github.com/repos/TedGoas/Cerberus/git/commits/50eb304079ff9dadacf6b7839beb293281bb2907,50eb304079ff9dadacf6b7839beb293281bb2907,Moving the favicon
TedGoas,2018-07-11 02:41:07,https://api.github.com/repos/TedGoas/Cerberus/git/commits/e6601f9651a44f329c39829256d7c8170c5e52a1,e6601f9651a44f329c39829256d7c8170c5e52a1,"Merge pull request #187 from douglasprofessional/feature/docs-favicon

Only favicon in the <head> tag.

Merging this as-is and will update to include only `favicon.ico` after."
douglasprofessional,2018-07-06 01:58:13,https://api.github.com/repos/TedGoas/Cerberus/git/commits/c622792d15cb9d4387caa4ce6e1786b1c3bd2306,c622792d15cb9d4387caa4ce6e1786b1c3bd2306,Only favicon in the <head> tag
TedGoas,2018-06-18 12:29:28,https://api.github.com/repos/TedGoas/Cerberus/git/commits/e3c2911aafd4e92d2ba3afe1ac384c3df90f84bc,e3c2911aafd4e92d2ba3afe1ac384c3df90f84bc,"Footer wrappers should match other wrappers

So footer aligns and sizes properly. Resolves #185"
TedGoas,2018-06-13 00:25:29,https://api.github.com/repos/TedGoas/Cerberus/git/commits/b67c82d77fdc8cff802da45507af0e58a2efe9d8,b67c82d77fdc8cff802da45507af0e58a2efe9d8,"Remove gutters in Andorra Outlook

Work towards #184"
TedGoas,2018-06-07 13:37:09,https://api.github.com/repos/TedGoas/Cerberus/git/commits/bd8ba354276288b9f42f4ee86f3fbf225129340c,bd8ba354276288b9f42f4ee86f3fbf225129340c,"Fix email alignment in iOS Outlook

In reference to #184"
TedGoas,2018-06-04 23:18:48,https://api.github.com/repos/TedGoas/Cerberus/git/commits/65ff30a38fa84e8c8678e8cc086af25bfa62052f,65ff30a38fa84e8c8678e8cc086af25bfa62052f,Bump version number
TedGoas,2018-06-04 23:00:53,https://api.github.com/repos/TedGoas/Cerberus/git/commits/3f331328946233a3b8763dc2c6c11481c5f0981c,3f331328946233a3b8763dc2c6c11481c5f0981c,"Merge pull request #181 from TedGoas/fix-underlined-buttons-in-Win10-Mail

Updated <style> and buttons"
TedGoas,2018-06-04 22:59:20,https://api.github.com/repos/TedGoas/Cerberus/git/commits/1648eaa42092abda71476de6f9cf4d5335953804,1648eaa42092abda71476de6f9cf4d5335953804,Updated <style> and buttons
TedGoas,2018-05-30 13:38:44,https://api.github.com/repos/TedGoas/Cerberus/git/commits/b0056f3b2c724cb895e0b0e9540f9f80e3704e98,b0056f3b2c724cb895e0b0e9540f9f80e3704e98,"Fixed full bleed text alignment

Fixes #179"
TedGoas,2018-05-17 00:36:39,https://api.github.com/repos/TedGoas/Cerberus/git/commits/dd254ff2d0fd0d808e289560277b0d378ef2c60b,dd254ff2d0fd0d808e289560277b0d378ef2c60b,"Fixed broken fluidity and alignment

Fixes #176"
TedGoas,2018-05-17 00:26:14,https://api.github.com/repos/TedGoas/Cerberus/git/commits/7dd6c64e798a8f0eb797666cb44fdb3fe73c8d70,7dd6c64e798a8f0eb797666cb44fdb3fe73c8d70,"Use `px` for line-height

Resolves #166"
TedGoas,2018-05-10 13:04:49,https://api.github.com/repos/TedGoas/Cerberus/git/commits/13e6239a4543e6c003d783ca36d04249c0ce7bbf,13e6239a4543e6c003d783ca36d04249c0ce7bbf,"Modified divs to remove extra margins in Outlook and Windows 10 Mail

Applied PR #175 to all templates"
TedGoas,2018-05-10 12:50:34,https://api.github.com/repos/TedGoas/Cerberus/git/commits/1176c5e3a23c3e20c65e95b8afc4b6502ff666f2,1176c5e3a23c3e20c65e95b8afc4b6502ff666f2,"Merge pull request #175 from navgator236/master

Modified divs to remove extra margins in Outlook and Windows 10 Mail"
navgator236,2018-05-10 06:57:35,https://api.github.com/repos/TedGoas/Cerberus/git/commits/5e16756e566bbb520084219434a88fd3b03de12b,5e16756e566bbb520084219434a88fd3b03de12b,"Modified divs to remove extra margins in Outlook and Windows 10 Mail

Modified vertical margins of all instances of div.email-container to 'margin: 0 auto;' to remove top and bottom margins in Windows 10 Mail (Win 10) and also Outlook 2007, 2010, 2013, 2016 (all on Win 7). Issue confirmed via Litmus only."
TedGoas,2018-05-07 18:13:12,https://api.github.com/repos/TedGoas/Cerberus/git/commits/ff57344b2e82852f8788d7ec147a05ff84131608,ff57344b2e82852f8788d7ec147a05ff84131608,"Removed most instances of `align`

Don‚Äôt need `align=""center‚Äù` and `align=""left‚Äù` most of the time.
Resolves #170

Also cleaned up some padding and nesting inconsistencies."
TedGoas,2018-04-23 17:40:48,https://api.github.com/repos/TedGoas/Cerberus/git/commits/a6a893493b3a5fdd3dcfd18bed6194a589b34ede,a6a893493b3a5fdd3dcfd18bed6194a589b34ede,"Refactored buttons

Cleans up some code and resolves #172"
TedGoas,2018-04-20 23:09:34,https://api.github.com/repos/TedGoas/Cerberus/git/commits/52bca73f5667caeca30b6513e6fa7bce18e3c830,52bca73f5667caeca30b6513e6fa7bce18e3c830,"Replace all background and bicolor attributes with inline CSS

Resolves #171"
TedGoas,2018-04-20 21:08:40,https://api.github.com/repos/TedGoas/Cerberus/git/commits/08dba09dd2bfbb79fb02084fa00cea70482d8caa,08dba09dd2bfbb79fb02084fa00cea70482d8caa,"Updating the way we unstyle auto-detected-links

Work towards #168. I dunno if this is fixed but it was just awful
before and now it‚Äôs less awful. Will test."
TedGoas,2018-04-20 20:59:00,https://api.github.com/repos/TedGoas/Cerberus/git/commits/5d2c2d5329509046d709cc09024e901960c96c7b,5d2c2d5329509046d709cc09024e901960c96c7b,"Added lists

Resolves #167"
TedGoas,2018-03-22 20:12:39,https://api.github.com/repos/TedGoas/Cerberus/git/commits/df128b35478b40b359b557afcbdf4e83e3895593,df128b35478b40b359b557afcbdf4e83e3895593,"Improved documentation on defining an email background color

Closes out #159"
TedGoas,2018-03-22 01:18:38,https://api.github.com/repos/TedGoas/Cerberus/git/commits/44a3055fa3fb4a25bc5e5467df97fa25032b4e17,44a3055fa3fb4a25bc5e5467df97fa25032b4e17,"Merge pull request #163 from meowsus/clean-up-footer-section

Clean up footer section"
TedGoas,2018-03-21 20:58:52,https://api.github.com/repos/TedGoas/Cerberus/git/commits/5e4766b81622bed20a7faf0e98fed05e57797351,5e4766b81622bed20a7faf0e98fed05e57797351,"Merge pull request #161 from meowsus/fix-lazy-lutangar-typo

Fixes typo"
TedGoas,2018-03-19 22:58:24,https://api.github.com/repos/TedGoas/Cerberus/git/commits/a60add2c7b9c35a4875e80bd0abbce009439662e,a60add2c7b9c35a4875e80bd0abbce009439662e,"Fix email background color on short emails

Resolves #158"
TedGoas,2018-03-13 01:18:52,https://api.github.com/repos/TedGoas/Cerberus/git/commits/01b0de4b92a517b42bfc6daa5b944a9d76867cfd,01b0de4b92a517b42bfc6daa5b944a9d76867cfd,"Include the &zwnj;&nbsp; Preview Text Hack

Resolves #156"
TedGoas,2018-02-21 13:41:54,https://api.github.com/repos/TedGoas/Cerberus/git/commits/ff017ba54fd566c4dae2343490a32eec4311ddcc,ff017ba54fd566c4dae2343490a32eec4311ddcc,"Improved background color for email

Now covers Windows 10 Mail
Closes out #149"
TedGoas,2018-02-15 21:05:28,https://api.github.com/repos/TedGoas/Cerberus/git/commits/4aa8840c7bb64051f01153109a9b3df5cf535209,4aa8840c7bb64051f01153109a9b3df5cf535209,"Merge pull request #153 from wgx/master

changed colon for semicolon"
wgx,2018-02-15 14:01:23,https://api.github.com/repos/TedGoas/Cerberus/git/commits/de1ceaeba1f52bc2950c54eb27646365e714cb0e,de1ceaeba1f52bc2950c54eb27646365e714cb0e,changed colon for semicolon
TedGoas,2018-02-12 20:50:52,https://api.github.com/repos/TedGoas/Cerberus/git/commits/ee112d88f3bfef31063564ba10d213733b9d8002,ee112d88f3bfef31063564ba10d213733b9d8002,"[Fluid] Mobile Gmail gutters fixed

Fixes #151

Not 100% certain _why_ this fixes it. I didn‚Äôt make any major changes
in width or spacing, but this checks out in all devices and in all
Litmus mobile previews."
TedGoas,2018-02-06 03:35:34,https://api.github.com/repos/TedGoas/Cerberus/git/commits/ccafdab10a5305b750c9788abcfe41c77f5755d2,ccafdab10a5305b750c9788abcfe41c77f5755d2,Updated release #
TedGoas,2018-02-06 03:21:50,https://api.github.com/repos/TedGoas/Cerberus/git/commits/c8d0b6a9e10089966933bb849b6cb0c0b9cb9dae,c8d0b6a9e10089966933bb849b6cb0c0b9cb9dae,"Fix right gutters in Gmail iOS+Android

Resolves #89 ‚Ä¶ again‚Ä¶"
TedGoas,2018-01-10 21:38:27,https://api.github.com/repos/TedGoas/Cerberus/git/commits/c9d21293a30b2d1c366b5b710680f30ef8cb19ee,c9d21293a30b2d1c366b5b710680f30ef8cb19ee,"Merge pull request #148 from gowestweb/patch-1

Typo in documentation"
gowestweb,2018-01-10 17:59:13,https://api.github.com/repos/TedGoas/Cerberus/git/commits/617884b033df04f987896b9e189299240f14b954,617884b033df04f987896b9e189299240f14b954,"Typo

Thanks for the excellent templates!"
TedGoas,2017-12-30 19:03:30,https://api.github.com/repos/TedGoas/Cerberus/git/commits/908a87bb63ef50bae4809f741d82ecafffc00dd9,908a87bb63ef50bae4809f741d82ecafffc00dd9,"Merge pull request #147 from fridde/patch-1

Just a quick comment fix"
fridde,2017-12-30 15:05:00,https://api.github.com/repos/TedGoas/Cerberus/git/commits/4dfa7744e730055be7cc6c661b0209aab032dc4a,4dfa7744e730055be7cc6c661b0209aab032dc4a,Just a quick comment fix
TedGoas,2017-12-24 18:18:38,https://api.github.com/repos/TedGoas/Cerberus/git/commits/6a87bf138dc25b2d849de0074e2a0e0d0c12d638,6a87bf138dc25b2d849de0074e2a0e0d0c12d638,"Remove copyright year in readme

Resolves #145"
TedGoas,2017-12-24 00:57:03,https://api.github.com/repos/TedGoas/Cerberus/git/commits/727c1f125901799c4f0863e5fa2cd838e915e8b5,727c1f125901799c4f0863e5fa2cd838e915e8b5,Bump up version #
TedGoas,2017-12-24 00:56:07,https://api.github.com/repos/TedGoas/Cerberus/git/commits/da74e781a29e359200fc6a6b461724e5916c3277,da74e781a29e359200fc6a6b461724e5916c3277,"Gmail padding fix

Resolves #140 (for now)"
TedGoas,2017-12-24 00:51:09,https://api.github.com/repos/TedGoas/Cerberus/git/commits/f7ace92e76daa90b3d4eb01345b41a74c04e35b2,f7ace92e76daa90b3d4eb01345b41a74c04e35b2,"Merge pull request #146 from SilverHazeLazers/patch-1

Update to fix issue #140"
SilverHazeLazers,2017-12-22 02:49:56,https://api.github.com/repos/TedGoas/Cerberus/git/commits/6ad15b0bbac5a272d54bdfe8f262e6cd1e25e269,6ad15b0bbac5a272d54bdfe8f262e6cd1e25e269,Update to fix issue #140
TedGoas,2017-12-19 01:04:23,https://api.github.com/repos/TedGoas/Cerberus/git/commits/1220af70b69185be5f9935c997d6c4dc43e161dd,1220af70b69185be5f9935c997d6c4dc43e161dd,"Update version to 3.0.0 in package file

taking shots in the dark on #143"
TedGoas,2017-11-18 20:02:06,https://api.github.com/repos/TedGoas/Cerberus/git/commits/61f044c7a6f23e3fc0975a1b49882b121283be2d,61f044c7a6f23e3fc0975a1b49882b121283be2d,Update resources sections in Docs
TedGoas,2017-11-18 19:55:18,https://api.github.com/repos/TedGoas/Cerberus/git/commits/02656d9b74d594dbe62d02c695e9db3d6aea0e32,02656d9b74d594dbe62d02c695e9db3d6aea0e32,"Clarify 'Resources' section in Docs

Resolves #141"
TedGoas,2017-11-10 18:53:41,https://api.github.com/repos/TedGoas/Cerberus/git/commits/b6dc2aa0b249b3d04d28f9f3843392bca22dc537,b6dc2aa0b249b3d04d28f9f3843392bca22dc537,"Forces Gmail app to display email full width

Fixes #137"
TedGoas,2017-11-09 20:23:25,https://api.github.com/repos/TedGoas/Cerberus/git/commits/f096f116755ff29284ea5d585f9d90b4b0c592ec,f096f116755ff29284ea5d585f9d90b4b0c592ec,"Converted all `line-height`s to %

Resolves #138 üíÉ"
TedGoas,2017-10-02 00:13:51,https://api.github.com/repos/TedGoas/Cerberus/git/commits/8c38499dbb94bc6aad0ce9af90afbcb00253d34d,8c38499dbb94bc6aad0ce9af90afbcb00253d34d,"package.json, initial commit

Resolves #133"
TedGoas,2017-09-15 21:23:45,https://api.github.com/repos/TedGoas/Cerberus/git/commits/506eec1da229fca1749154b89c3a080feab00d76,506eec1da229fca1749154b89c3a080feab00d76,"Clean up indentation, spacing in inline CSS, and comments

Fixes #130, among other things."
TedGoas,2017-09-15 18:43:05,https://api.github.com/repos/TedGoas/Cerberus/git/commits/32fe528345bf7eca6015426d679264e8474d361c,32fe528345bf7eca6015426d679264e8474d361c,"Move type decorations for .x-gmail-data-detectors from <body> to a local <table>

References this PR: https://github.com/TedGoas/Cerberus/pull/129"
TedGoas,2017-09-15 18:34:57,https://api.github.com/repos/TedGoas/Cerberus/git/commits/29c34aba12d745203adcc5589aa9aa1cfa0d6c5d,29c34aba12d745203adcc5589aa9aa1cfa0d6c5d,"Merge pull request #129 from dyspop/master

Fix data detectors text styles."
dyspop,2017-09-15 14:14:50,https://api.github.com/repos/TedGoas/Cerberus/git/commits/5519886dcb8cc24f4447c3651bdeb38a0450df64,5519886dcb8cc24f4447c3651bdeb38a0450df64,add changes from Ted
TedGoas,2017-08-30 18:30:25,https://api.github.com/repos/TedGoas/Cerberus/git/commits/da3cf665ae386f75b48587c33ece768e9eeb680c,da3cf665ae386f75b48587c33ece768e9eeb680c,"Better background images in Windows 10 and Outlook DPI

Outlook DPI isn‚Äôt perfect, but it better than before. Closing for now.
Resolves #122"
dyspop,2017-08-25 20:12:57,https://api.github.com/repos/TedGoas/Cerberus/git/commits/77d210e3e39adde3561e0ae805676eaef08d40de,77d210e3e39adde3561e0ae805676eaef08d40de,"Merge pull request #1 from dyspop/dyspop-patch-1

Update cerberus-hybrid.html"
dyspop,2017-08-22 19:09:44,https://api.github.com/repos/TedGoas/Cerberus/git/commits/a3c10a8797d4dfaa91669f39772eefb0c49b0a77,a3c10a8797d4dfaa91669f39772eefb0c49b0a77,"Update cerberus-hybrid.html

The data detectors overrides are inheriting browser base styles for the footer. This update adds sans-serif to the body so that the inherited font styles are sans-serif in browser contexts."
TedGoas,2017-08-19 18:15:08,https://api.github.com/repos/TedGoas/Cerberus/git/commits/83c4c5f0ea000bdf336d7e63b5e688fdd12bb2bd,83c4c5f0ea000bdf336d7e63b5e688fdd12bb2bd,"Combine duplicate class declarations in hero image

Resolves #127"
TedGoas,2017-08-15 18:26:33,https://api.github.com/repos/TedGoas/Cerberus/git/commits/6f3631e71c74e9139a4466eca9805f6e54301078,6f3631e71c74e9139a4466eca9805f6e54301078,"Included longer preheader text

After hearing how Siri and screenreader orally dictate an email on
#EoA11y chat, I‚Äôve updated the preheader text to explain the ways this
text can be displayed and interpreted‚Ä¶ using about 490 characters to to
do so.

Resolves #123"
TedGoas,2017-08-15 17:52:04,https://api.github.com/repos/TedGoas/Cerberus/git/commits/b49226d77f5bfd96bdf495d7edb3a2e875c2b0a8,b49226d77f5bfd96bdf495d7edb3a2e875c2b0a8,"Fixed hero not centering in Thunderbird

Fixes #126"
TedGoas,2017-08-11 11:44:19,https://api.github.com/repos/TedGoas/Cerberus/git/commits/a815fbf1d5eded31ef41b4f07a28456e3bebe538,a815fbf1d5eded31ef41b4f07a28456e3bebe538,"Merge pull request #125 from VLNTNA/master

Update copyright year in README.md and LICENSE"
VLNTNA,2017-08-11 10:44:22,https://api.github.com/repos/TedGoas/Cerberus/git/commits/0ad3732e5b10a2148f3c99c64618a7b2cad6adb0,0ad3732e5b10a2148f3c99c64618a7b2cad6adb0,Update copyright year in README.md and LICENSE
TedGoas,2017-06-23 20:37:23,https://api.github.com/repos/TedGoas/Cerberus/git/commits/39dd5ef4513a4c6455064832edf9cad87a95f892,39dd5ef4513a4c6455064832edf9cad87a95f892,"Remove  most instances of `aria-hidden=""true""`

The only real ‚Äòpresentational‚Äô thing in these templates is the spacer
row, so I added this attribute on that <td> and removed it every else.
fixes #117

I also formatted the tabs/spaces/line-breaks which makes this commit
look way bigger than it really is. Shoulda done that in the separate
commit ¬Ø\_(„ÉÑ)_/¬Ø."
TedGoas,2017-06-09 20:38:51,https://api.github.com/repos/TedGoas/Cerberus/git/commits/7e8a6f419015772979b431316b905f2979b84b43,7e8a6f419015772979b431316b905f2979b84b43,"Solidify code nullifying auto blue links on mobile

Resolves #116"
TedGoas,2017-06-03 22:42:06,https://api.github.com/repos/TedGoas/Cerberus/git/commits/14b8466840bdf1a9f32d8bc4145c03a1d3109724,14b8466840bdf1a9f32d8bc4145c03a1d3109724,"Documentation updates

Updated email clients, minor editing, and punctuation."
TedGoas,2017-06-03 16:23:53,https://api.github.com/repos/TedGoas/Cerberus/git/commits/a93609b8bd44b94cd07f3dcfb73e3fab3c349e16,a93609b8bd44b94cd07f3dcfb73e3fab3c349e16,"Added a Full Bleed Background Section

As requested in #97"
TedGoas,2017-05-26 11:31:16,https://api.github.com/repos/TedGoas/Cerberus/git/commits/a00f355deb83363e21e8bc7aee1d443cb32076ad,a00f355deb83363e21e8bc7aee1d443cb32076ad,"Merge pull request #114 from psychobunny/patch-1

spellcheck"
psychobunny,2017-05-26 02:03:42,https://api.github.com/repos/TedGoas/Cerberus/git/commits/f6be5acd907f8ea2dc235988e0770ae06ee7649e,f6be5acd907f8ea2dc235988e0770ae06ee7649e,"spellcheck

Hi! I'm from https://github.com/NodeBB/NodeBB and we're going to be looking into this to improve our email layouts.

If this flies, hopefully this won't be the first and only contribution from us. 

Thank you, very awesome job here Ted!"
TedGoas,2017-05-17 00:50:04,https://api.github.com/repos/TedGoas/Cerberus/git/commits/6f5a32220a3388016417e8b906e7e650dd1d919d,6f5a32220a3388016417e8b906e7e650dd1d919d,"Fixed Hybrid Columns in Outlook 120 DPI

Work towards #72.

ToDo: Fix background image width."
TedGoas,2017-04-27 21:12:50,https://api.github.com/repos/TedGoas/Cerberus/git/commits/8087165912394870898c139f8ffc8fc9d73b72d1,8087165912394870898c139f8ffc8fc9d73b72d1,"Adjust typography on small screens to improve readability, triggered by @media-query

Work towards #102"
TedGoas,2017-04-27 02:03:55,https://api.github.com/repos/TedGoas/Cerberus/git/commits/d8e1c242840082b3d84df00f7020ca3a6a48217b,d8e1c242840082b3d84df00f7020ca3a6a48217b,"Added <p> and <h2> tags

work towards #102"
TedGoas,2017-03-27 14:09:32,https://api.github.com/repos/TedGoas/Cerberus/git/commits/96f8179e30a881f111fb2adeb48f3b76f9b4550b,96f8179e30a881f111fb2adeb48f3b76f9b4550b,"Merge pull request #113 from tradziej/fix/comment-clarify

Fix comments and make them consistent"
tradziej,2017-03-27 12:24:59,https://api.github.com/repos/TedGoas/Cerberus/git/commits/1b615022b3260b86db04fc7cd2ff67d97b5b2c17,1b615022b3260b86db04fc7cd2ff67d97b5b2c17,Fix comments and make them consistent
TedGoas,2017-03-27 01:24:56,https://api.github.com/repos/TedGoas/Cerberus/git/commits/d11404962170a709f7eecc847a061f2775e2972d,d11404962170a709f7eecc847a061f2775e2972d,"Makes background images in 72ppi Outlook render at correct size.

Resolves #111"
TedGoas,2017-03-27 01:20:54,https://api.github.com/repos/TedGoas/Cerberus/git/commits/ea1255006791abf34b2e1b1d185645516901acc1,ea1255006791abf34b2e1b1d185645516901acc1,"Merge pull request #112 from johnhorner/fix-comment-typo

Fix comment typo"
TedGoas,2017-03-21 00:38:03,https://api.github.com/repos/TedGoas/Cerberus/git/commits/6a971394747ff8673cbfa990d66d9b158778daab,6a971394747ff8673cbfa990d66d9b158778daab,"Merge pull request #109 from kgeis/patch-1

clarify labeling comment on 1 column text: does not have a button"
kgeis,2017-03-20 19:47:24,https://api.github.com/repos/TedGoas/Cerberus/git/commits/0108f2cb962a272c516b8c327ddcc18bae3c51ea,0108f2cb962a272c516b8c327ddcc18bae3c51ea,"Update cerberus-hybrid.html

clarify labeling comment on 1 column text: does not have a button"
TedGoas,2017-03-09 03:48:18,https://api.github.com/repos/TedGoas/Cerberus/git/commits/6e3d13b99218ba3ced66c792ef54af913fb02b1c,6e3d13b99218ba3ced66c792ef54af913fb02b1c,"Updated Docs regarding client support

Mainly Gmail. Work towards #106"
TedGoas,2017-03-08 15:01:49,https://api.github.com/repos/TedGoas/Cerberus/git/commits/2fefbe4c506cf7cc487a01c6edbd96b57206fa42,2fefbe4c506cf7cc487a01c6edbd96b57206fa42,"Added reference to CSS Inliners in Docs

Work towards #106"
TedGoas,2017-03-07 05:02:40,https://api.github.com/repos/TedGoas/Cerberus/git/commits/239c977bc4ffdc16ba29e4a31cb5796b4687c636,239c977bc4ffdc16ba29e4a31cb5796b4687c636,"Add aria-hidden=""true"" to all images

resolves #105"
TedGoas,2017-03-06 01:03:22,https://api.github.com/repos/TedGoas/Cerberus/git/commits/8ed39162e0ca42af95184910cb21582211a2d631,8ed39162e0ca42af95184910cb21582211a2d631,"Clarifying top-level vs archived templates

Work towards bullet no. 2 in #106"
TedGoas,2017-03-02 00:54:36,https://api.github.com/repos/TedGoas/Cerberus/git/commits/4739394998e0c2eab95651cefcf13f7c07ccfcbd,4739394998e0c2eab95651cefcf13f7c07ccfcbd,"<html lang=""en"">

Resolves #104"
TedGoas,2017-03-01 01:13:02,https://api.github.com/repos/TedGoas/Cerberus/git/commits/8dd219eb8a210b426f79afa2320ee0f5ada9553d,8dd219eb8a210b426f79afa2320ee0f5ada9553d,"Add aria-hidden=""true"" to presentational tables

Resolves #101"
TedGoas,2017-02-10 12:47:30,https://api.github.com/repos/TedGoas/Cerberus/git/commits/f532094c244f5d52aa52d9b6a080147c9616fa05,f532094c244f5d52aa52d9b6a080147c9616fa05,"Merge pull request #96 from hoducha/master

Fix text align center issue in Yahoo Webmail"
hoducha,2017-02-09 04:38:21,https://api.github.com/repos/TedGoas/Cerberus/git/commits/9226420dd87bec3706906d6c7f0d90aeb5e2ee05,9226420dd87bec3706906d6c7f0d90aeb5e2ee05,Fix text align center issue in Yahoo Webmail
TedGoas,2017-02-08 22:06:16,https://api.github.com/repos/TedGoas/Cerberus/git/commits/48f6c50971437c4f9a360cb11413d348c838dc85,48f6c50971437c4f9a360cb11413d348c838dc85,"Prevent Gmail From Displaying An Image Download Button

Fixes #94‚Ä¶ I think. Gmail is inconsistent with when it decides to block
images or not, regardless of what option is selected in Gmail prefs."
TedGoas,2017-01-21 19:33:00,https://api.github.com/repos/TedGoas/Cerberus/git/commits/25402e07f2360fe987f0aab5cd45b601ffb5b6c5,25402e07f2360fe987f0aab5cd45b601ffb5b6c5,"removed mobile-link--footer rule

resolves #91"
TedGoas,2017-01-18 01:21:09,https://api.github.com/repos/TedGoas/Cerberus/git/commits/9d2d2a983c24849a586f818ee11dda147a2233cb,9d2d2a983c24849a586f818ee11dda147a2233cb,"Work-around for iOS and Gmail meddling in triggered links

resolves #90"
TedGoas,2016-12-29 22:02:08,https://api.github.com/repos/TedGoas/Cerberus/git/commits/2ac9d31047b028a29508f744b956bd2ce0a7b4fe,2ac9d31047b028a29508f744b956bd2ce0a7b4fe,"Temp fix for right-margin bug in iOS Gmail app

reference to #89"
TedGoas,2016-11-23 01:23:18,https://api.github.com/repos/TedGoas/Cerberus/git/commits/94a5d0056791e06d29775c051df089f943beb211,94a5d0056791e06d29775c051df089f943beb211,"`mso-line-height-rule` in body replaced inline very

Less code, less entropy. Resolves #87"
TedGoas,2016-11-20 16:45:08,https://api.github.com/repos/TedGoas/Cerberus/git/commits/b2a1073808de5a06ffe6b79d1561058738c86a80,b2a1073808de5a06ffe6b79d1561058738c86a80,"Web font documentation

Bump up line numbers of web fonts reference after adding the auto-scale
meta tag."
TedGoas,2016-11-19 21:23:54,https://api.github.com/repos/TedGoas/Cerberus/git/commits/a7beac3d50eaa5f03b0222eeca1b9a4af8edc2ce,a7beac3d50eaa5f03b0222eeca1b9a4af8edc2ce,"Update to HTML5 doctype

resolves #86"
TedGoas,2016-10-26 00:11:27,https://api.github.com/repos/TedGoas/Cerberus/git/commits/a34b7b74471a60bd1c0072f819bfbf25a72fcf2e,a34b7b74471a60bd1c0072f819bfbf25a72fcf2e,"buttonLink -> button-link

Match class name pattern"
TedGoas,2016-10-26 00:06:19,https://api.github.com/repos/TedGoas/Cerberus/git/commits/30887de498e0851d0602a54e2d3a1992a425a472,30887de498e0851d0602a54e2d3a1992a425a472,"Merge pull request #85 from longjasonm/windows10underlinefix

Windows 10 Underline Fix for Buttons"
TedGoas,2016-10-20 01:40:01,https://api.github.com/repos/TedGoas/Cerberus/git/commits/e1d38ba85f1136e1dd15d4ee7dfeedefeafcb153,e1d38ba85f1136e1dd15d4ee7dfeedefeafcb153,"CampaignMonitor image height compatibility

Fixes #80"
TedGoas,2016-10-01 13:26:36,https://api.github.com/repos/TedGoas/Cerberus/git/commits/7dc922ccc77a72f82e0f645a6ba6187b884f597f,7dc922ccc77a72f82e0f645a6ba6187b884f597f,"Remove Curly Quotes

Resolves #79"
TedGoas,2016-09-29 01:00:13,https://api.github.com/repos/TedGoas/Cerberus/git/commits/c9b09bd96ff911ea796c54f0d645fbb686213ef2,c9b09bd96ff911ea796c54f0d645fbb686213ef2,"Resolves #78

Using http://htmlpreview.github.io/"
TedGoas,2016-09-28 22:41:16,https://api.github.com/repos/TedGoas/Cerberus/git/commits/eb9a87efc0e3b10b0009ff8f1cfa7b52af8cfa22,eb9a87efc0e3b10b0009ff8f1cfa7b52af8cfa22,"Clean up fluid-centered redundancy

work towards #77"
TedGoas,2016-09-28 22:34:57,https://api.github.com/repos/TedGoas/Cerberus/git/commits/cf53f5b3afa21f6ef0652cacda62ba936f2cbe92,cf53f5b3afa21f6ef0652cacda62ba936f2cbe92,"Fixed Demo Links on Docs Page

Resolves #78"
TedGoas,2016-09-24 03:11:29,https://api.github.com/repos/TedGoas/Cerberus/git/commits/3043183976a63f1f46c329a20c306284212784f0,3043183976a63f1f46c329a20c306284212784f0,"Merge pull request #76 from individual-it/patch-1

fix typos"
individual-it,2016-09-22 15:22:52,https://api.github.com/repos/TedGoas/Cerberus/git/commits/e2dc0cf33a4abc806713e32814dc71f6d9a061c9,e2dc0cf33a4abc806713e32814dc71f6d9a061c9,fix typos
TedGoas,2016-09-15 20:02:51,https://api.github.com/repos/TedGoas/Cerberus/git/commits/d1b5f0ba6ea19d088b9f608da5ce4f55baa225da,d1b5f0ba6ea19d088b9f608da5ce4f55baa225da,"Disabled auto-scale in iOS 10 Mail

Resolves #74"
TedGoas,2016-09-15 20:01:02,https://api.github.com/repos/TedGoas/Cerberus/git/commits/beec0b0b54a83472025e79f80f8ac369d2bedefc,beec0b0b54a83472025e79f80f8ac369d2bedefc,"Removed fixed height attribute on images in Fluid Templates

Resolves #75"
TedGoas,2016-09-13 00:14:18,https://api.github.com/repos/TedGoas/Cerberus/git/commits/d6d70c6a89e57c76da281058d292c285b377027d,d6d70c6a89e57c76da281058d292c285b377027d,"/docs folder

initial commit towards #73"
TedGoas,2016-09-02 01:36:57,https://api.github.com/repos/TedGoas/Cerberus/git/commits/95ab4cfa9d5daa4e0b749520ffa4f878d2a12b95,95ab4cfa9d5daa4e0b749520ffa4f878d2a12b95,"Stylized ALT Text and accessibility upgrades

- stylized ALT attributes (for images-off view)
- all images now have height attributes
- filled in images with missing alt attributes

Resolves #67"
TedGoas,2016-09-01 00:53:34,https://api.github.com/repos/TedGoas/Cerberus/git/commits/8a743a224f6e0b2b59d01b42cb3a149cc26532f2,8a743a224f6e0b2b59d01b42cb3a149cc26532f2,"Updated Resources in Docs

Giving credit where credit‚Äôs due."
TedGoas,2016-08-31 21:11:50,https://api.github.com/repos/TedGoas/Cerberus/git/commits/6fc09efe053fc833e2a464d9d36239ec1196e727,6fc09efe053fc833e2a464d9d36239ec1196e727,"Add <table role=""presentation"">

Resolves #71 once and for all!"
TedGoas,2016-08-07 20:08:28,https://api.github.com/repos/TedGoas/Cerberus/git/commits/b67c31ed6f75ab7ccd8d557849afb13094da771a,b67c31ed6f75ab7ccd8d557849afb13094da771a,"<table role=""presentation"">

Added <table role=""presentation""> to all top-level tables. Resolves #71."
TedGoas,2016-08-07 20:05:53,https://api.github.com/repos/TedGoas/Cerberus/git/commits/8d4e5485c6ebd64aa486c54359be983339a8ef31,8d4e5485c6ebd64aa486c54359be983339a8ef31,"Clean up style tags

convert <style type=""text/css""> into <style>"
TedGoas,2016-07-26 00:39:46,https://api.github.com/repos/TedGoas/Cerberus/git/commits/01b50a253b97d79ad269a8216795b14cd6dfbf08,01b50a253b97d79ad269a8216795b14cd6dfbf08,"Created a Vertical Spacer

+ Cleaned up background colors on table‚Äôs vs. td‚Äôs
‚Äî
Resolves #70"
TedGoas,2016-07-21 01:06:13,https://api.github.com/repos/TedGoas/Cerberus/git/commits/290e59f48f918eda0097c9edb0dbe870a6ee8d7f,290e59f48f918eda0097c9edb0dbe870a6ee8d7f,"Clarify inconsistent template widths

Resolves #66"
TedGoas,2016-07-14 01:49:18,https://api.github.com/repos/TedGoas/Cerberus/git/commits/5c3e50bd57e42c798b10a8b77697c671b2c72d8b,5c3e50bd57e42c798b10a8b77697c671b2c72d8b,"Removed the capital-M Margin hack

Fixes #64"
TedGoas,2016-07-14 01:43:44,https://api.github.com/repos/TedGoas/Cerberus/git/commits/7bd1bfcaa185b19b42665a45f237aa0c7275fa0e,7bd1bfcaa185b19b42665a45f237aa0c7275fa0e,"Matched all <!--[if mso]> opening and closing tags

Fixes #63"
TedGoas,2016-07-14 01:28:08,https://api.github.com/repos/TedGoas/Cerberus/git/commits/c3ff16c3f377423e83f9aab1aa56d6c189739851,c3ff16c3f377423e83f9aab1aa56d6c189739851,"Clarify Contributing Guidelines

Added detail for those interested in contributing."
TedGoas,2016-07-04 13:44:46,https://api.github.com/repos/TedGoas/Cerberus/git/commits/94727b9f458160faee0178899edbc48f45a22339,94727b9f458160faee0178899edbc48f45a22339,"Fixes #58

random table needs all reset attributes."
TedGoas,2016-06-24 17:17:58,https://api.github.com/repos/TedGoas/Cerberus/git/commits/f90891802d273f7c73bdae836d5ed34670048044,f90891802d273f7c73bdae836d5ed34670048044,"Removed .yshortcuts css reset

It‚Äôs deprecated. Resolves #57."
TedGoas,2016-06-23 11:59:39,https://api.github.com/repos/TedGoas/Cerberus/git/commits/ad5ec5b2b0d1537617defa277670349b2900696c,ad5ec5b2b0d1537617defa277670349b2900696c,Added Credits & Resources
TedGoas,2016-06-17 03:05:27,https://api.github.com/repos/TedGoas/Cerberus/git/commits/9a0ceab8b95405c841959b6e98677a25d3f821be,9a0ceab8b95405c841959b6e98677a25d3f821be,"Fixes Outlook 2007/2010 ""23.7 Inch"" Bug

Fixes #55 by removing the wrapping table and placing the background
color in the center tag. Less code yay!"
TedGoas,2016-06-17 00:56:29,https://api.github.com/repos/TedGoas/Cerberus/git/commits/454da7ce0d429a807de80bd6247517e3eb813b43,454da7ce0d429a807de80bd6247517e3eb813b43,"Fixed Comment Typo

Resolves #56"
TedGoas,2016-05-23 21:07:33,https://api.github.com/repos/TedGoas/Cerberus/git/commits/0c3ea42cc3119df339c588012f1f1918e73d68ce,0c3ea42cc3119df339c588012f1f1918e73d68ce,"Hybrid email width copy/paste error

Fixes #52"
TedGoas,2016-05-23 00:51:02,https://api.github.com/repos/TedGoas/Cerberus/git/commits/54c87b7dfd48aea9c149ce0d59e33275170f0d45,54c87b7dfd48aea9c149ce0d59e33275170f0d45,"Fixed centering issue in Yahoo! webmail

Resolves #51"
TedGoas,2016-05-15 15:09:22,https://api.github.com/repos/TedGoas/Cerberus/git/commits/fe712a2e8c2118b37457f5924a494f8c74020af6,fe712a2e8c2118b37457f5924a494f8c74020af6,"Remove extra MSO code

Resolves #50"
TedGoas,2016-05-10 01:43:42,https://api.github.com/repos/TedGoas/Cerberus/git/commits/b3c8579665cb41c1dcddffa082a092cda735b038,b3c8579665cb41c1dcddffa082a092cda735b038,"Code Comments on Hybrid

Work towards #33"
TedGoas,2016-04-21 16:47:44,https://api.github.com/repos/TedGoas/Cerberus/git/commits/9677bdce9fcf12465a7d0d6337c2e9de05eea21d,9677bdce9fcf12465a7d0d6337c2e9de05eea21d,"Resolves #48

Updated CSS reset for `html` and `body`"
TedGoas,2016-04-18 15:01:32,https://api.github.com/repos/TedGoas/Cerberus/git/commits/7064ea6f0502de662401fe126dceb0b46e4b97f0,7064ea6f0502de662401fe126dceb0b46e4b97f0,"Margin bug in samsung s6/s6 email app

Resolves #48"
TedGoas,2016-04-18 01:03:39,https://api.github.com/repos/TedGoas/Cerberus/git/commits/c52a8bc726eb109112323a4b66e5d3ffecc27e55,c52a8bc726eb109112323a4b66e5d3ffecc27e55,"Work towards #49

Hopefully fixes button padding issue in Windows Outlook 2016.

***
Need verification in live copy of this client."
TedGoas,2016-03-10 01:32:34,https://api.github.com/repos/TedGoas/Cerberus/git/commits/a8a601a835e0e4e1e6e1d36219f52e8893736d78,a8a601a835e0e4e1e6e1d36219f52e8893736d78,"Remove 2-column hybrid columns from Fluid Template

Fixes #45"
TedGoas,2016-03-05 01:45:51,https://api.github.com/repos/TedGoas/Cerberus/git/commits/db1986583c216e6908d0b725b41edcf7dcbfacc4,db1986583c216e6908d0b725b41edcf7dcbfacc4,"Code Comments

Work towards #34
- Fluid and Responsive are better commented.
- Hybrid has more comments too, though I‚Äôm not yet sure how to comment
multi-column layouts amidst the MSO code."
TedGoas,2016-02-25 01:15:24,https://api.github.com/repos/TedGoas/Cerberus/git/commits/14f6e33b55af1e661064a5cf2bad0d1fd4dc9e30,14f6e33b55af1e661064a5cf2bad0d1fd4dc9e30,"For The Badge

Added two badges.
Resolves #44"
TedGoas,2016-02-18 01:02:27,https://api.github.com/repos/TedGoas/Cerberus/git/commits/1f7e7567a965430799408a2ad3586a3df3f923a1,1f7e7567a965430799408a2ad3586a3df3f923a1,Merge branch 'gh-pages'
TedGoas,2016-02-18 01:02:09,https://api.github.com/repos/TedGoas/Cerberus/git/commits/70c88fb76968877e805ffb4884262a30a7056a82,70c88fb76968877e805ffb4884262a30a7056a82,"Initial Commit

Resolves #22
I think, I hope."
TedGoas,2016-02-18 00:46:51,https://api.github.com/repos/TedGoas/Cerberus/git/commits/9cec5124dbaaec9ee5fe0410cfc56b9c484dc77f,9cec5124dbaaec9ee5fe0410cfc56b9c484dc77f,Merge branch 'master' into gh-pages
TedGoas,2016-02-18 00:46:36,https://api.github.com/repos/TedGoas/Cerberus/git/commits/6e7ae3ad1e1aebbbf0a0d1ef04f0e705eb93bd81,6e7ae3ad1e1aebbbf0a0d1ef04f0e705eb93bd81,"Sayonara Outlook.com reset CSS

Resolves #43"
TedGoas,2016-01-21 00:49:37,https://api.github.com/repos/TedGoas/Cerberus/git/commits/166c4a8ace2618771addab573fe6031805ec2a81,166c4a8ace2618771addab573fe6031805ec2a81,Merge branch 'master' into gh-pages
TedGoas,2016-01-21 00:47:10,https://api.github.com/repos/TedGoas/Cerberus/git/commits/c6a3ff3e4588b1c1e28fd7cc0e691c17196bd750,c6a3ff3e4588b1c1e28fd7cc0e691c17196bd750,Merge branch 'master' into gh-pages
TedGoas,2016-01-21 00:46:21,https://api.github.com/repos/TedGoas/Cerberus/git/commits/05637bfc12995b445b4f863f8f2f6358b699cb75,05637bfc12995b445b4f863f8f2f6358b699cb75,"Merge pull request #39 from hiloki/master

fix typo"
hiloki,2016-01-20 06:15:45,https://api.github.com/repos/TedGoas/Cerberus/git/commits/9b14f22cfc7527357c14a945feb3adc169149aef,9b14f22cfc7527357c14a945feb3adc169149aef,fix typo
TedGoas,2016-01-14 00:57:11,https://api.github.com/repos/TedGoas/Cerberus/git/commits/c6f246e9d9d2839c5757fce3c0a1e7fe92ce7b24,c6f246e9d9d2839c5757fce3c0a1e7fe92ce7b24,Merge branch 'gh-pages'
TedGoas,2016-01-14 00:56:49,https://api.github.com/repos/TedGoas/Cerberus/git/commits/e9e0d3d2faa786de57fb5749742f3f1696842a7d,e9e0d3d2faa786de57fb5749742f3f1696842a7d,"Update Contents section of readme

Resolves #38"
TedGoas,2016-01-12 01:20:44,https://api.github.com/repos/TedGoas/Cerberus/git/commits/a16b4057624b4a7c22461576d396dcd6f25965f2,a16b4057624b4a7c22461576d396dcd6f25965f2,Merge branch 'master' into gh-pages
TedGoas,2016-01-12 01:20:35,https://api.github.com/repos/TedGoas/Cerberus/git/commits/afe11809024595ed76791ec805612662ab19cd1e,afe11809024595ed76791ec805612662ab19cd1e,Resolves #37
TedGoas,2016-01-06 18:42:02,https://api.github.com/repos/TedGoas/Cerberus/git/commits/686b129c7e8fa51e3e7520b597180a988ba6dec5,686b129c7e8fa51e3e7520b597180a988ba6dec5,Merge branch 'gh-pages'
TedGoas,2016-01-06 18:41:51,https://api.github.com/repos/TedGoas/Cerberus/git/commits/84385f454629d3ecf85e0006c2bdf6a4e3f4669e,84385f454629d3ecf85e0006c2bdf6a4e3f4669e,"Resolves #35

Also removed height:auto;"
TedGoas,2016-01-04 21:24:40,https://api.github.com/repos/TedGoas/Cerberus/git/commits/2fa35a2c1bf1c40a41bbd4a000001b0a451e55fa,2fa35a2c1bf1c40a41bbd4a000001b0a451e55fa,Merge branch 'master' into gh-pages
TedGoas,2016-01-04 21:24:32,https://api.github.com/repos/TedGoas/Cerberus/git/commits/af0b114af51a31466033504188d9f27e5c1ad152,af0b114af51a31466033504188d9f27e5c1ad152,"Resolves #29

Add @font-face support"
TedGoas,2016-01-04 20:15:10,https://api.github.com/repos/TedGoas/Cerberus/git/commits/88f1277b01740d0f99bde4b7435f66627a0db59e,88f1277b01740d0f99bde4b7435f66627a0db59e,Merge branch 'master' into gh-pages
TedGoas,2016-01-04 20:14:56,https://api.github.com/repos/TedGoas/Cerberus/git/commits/1ab87064d4d81b2f4f825601ff8d747b52652eb0,1ab87064d4d81b2f4f825601ff8d747b52652eb0,"Resolves #34

Set pixel-based max-width suitable for the block contents

‚Äî

+ Cleaned up tab spacing on all three templates"
TedGoas,2015-12-17 02:10:27,https://api.github.com/repos/TedGoas/Cerberus/git/commits/b3ee72e1edac22d2f516c62187adec66c047bb34,b3ee72e1edac22d2f516c62187adec66c047bb34,Merge branch 'master' into gh-pages
TedGoas,2015-12-17 02:10:13,https://api.github.com/repos/TedGoas/Cerberus/git/commits/e36da7dcfe957804d1a80e8a06bf86850891e6f8,e36da7dcfe957804d1a80e8a06bf86850891e6f8,"Resolves #28

Added CSS for .mobile-link--footer"
TedGoas,2015-12-04 00:04:05,https://api.github.com/repos/TedGoas/Cerberus/git/commits/a32abbfe9871300caeb57d2ba097f383c25dc6d2,a32abbfe9871300caeb57d2ba097f383c25dc6d2,Merge branch 'master' into gh-pages
TedGoas,2015-12-04 00:03:49,https://api.github.com/repos/TedGoas/Cerberus/git/commits/df81993ffa1c57a790195a28173336f2b806bfda,df81993ffa1c57a790195a28173336f2b806bfda,"Resolves #30

Added Google Analytics"
TedGoas,2015-12-01 00:59:04,https://api.github.com/repos/TedGoas/Cerberus/git/commits/256cbdcb1801a2feb5b19881e54c0ab9519937a7,256cbdcb1801a2feb5b19881e54c0ab9519937a7,Merge branch 'master' into gh-pages
TedGoas,2015-12-01 00:58:19,https://api.github.com/repos/TedGoas/Cerberus/git/commits/bae40e567ed33e0bae64fe4d40ae5dbee2f5ed26,bae40e567ed33e0bae64fe4d40ae5dbee2f5ed26,"Resolves #27

Added `valign=top` so short emails will align top."
TedGoas,2015-12-01 00:55:47,https://api.github.com/repos/TedGoas/Cerberus/git/commits/f4d09eaf0ecbe7cbf2a4b90428e93208c5c7733f,f4d09eaf0ecbe7cbf2a4b90428e93208c5c7733f,"Removed extra class in #26

`class=""full-width-image‚Äù` was in the HTML without any corresponding
CSS."
TedGoas,2015-11-27 18:29:41,https://api.github.com/repos/TedGoas/Cerberus/git/commits/2a4fea004731170f4588bda8256361f52bd08a2d,2a4fea004731170f4588bda8256361f52bd08a2d,Merge branch 'master' into gh-pages
TedGoas,2015-11-27 18:29:21,https://api.github.com/repos/TedGoas/Cerberus/git/commits/6168add148931a1e7e5a491846f5d0911b9c28e9,6168add148931a1e7e5a491846f5d0911b9c28e9,"Resolves #23

capitalise Margin everywhere where Outlook.com would need it."
TedGoas,2015-11-13 01:40:59,https://api.github.com/repos/TedGoas/Cerberus/git/commits/f55fc25b15d08735f150b5fd11a1b24896080bf6,f55fc25b15d08735f150b5fd11a1b24896080bf6," Manual Merge

Try #2"
TedGoas,2015-11-13 01:38:54,https://api.github.com/repos/TedGoas/Cerberus/git/commits/42a54373857159f010e81da11319b346cb173d61,42a54373857159f010e81da11319b346cb173d61,Merge branch 'master' into gh-pages
TedGoas,2015-11-13 01:38:50,https://api.github.com/repos/TedGoas/Cerberus/git/commits/7665987a3a0d0bc353d9057dec7d17c2d3febb24,7665987a3a0d0bc353d9057dec7d17c2d3febb24,"Manual Merge

from Master"
TedGoas,2015-11-13 01:36:05,https://api.github.com/repos/TedGoas/Cerberus/git/commits/490fd0a674c4bc8f26bf96854a640b0189ea949a,490fd0a674c4bc8f26bf96854a640b0189ea949a,"Updated Template Paths

To match the new file names and locations"
TedGoas,2015-11-13 01:33:49,https://api.github.com/repos/TedGoas/Cerberus/git/commits/302092e5e78fb4df08afddfc362174ce9650b0e1,302092e5e78fb4df08afddfc362174ce9650b0e1,"Cerberus 3

initial commit"
TedGoas,2015-10-14 21:40:30,https://api.github.com/repos/TedGoas/Cerberus/git/commits/c633b4f797c898d13a29884c0327c5a64e697638,c633b4f797c898d13a29884c0327c5a64e697638,"Merge pull request #25 from forsbergplustwo/patch-2

Removing duplicate CSS declaration for data-table-th"
forsbergplustwo,2015-10-09 10:01:51,https://api.github.com/repos/TedGoas/Cerberus/git/commits/b7626b80749e7b8a1c8e5ff7a3fe554dc0e1fa23,b7626b80749e7b8a1c8e5ff7a3fe554dc0e1fa23,"Removing duplicate CSS declaration for data-table-th

Hey, love the simplicity of these templates of yours! 

Just noticed a little duplicate css declaration in the media styles, so this pull request simply removes that."
TedGoas,2015-08-23 17:41:40,https://api.github.com/repos/TedGoas/Cerberus/git/commits/2334beed563c7c57669c5919add8d986be23e677,2334beed563c7c57669c5919add8d986be23e677,Merge branch 'master' into gh-pages
TedGoas,2015-08-23 17:41:13,https://api.github.com/repos/TedGoas/Cerberus/git/commits/d94c2409ea685d6f04503f608a19e4f2520d3e4e,d94c2409ea685d6f04503f608a19e4f2520d3e4e,"Work on #24

RTL in media query breaks line breaks."
TedGoas,2015-05-30 14:01:29,https://api.github.com/repos/TedGoas/Cerberus/git/commits/46d9973ee8144e381354aaeb9e345ef62cfe41ab,46d9973ee8144e381354aaeb9e345ef62cfe41ab,Merge branch 'master' into gh-pages
TedGoas,2015-05-30 14:01:06,https://api.github.com/repos/TedGoas/Cerberus/git/commits/6568d5fc8ec682f426d8fb7b62370c42655abcaf,6568d5fc8ec682f426d8fb7b62370c42655abcaf,"Resolves #21

Fixes ‚Äòline-height:0` bug on Outlook while maintaining a flat
line-height"
TedGoas,2015-05-01 02:29:00,https://api.github.com/repos/TedGoas/Cerberus/git/commits/5ef0c8b69b0a2d3c4c56c6fa1ba422e0d531c629,5ef0c8b69b0a2d3c4c56c6fa1ba422e0d531c629,Merge branch 'master' into gh-pages
TedGoas,2015-05-01 02:28:43,https://api.github.com/repos/TedGoas/Cerberus/git/commits/c47f04533902cfeb7cbf7051a0437a7b3d26926a,c47f04533902cfeb7cbf7051a0437a7b3d26926a,"More Bulletproof CSS for preheader text

reference:
https://litmus.com/blog/the-ultimate-guide-to-preview-text-support"
TedGoas,2015-04-19 19:22:41,https://api.github.com/repos/TedGoas/Cerberus/git/commits/0a6952ae072fbd5163fa03784dba564802d85bfb,0a6952ae072fbd5163fa03784dba564802d85bfb,Merge branch 'master' into gh-pages
TedGoas,2015-04-19 19:22:26,https://api.github.com/repos/TedGoas/Cerberus/git/commits/5862187d95fb0fd2ff1db2e15d1c35c20d640d4d,5862187d95fb0fd2ff1db2e15d1c35c20d640d4d,"Fixes Issue #20

Relinked blog post and old template in docs."
TedGoas,2015-04-19 19:19:48,https://api.github.com/repos/TedGoas/Cerberus/git/commits/8c3ea33c5dd6ab20edc70e74791898acaa2b9479,8c3ea33c5dd6ab20edc70e74791898acaa2b9479,Merge branch 'gh-pages'
TedGoas,2015-04-19 19:19:36,https://api.github.com/repos/TedGoas/Cerberus/git/commits/31751688b6337ff4eb6b45f1c271089cd938e7ca,31751688b6337ff4eb6b45f1c271089cd938e7ca,"Fixes Issue #19

Fortify media query syntax"
TedGoas,2015-04-16 23:32:58,https://api.github.com/repos/TedGoas/Cerberus/git/commits/dbd0318b2864b5cd9de80af217a88ebc38114e33,dbd0318b2864b5cd9de80af217a88ebc38114e33,Merge branch 'master' into gh-pages
TedGoas,2015-04-16 23:32:42,https://api.github.com/repos/TedGoas/Cerberus/git/commits/7fdcd30ed640bf6c00a7b6cd6b82e37e4ea0c4b9,7fdcd30ed640bf6c00a7b6cd6b82e37e4ea0c4b9,Add logo to readme
TedGoas,2015-04-16 23:29:24,https://api.github.com/repos/TedGoas/Cerberus/git/commits/88103f13ad71721c91e5d78749bc96419e910d08,88103f13ad71721c91e5d78749bc96419e910d08,Merge branch 'master' into gh-pages
TedGoas,2015-04-16 23:28:59,https://api.github.com/repos/TedGoas/Cerberus/git/commits/7a1b6613dd397c297b99676f684f5b01afb20987,7a1b6613dd397c297b99676f684f5b01afb20987,"Updated Readme

Resolves issue #15"
TedGoas,2015-04-14 23:53:28,https://api.github.com/repos/TedGoas/Cerberus/git/commits/e382a292bab0df38209be26b201c0dad690481b2,e382a292bab0df38209be26b201c0dad690481b2,Merge branch 'master' into gh-pages
TedGoas,2015-04-14 23:53:01,https://api.github.com/repos/TedGoas/Cerberus/git/commits/2acb5189575ad6d3024be35cb4d1230146f95539,2acb5189575ad6d3024be35cb4d1230146f95539,"Fixed Docs JS

Crossed the streams in previous merge, this fixes it."
TedGoas,2015-04-11 21:05:37,https://api.github.com/repos/TedGoas/Cerberus/git/commits/bd79b5659c0b7ac9752cf7638bdb69c155e5795f,bd79b5659c0b7ac9752cf7638bdb69c155e5795f,Merge branch 'master' into gh-pages
TedGoas,2015-04-11 21:05:20,https://api.github.com/repos/TedGoas/Cerberus/git/commits/7eba2bde1dd1a158a761a04db6d636e4baabc2b8,7eba2bde1dd1a158a761a04db6d636e4baabc2b8,"Resolves #18, Added Litmus tests"
TedGoas,2015-04-10 00:28:02,https://api.github.com/repos/TedGoas/Cerberus/git/commits/2f9a06a4e09533be34278af6449cbf72cb50263b,2f9a06a4e09533be34278af6449cbf72cb50263b,Merge branch 'master' into gh-pages
TedGoas,2015-04-10 00:27:45,https://api.github.com/repos/TedGoas/Cerberus/git/commits/b1a04da0ae04be59711a3aa3e529e678c272afd4,b1a04da0ae04be59711a3aa3e529e678c272afd4,"Fixes Issue #17

Fixed Yahoo! centering and removed some unnecessary code for Yahoo!"
TedGoas,2015-02-24 18:28:56,https://api.github.com/repos/TedGoas/Cerberus/git/commits/e8561bb60374e35066dab66bb20974fc5bafd3d8,e8561bb60374e35066dab66bb20974fc5bafd3d8,Merge branch 'master' into gh-pages
TedGoas,2015-02-24 18:28:42,https://api.github.com/repos/TedGoas/Cerberus/git/commits/4607bcc8c167d1628848d7838edec3b34b097597,4607bcc8c167d1628848d7838edec3b34b097597,Fixes Issue #14
TedGoas,2015-02-24 01:09:45,https://api.github.com/repos/TedGoas/Cerberus/git/commits/9d4b3a9535e9be35c898723598cd47e8f89b3b0d,9d4b3a9535e9be35c898723598cd47e8f89b3b0d,Merge branch 'master' into gh-pages
TedGoas,2015-02-24 01:09:28,https://api.github.com/repos/TedGoas/Cerberus/git/commits/4879a5848bb8c8671ec1f43f5f4e38d442d996ed,4879a5848bb8c8671ec1f43f5f4e38d442d996ed,"Improved Navigation for Docs

Sticky Nav + Smooth Scrolling for docs page"
TedGoas,2015-02-16 22:28:56,https://api.github.com/repos/TedGoas/Cerberus/git/commits/af9eba25c47061c456b00b940c509a038ba5df2f,af9eba25c47061c456b00b940c509a038ba5df2f,Merge branch 'master' into gh-pages
TedGoas,2015-02-16 22:28:29,https://api.github.com/repos/TedGoas/Cerberus/git/commits/98b48acd0a4fcd0d96f9545dd7ec8f14afbc85a0,98b48acd0a4fcd0d96f9545dd7ec8f14afbc85a0,Added Archived V1
TedGoas,2015-02-12 00:47:35,https://api.github.com/repos/TedGoas/Cerberus/git/commits/b6d8a9787d257fd7d4bdd7ceda0a00ecfc8c0369,b6d8a9787d257fd7d4bdd7ceda0a00ecfc8c0369,"Header text should reflect use of media queries

Resolves #10"
TedGoas,2015-02-12 00:46:38,https://api.github.com/repos/TedGoas/Cerberus/git/commits/e29a42f25f853a49a16b0ba9c40764b22e159080,e29a42f25f853a49a16b0ba9c40764b22e159080,"Header text should reflect use of media queries

Resolves #10"
TedGoas,2015-02-12 00:42:52,https://api.github.com/repos/TedGoas/Cerberus/git/commits/fdff6d8c9e8070386870d893d290b48c0ec5a00e,fdff6d8c9e8070386870d893d290b48c0ec5a00e,Merge branch 'master' into gh-pages
TedGoas,2015-02-12 00:42:31,https://api.github.com/repos/TedGoas/Cerberus/git/commits/c2b2dcd4b243a4578756a254f628479290ae8996,c2b2dcd4b243a4578756a254f628479290ae8996,"Stack Logo and Byline on Mobile

Resolves #13"
TedGoas,2015-02-12 00:39:34,https://api.github.com/repos/TedGoas/Cerberus/git/commits/884b0c692bdcc5032cf35b172c021380ea78d62e,884b0c692bdcc5032cf35b172c021380ea78d62e,Merge branch 'master' into gh-pages
TedGoas,2015-02-12 00:39:08,https://api.github.com/repos/TedGoas/Cerberus/git/commits/a5c70356ccff337efa9cc5787a63d559138c9140,a5c70356ccff337efa9cc5787a63d559138c9140,"Fix extra spacing around hero image

Resolves #12"
TedGoas,2015-02-04 02:57:35,https://api.github.com/repos/TedGoas/Cerberus/git/commits/0a8e90d8abb2383f05729cb8b954778f91dfc01b,0a8e90d8abb2383f05729cb8b954778f91dfc01b,Merge branch 'master' into gh-pages
TedGoas,2015-02-04 02:57:19,https://api.github.com/repos/TedGoas/Cerberus/git/commits/13a5ee084d221a9ac43066567e597d38a56577d7,13a5ee084d221a9ac43066567e597d38a56577d7,"Update Browser Support

+ Thunderbird
+ Yahoo iOS
- Mailbox (shakes fist in air)"
TedGoas,2015-02-03 02:30:39,https://api.github.com/repos/TedGoas/Cerberus/git/commits/86d44daa5321decbb22f131c37cc7ce349ca2789,86d44daa5321decbb22f131c37cc7ce349ca2789,Merge branch 'master' into gh-pages
TedGoas,2015-02-03 02:29:56,https://api.github.com/repos/TedGoas/Cerberus/git/commits/c5d9919d59febe27791e7b13de26b4ab69b36c10,c5d9919d59febe27791e7b13de26b4ab69b36c10,Merge branch 'gh-pages'
TedGoas,2015-02-03 02:29:40,https://api.github.com/repos/TedGoas/Cerberus/git/commits/5463b6a08188d61f4243c8257f01387088fb6d15,5463b6a08188d61f4243c8257f01387088fb6d15,Jekyll docs page is responsive
TedGoas,2015-02-01 20:14:31,https://api.github.com/repos/TedGoas/Cerberus/git/commits/f1cf77581c2303c2807fbb7c302ff58461526d2f,f1cf77581c2303c2807fbb7c302ff58461526d2f,Merge branch 'master' into gh-pages
TedGoas,2015-02-01 20:13:58,https://api.github.com/repos/TedGoas/Cerberus/git/commits/3a1d3f01a5ba6e4663b61f5e29de4669796b02a3,3a1d3f01a5ba6e4663b61f5e29de4669796b02a3,"Outlook/Mailbox improvements

- Removed `table table table` rule (conflicts with Mailbox)
- CSS comments"
TedGoas,2015-02-01 20:12:28,https://api.github.com/repos/TedGoas/Cerberus/git/commits/66a727209246537d0eabcbf5b6ad87407416222a,66a727209246537d0eabcbf5b6ad87407416222a,"Outlook/Mailbox improvements

- Removed unused MSO wrapping styles and converted .email-container‚Äôs
max-width to width
- Removed `table table table` rule (conflicts with Mailbox)
- CSS comments"
TedGoas,2015-02-01 16:42:19,https://api.github.com/repos/TedGoas/Cerberus/git/commits/3fb3437e2584eaf22cfe5401fe917b30858d0eca,3fb3437e2584eaf22cfe5401fe917b30858d0eca,Merge branch 'gh-pages'
TedGoas,2015-02-01 16:38:42,https://api.github.com/repos/TedGoas/Cerberus/git/commits/570e5bb39f81e5521aea676657059cd7d678cd61,570e5bb39f81e5521aea676657059cd7d678cd61,"Remove Mailbox Support

Removed reference to Mailbox support until the multiple column bug is
fixed."
TedGoas,2015-01-26 21:40:57,https://api.github.com/repos/TedGoas/Cerberus/git/commits/0a9d5782a8e1e10fd3712e838523b4c55e19d339,0a9d5782a8e1e10fd3712e838523b4c55e19d339,Merge branch 'master' into gh-pages
TedGoas,2015-01-26 21:40:30,https://api.github.com/repos/TedGoas/Cerberus/git/commits/45b5421a35e1c68965bcd4734e2033b4d6c31e4f,45b5421a35e1c68965bcd4734e2033b4d6c31e4f,Put it all back
TedGoas,2015-01-26 21:39:41,https://api.github.com/repos/TedGoas/Cerberus/git/commits/8aa4b83af5802de25f5287ca52841f8b2ac5191a,8aa4b83af5802de25f5287ca52841f8b2ac5191a,Merge branch 'master' into gh-pages
TedGoas,2015-01-26 21:39:27,https://api.github.com/repos/TedGoas/Cerberus/git/commits/b21995a00f8fea76cd39540dd57411bba9774961,b21995a00f8fea76cd39540dd57411bba9774961,Delete All
TedGoas,2015-01-26 21:38:32,https://api.github.com/repos/TedGoas/Cerberus/git/commits/b3e12c76ca36bb80519f9396c1daad138810d641,b3e12c76ca36bb80519f9396c1daad138810d641,Merge branch 'gh-pages'
TedGoas,2015-01-26 21:36:00,https://api.github.com/repos/TedGoas/Cerberus/git/commits/b9d8a6bd5b7bceacf4c96822bc4241bff2fd056e,b9d8a6bd5b7bceacf4c96822bc4241bff2fd056e,"Merge branch 'master' into gh-pages

This reverts commit c5ccf7a5ab8dae23bf0842f574a401ad34b928e2, reversing
changes made to 6bd20ecf3661ac87b6340de2a8ebfcedc7a9aa0a.

Conflicts:
	index.html"
TedGoas,2015-01-26 21:35:09,https://api.github.com/repos/TedGoas/Cerberus/git/commits/1da60ff3829b417abef4b128eace79cb44f8afc8,1da60ff3829b417abef4b128eace79cb44f8afc8,"Revert af328e5..8ad3b65

This rolls back to commit af328e524503e1f6c1cea1621232549b847509db."
TedGoas,2015-01-26 21:29:07,https://api.github.com/repos/TedGoas/Cerberus/git/commits/fb1850bf34622fc868633550c10a1edcaba90e82,fb1850bf34622fc868633550c10a1edcaba90e82,"Revert ""Merge branch 'master' into gh-pages""

This reverts commit c5ccf7a5ab8dae23bf0842f574a401ad34b928e2, reversing
changes made to 6bd20ecf3661ac87b6340de2a8ebfcedc7a9aa0a.

Conflicts:
	index.html"
TedGoas,2015-01-26 21:24:35,https://api.github.com/repos/TedGoas/Cerberus/git/commits/276adfd77b2d700d49673984916d1ded6751a553,276adfd77b2d700d49673984916d1ded6751a553,"Manually fixed conflicts

from the previous commit"
TedGoas,2015-01-26 21:23:07,https://api.github.com/repos/TedGoas/Cerberus/git/commits/c5ccf7a5ab8dae23bf0842f574a401ad34b928e2,c5ccf7a5ab8dae23bf0842f574a401ad34b928e2,"Merge branch 'master' into gh-pages

Conflicts:
	assets/blueprint.png
	assets/cerberus-docs.css
	assets/phone-outline.png
	assets/wireframe-with-media-queries.png
	assets/wireframe-without-media-queries.png
	index.html"
TedGoas,2015-01-26 21:22:19,https://api.github.com/repos/TedGoas/Cerberus/git/commits/8ad3b65a84e0db7560ff3f75378626695c4fce71,8ad3b65a84e0db7560ff3f75378626695c4fce71,"Jekyll Page Design Updates

Added Logo
Updated color scheme"
TedGoas,2015-01-23 01:33:11,https://api.github.com/repos/TedGoas/Cerberus/git/commits/6bd20ecf3661ac87b6340de2a8ebfcedc7a9aa0a,6bd20ecf3661ac87b6340de2a8ebfcedc7a9aa0a,Merge branch 'master' into gh-pages
TedGoas,2015-01-23 01:31:47,https://api.github.com/repos/TedGoas/Cerberus/git/commits/af328e524503e1f6c1cea1621232549b847509db,af328e524503e1f6c1cea1621232549b847509db,"Merge pull request #8 from TedGoas/cerberus-2

Cerberus 2, initial commit"
TedGoas,2015-01-23 01:25:02,https://api.github.com/repos/TedGoas/Cerberus/git/commits/8a345167ab8c78978872ce48a858aaacb6be005d,8a345167ab8c78978872ce48a858aaacb6be005d,"Cerberus 2, initial commit"
TedGoas,2014-11-26 01:31:50,https://api.github.com/repos/TedGoas/Cerberus/git/commits/07e8aee0f36794b3c4071c1c01da882fb57d4838,07e8aee0f36794b3c4071c1c01da882fb57d4838,Merge branch 'master' into gh-pages
TedGoas,2014-11-26 01:31:31,https://api.github.com/repos/TedGoas/Cerberus/git/commits/dbdf2e3cb346942a711bf196fdbb770905560e91,dbdf2e3cb346942a711bf196fdbb770905560e91,"Added Preheader text

Visually hidden preheader text."
TedGoas,2014-11-26 01:27:56,https://api.github.com/repos/TedGoas/Cerberus/git/commits/053ad68937c5be1e31d47245ded00c682cbcd9c8,053ad68937c5be1e31d47245ded00c682cbcd9c8,"Fixed merge conflicts

from
https://github.com/TedGoas/Cerberus/commit/3a1dc1c44397ecce0a35ebb860daf
0d5a5b64fbb"
TedGoas,2014-11-26 01:24:42,https://api.github.com/repos/TedGoas/Cerberus/git/commits/3a1dc1c44397ecce0a35ebb860daf0d5a5b64fbb,3a1dc1c44397ecce0a35ebb860daf0d5a5b64fbb,"Merge branch 'gh-pages'

Conflicts:
	template-default.html
	template-fluid.html"
TedGoas,2014-11-26 01:24:09,https://api.github.com/repos/TedGoas/Cerberus/git/commits/d07ffbb0d104d6f2131dea4fb8d8d792aef0a0b0,d07ffbb0d104d6f2131dea4fb8d8d792aef0a0b0,"Removed Image Background

Removed background image and references because its not essential to
the responsive layout. Also fixed a few code typos"
TedGoas,2014-09-06 18:41:16,https://api.github.com/repos/TedGoas/Cerberus/git/commits/62f8693c2f7693c3ff6f0a831a40d01f1f394798,62f8693c2f7693c3ff6f0a831a40d01f1f394798,"Resolve conflict in previous commit

b9914299e402cdcb27cc61236bdb808fa053bfaa"
TedGoas,2014-09-06 18:35:50,https://api.github.com/repos/TedGoas/Cerberus/git/commits/b9914299e402cdcb27cc61236bdb808fa053bfaa,b9914299e402cdcb27cc61236bdb808fa053bfaa,"Added background image

* Re-added CSS background image reference.
* Updated 3 char hex codes to 6 char
* Added space between links in default template"
TedGoas,2014-08-15 22:59:17,https://api.github.com/repos/TedGoas/Cerberus/git/commits/8619b956033b039a9d2c2efe975d31d3f0ccfa54,8619b956033b039a9d2c2efe975d31d3f0ccfa54,Merge branch 'master' into gh-pages
TedGoas,2014-08-15 22:58:38,https://api.github.com/repos/TedGoas/Cerberus/git/commits/23646501fdde4aa774ba876747485ca1b61a5d02,23646501fdde4aa774ba876747485ca1b61a5d02,"Updated Resources and Contributors

* Updated links
* Hilary
* Wordsmithing"
TedGoas,2014-07-18 00:39:54,https://api.github.com/repos/TedGoas/Cerberus/git/commits/12586f5b640fd22dd6443bdcabcf222c14baf3a7,12586f5b640fd22dd6443bdcabcf222c14baf3a7,Merge branch 'master' into gh-pages
TedGoas,2014-07-18 00:39:30,https://api.github.com/repos/TedGoas/Cerberus/git/commits/e031b5bb366c9d7e1d2bb1f61e28f3ea66d72283,e031b5bb366c9d7e1d2bb1f61e28f3ea66d72283,HTML5 doctype
TedGoas,2014-07-16 14:02:06,https://api.github.com/repos/TedGoas/Cerberus/git/commits/63253fcfe657c406ebbf74cb0fb6a0870d75d523,63253fcfe657c406ebbf74cb0fb6a0870d75d523,Merge branch 'gh-pages'
TedGoas,2014-07-16 14:01:31,https://api.github.com/repos/TedGoas/Cerberus/git/commits/ca6ca53aae5fb3deebf51fcb1c931950d10be97e,ca6ca53aae5fb3deebf51fcb1c931950d10be97e,Updated CSS for Tel URL scheme
TedGoas,2014-07-16 02:01:11,https://api.github.com/repos/TedGoas/Cerberus/git/commits/8a73474e2af095b08239b38f0cbc561652a8bb20,8a73474e2af095b08239b38f0cbc561652a8bb20,Merge branch 'master' into gh-pages
TedGoas,2014-07-16 01:59:42,https://api.github.com/repos/TedGoas/Cerberus/git/commits/6cec2dfd0ae22d2c334f9782d1237bd5f521d86a,6cec2dfd0ae22d2c334f9782d1237bd5f521d86a,"`table-layout: fixed` for Yahoo bug

Fixed Yahoo! alignment bug. Once and for all. Maybe."
TedGoas,2014-07-16 01:18:52,https://api.github.com/repos/TedGoas/Cerberus/git/commits/3780bb77468c7b6045b6e3ef7adc3e520c3bc8b7,3780bb77468c7b6045b6e3ef7adc3e520c3bc8b7,Merge branch 'master' into gh-pages
TedGoas,2014-07-16 01:18:39,https://api.github.com/repos/TedGoas/Cerberus/git/commits/e7aedb2d1a4622db2b36a3bf1186e4586731095e,e7aedb2d1a4622db2b36a3bf1186e4586731095e,"Padding-Based Bulletproof Buttons

Based on work from Hilary Nelson and Litmus
(https://litmus.com/blog/a-guide-to-bulletproof-buttons-in-email-design)"
TedGoas,2014-07-03 23:55:21,https://api.github.com/repos/TedGoas/Cerberus/git/commits/fee749c2d3ee353a513184b27c657095a57fff8d,fee749c2d3ee353a513184b27c657095a57fff8d,Merge branch 'gh-pages'
TedGoas,2014-07-03 23:55:07,https://api.github.com/repos/TedGoas/Cerberus/git/commits/bd8e2e65bc721efbb060826e8d1346bb4421a2f0,bd8e2e65bc721efbb060826e8d1346bb4421a2f0,"Mirrors Pull Request #4

https://github.com/TedGoas/Cerberus/pull/4"
TedGoas,2014-07-03 23:52:39,https://api.github.com/repos/TedGoas/Cerberus/git/commits/e0c14aee17eab1599285e6966de93e42c093f0a5,e0c14aee17eab1599285e6966de93e42c093f0a5,Merge branch 'master' into gh-pages
TedGoas,2014-07-03 23:51:30,https://api.github.com/repos/TedGoas/Cerberus/git/commits/6ec785620c4539215d0f91e014e514976fdd9b7d,6ec785620c4539215d0f91e014e514976fdd9b7d,"Merge pull request #4 from pixeltuna/master

Update template-fluid.html"
pixeltuna,2014-06-25 00:21:59,https://api.github.com/repos/TedGoas/Cerberus/git/commits/8cc6b21a5fdd39af89052d3634488cce54631fad,8cc6b21a5fdd39af89052d3634488cce54631fad,"Update template-fluid.html

Fix Hotmail declaration: .ExternalClass is not descendent of .ReadMsgBody
Add semi-colon after property"
TedGoas,2014-06-21 00:56:51,https://api.github.com/repos/TedGoas/Cerberus/git/commits/1b0d4188584eb5a065a37ef17ce14c3b942c7e70,1b0d4188584eb5a065a37ef17ce14c3b942c7e70,Merge branch 'gh-pages'
TedGoas,2014-06-21 00:56:36,https://api.github.com/repos/TedGoas/Cerberus/git/commits/f2ab17528d822430d31a0436cc3d35cbd761b3e2,f2ab17528d822430d31a0436cc3d35cbd761b3e2,"Force Yahoo! to display emails at full width

Updated CSS for this"
TedGoas,2014-06-16 18:15:17,https://api.github.com/repos/TedGoas/Cerberus/git/commits/78a0d2098b207bec4aa9b2f18109ed453fbda9e2,78a0d2098b207bec4aa9b2f18109ed453fbda9e2,Merge branch 'master' into gh-pages
TedGoas,2014-06-16 18:15:05,https://api.github.com/repos/TedGoas/Cerberus/git/commits/e34a7e8c7329562d3f6578bf5ec4a6ff5116c203,e34a7e8c7329562d3f6578bf5ec4a6ff5116c203,"Replaced curly quotes

Replaced curly single quotes with straight quotes (curly quotes throw
off some build processes)"
TedGoas,2014-06-16 18:13:15,https://api.github.com/repos/TedGoas/Cerberus/git/commits/bb014b3f1dbdd81aa93089fd13ed36233966f0e8,bb014b3f1dbdd81aa93089fd13ed36233966f0e8,"Matched MSO VML fill color

Matched MSO-specific VML fill color to match rest of template"
TedGoas,2014-06-16 18:12:05,https://api.github.com/repos/TedGoas/Cerberus/git/commits/010bc0dd78627d61147266c3ee51dae32f0e342d,010bc0dd78627d61147266c3ee51dae32f0e342d,"Removed duplicate bgcolor

Removed duplicate bgcolor attribute from <body>"
TedGoas,2014-06-05 23:31:47,https://api.github.com/repos/TedGoas/Cerberus/git/commits/adde81e9d9719bdafe318b94f38a51e7ebbe4c22,adde81e9d9719bdafe318b94f38a51e7ebbe4c22,Merge branch 'gh-pages'
TedGoas,2014-06-05 23:31:33,https://api.github.com/repos/TedGoas/Cerberus/git/commits/d5adaf91c1ac82bd4867f21e9cc48452b8f63380,d5adaf91c1ac82bd4867f21e9cc48452b8f63380,"Better Code for Background Colors

Updated instances of `background-color` and `background` to `bgcolor`
only.

https://litmus.com/blog/background-colors-html-email"
TedGoas,2014-05-27 23:37:30,https://api.github.com/repos/TedGoas/Cerberus/git/commits/593912f6f06174fa68ec7d68c18dc72669e35b4d,593912f6f06174fa68ec7d68c18dc72669e35b4d,Merge branch 'master' into gh-pages
TedGoas,2014-05-27 23:37:14,https://api.github.com/repos/TedGoas/Cerberus/git/commits/104ac2435d502829ef232e5289cd856d405a8f1d,104ac2435d502829ef232e5289cd856d405a8f1d,"Updated Meta Tags for Responsive

Informed by
https://litmus.com/community/discussions/219-which-meta-tag-is-the-best-
for-responsive#comment-942"
TedGoas,2014-05-20 22:07:54,https://api.github.com/repos/TedGoas/Cerberus/git/commits/1c551f30f6b263ba7a0a2fad9ff9615b2947770d,1c551f30f6b263ba7a0a2fad9ff9615b2947770d,Merge branch 'master' of https://github.com/TedGoas/Cerberus
TedGoas,2014-05-20 13:44:03,https://api.github.com/repos/TedGoas/Cerberus/git/commits/b29de77b2179b0249ac0c72947d3210bdf4972bc,b29de77b2179b0249ac0c72947d3210bdf4972bc,"`min-device-width` becomes `min-width`

It's only the width that matters."
TedGoas,2014-05-18 23:53:35,https://api.github.com/repos/TedGoas/Cerberus/git/commits/ccd596011bf6fc72fa4f4545017d43bf1dcfb29e,ccd596011bf6fc72fa4f4545017d43bf1dcfb29e,Merge branch 'master' into gh-pages
TedGoas,2014-05-18 23:53:19,https://api.github.com/repos/TedGoas/Cerberus/git/commits/c33187063c40c923be1ee70a2aaebff0b1c33343,c33187063c40c923be1ee70a2aaebff0b1c33343,Merge branch 'gh-pages'
TedGoas,2014-05-18 22:38:20,https://api.github.com/repos/TedGoas/Cerberus/git/commits/094dd63940cb2c61b9a8266cbd1b69ee7624d764,094dd63940cb2c61b9a8266cbd1b69ee7624d764,"CSS fix for full-width emails in Yahoo!

Forces Yahoo! to display emails at full width"
TedGoas,2014-05-15 00:22:33,https://api.github.com/repos/TedGoas/Cerberus/git/commits/e15e4d01f9346de1a08c738b15719eed4f4e8ab9,e15e4d01f9346de1a08c738b15719eed4f4e8ab9,Merge branch 'master' into gh-pages
TedGoas,2014-05-15 00:22:18,https://api.github.com/repos/TedGoas/Cerberus/git/commits/a2d396f02e17e60699986ec60e88bfbb2dc3a5d1,a2d396f02e17e60699986ec60e88bfbb2dc3a5d1,"Additional CSS Resets

via
https://litmus.com/community/learning/13-foundations-email-coding-101#to
c_2"
TedGoas,2014-05-02 00:38:10,https://api.github.com/repos/TedGoas/Cerberus/git/commits/d08d1c7a110b3bee0273784d178013f6c9c36c57,d08d1c7a110b3bee0273784d178013f6c9c36c57,Merge branch 'master' into gh-pages
TedGoas,2014-05-02 00:37:53,https://api.github.com/repos/TedGoas/Cerberus/git/commits/0c0287260c7ae3e80ccb246b45496e0b8158f82a,0c0287260c7ae3e80ccb246b45496e0b8158f82a,"Updated mismatched class names

email-container class updated in email head and body.

* also added CSS for iOS blue links"
TedGoas,2014-04-29 02:24:02,https://api.github.com/repos/TedGoas/Cerberus/git/commits/a28853c5c2ecb971d1316fb37e43ac9ad76e0723,a28853c5c2ecb971d1316fb37e43ac9ad76e0723,Merge branch 'master' into gh-pages
TedGoas,2014-04-29 02:23:48,https://api.github.com/repos/TedGoas/Cerberus/git/commits/9b1480973a885e22201224c3d186a2d09c2211e4,9b1480973a885e22201224c3d186a2d09c2211e4,"Vanilla <td>'s replace Bulletproof Buttons

Bulletproof Buttons (button.cm) have click and tracking issues with
Outlook. I replaced them with <td>'s with background colors. Buttons
degrade gracefully, as some clients don‚Äôt support border-radius or
background images, though the anchor text and background color display
universally."
TedGoas,2014-04-29 01:11:28,https://api.github.com/repos/TedGoas/Cerberus/git/commits/f278dcc648510f63dce4edf407fecbb6f0450ac0,f278dcc648510f63dce4edf407fecbb6f0450ac0,Merge branch 'master' into gh-pages
TedGoas,2014-04-29 01:11:13,https://api.github.com/repos/TedGoas/Cerberus/git/commits/df4504789d16e30a7e7069b5413c60bc932a3eee,df4504789d16e30a7e7069b5413c60bc932a3eee,Merge branch 'gh-pages'
TedGoas,2014-04-29 01:10:57,https://api.github.com/repos/TedGoas/Cerberus/git/commits/25dc562a72f5d9171347a1cb76200652ed0a9c49,25dc562a72f5d9171347a1cb76200652ed0a9c49,"Style iOS blue links

Attempts to style default blue links for phone #‚Äôs in iOS. Seems to
work in Mail 7.1, spotty support in other clients like Gmail and
Mailbox.

Litmus [lists other
methods](https://litmus.com/blog/update-banning-blue-links-on-ios-device
s) to style or disable blue links in iOS devices, I believe *styling*
links is better practice then *disabling* them for aesthetic reasons."
TedGoas,2014-04-16 23:42:44,https://api.github.com/repos/TedGoas/Cerberus/git/commits/b9b93c735ce55c3b30b2b381b76a06b69133665b,b9b93c735ce55c3b30b2b381b76a06b69133665b,Merge branch 'master' into gh-pages
TedGoas,2014-04-16 23:42:29,https://api.github.com/repos/TedGoas/Cerberus/git/commits/27589edbe0f7b9b2494bd1820b72aa9cf5a6c6ec,27589edbe0f7b9b2494bd1820b72aa9cf5a6c6ec,"Removed disable auto telephone linking in iOS

Don‚Äôt want to outright disable this behavior to save a visual. Best to
wrap offending links in a styled <span>
https://litmus.com/blog/update-banning-blue-links-on-ios-devices"
TedGoas,2014-04-14 23:36:52,https://api.github.com/repos/TedGoas/Cerberus/git/commits/7469e6f37a7defc8d464969c68f04e35ec59e7fe,7469e6f37a7defc8d464969c68f04e35ec59e7fe,Merge branch 'master' into gh-pages
TedGoas,2014-04-14 23:36:31,https://api.github.com/repos/TedGoas/Cerberus/git/commits/deb475919a4ae183a3e8979a805a93a394a4d3eb,deb475919a4ae183a3e8979a805a93a394a4d3eb,"Updated <title>

<title> tag shows on email notifications on Android 4.4. before
pre-header. It shows: Subject, Title, Preheader. Probably best to put
something safe (like the brand name) or nothing at all.
https://twitter.com/iamacyborg/status/455681065202749440"
TedGoas,2014-03-22 00:19:45,https://api.github.com/repos/TedGoas/Cerberus/git/commits/aef18bb26d110a7d168b8cf27b97cacda8cdda9c,aef18bb26d110a7d168b8cf27b97cacda8cdda9c,Merge branch 'gh-pages'
TedGoas,2014-03-22 00:18:43,https://api.github.com/repos/TedGoas/Cerberus/git/commits/ca7879e60b9d57a5f0b5a42b8e940e12434f4427,ca7879e60b9d57a5f0b5a42b8e940e12434f4427,"Removed Imageless Buttons

The imageless button is a hack involving improperly nested markup to
achieve a decent button. Mail Chimp trips over this part of the
template and breaks the entire layout.

This update replaces the imageless button hack with Campaign Monitor‚Äôs
bulletproof email buttons."
TedGoas,2014-03-10 22:26:12,https://api.github.com/repos/TedGoas/Cerberus/git/commits/f925cd5cfa1cdc0b75362da22c3807337ce490d1,f925cd5cfa1cdc0b75362da22c3807337ce490d1,Merge branch 'master' into gh-pages
TedGoas,2014-03-10 22:25:58,https://api.github.com/repos/TedGoas/Cerberus/git/commits/5ac2bb4c582f25ee17537ca4abab3dd37daf8c41,5ac2bb4c582f25ee17537ca4abab3dd37daf8c41,"Removed Merge Conflict Markup

Removed extra markup from the conflict in pr/1 merge"
TedGoas,2014-03-08 01:18:44,https://api.github.com/repos/TedGoas/Cerberus/git/commits/2403f47e14020869272205169ef04611ed8c6a57,2403f47e14020869272205169ef04611ed8c6a57,Merge branch 'master' into gh-pages
TedGoas,2014-03-08 01:17:46,https://api.github.com/repos/TedGoas/Cerberus/git/commits/082fa56a53198415089d08a42cb5b5957b4eacd8,082fa56a53198415089d08a42cb5b5957b4eacd8,"Merge branch 'pr/1'

Conflicts:
	index.html"
TedGoas,2014-03-07 03:42:18,https://api.github.com/repos/TedGoas/Cerberus/git/commits/2c9f41d2967127759ebb7d559a2097bad817ef8b,2c9f41d2967127759ebb7d559a2097bad817ef8b,Merge branch 'master' into gh-pages
TedGoas,2014-03-07 03:42:00,https://api.github.com/repos/TedGoas/Cerberus/git/commits/5238b2b1bc466ed07b8ebe4d9c55b88556a08334,5238b2b1bc466ed07b8ebe4d9c55b88556a08334,"Author and Twitter section

Shameless plug because I‚Äôm terrible at promoting my own stuff."
coliff,2014-03-06 07:51:52,https://api.github.com/repos/TedGoas/Cerberus/git/commits/f7c3c3dabc02ba6bf895402430806b9966fea0bf,f7c3c3dabc02ba6bf895402430806b9966fea0bf,"Update index.html

Update to the latest version of html5shiv polyill (v3.7)"
TedGoas,2014-01-08 01:05:22,https://api.github.com/repos/TedGoas/Cerberus/git/commits/d9c61aead4792c403b91c83062a60bc69cd66d29,d9c61aead4792c403b91c83062a60bc69cd66d29,Merge branch 'master' into gh-pages
TedGoas,2014-01-08 01:05:05,https://api.github.com/repos/TedGoas/Cerberus/git/commits/c6d4b15b568e717fc70659e49eeb16c905ce0369,c6d4b15b568e717fc70659e49eeb16c905ce0369,"Android 4.4 Email doesn't force columns into rows

Discovered Android 4.4 Email doesn't force columns into rows. Updated
docs accordingly."
TedGoas,2013-12-14 00:53:33,https://api.github.com/repos/TedGoas/Cerberus/git/commits/99658c46f63fb8d7ac6ce8e6967dc7258b6d3639,99658c46f63fb8d7ac6ce8e6967dc7258b6d3639,Merge branch 'master' into gh-pages
TedGoas,2013-12-13 14:43:36,https://api.github.com/repos/TedGoas/Cerberus/git/commits/adbbe2233cca92824ce8d815f03ff8d8fc6cf585,adbbe2233cca92824ce8d815f03ff8d8fc6cf585,"Improved Button Compatibility 


* Updated one button to Campaign Monitor's [Bulletproof Buttons](http://buttons.cm)
* Improved code comments around buttons

In sync with commit 87ec1b714dbb2ab183f7eb7712430c994653beb2"
TedGoas,2013-12-13 14:29:46,https://api.github.com/repos/TedGoas/Cerberus/git/commits/344c7212c24e8501ad01dcd28ac34e409775d9d5,344c7212c24e8501ad01dcd28ac34e409775d9d5,"Fixed Outlook Spacing Issues

Added a class `hh-visible` to display only on handhelds. I wrote it to be flexible; CSS for each case is written inline along with a `display:none`, which this class overrides."
TedGoas,2013-12-13 14:14:00,https://api.github.com/repos/TedGoas/Cerberus/git/commits/87ec1b714dbb2ab183f7eb7712430c994653beb2,87ec1b714dbb2ab183f7eb7712430c994653beb2,"Improved Button Compatibility

* Updated one button to Campaign Monitor's [Bulletproof Buttons](http://buttons.cm)
* Improved code comments around buttons"
TedGoas,2013-12-10 01:50:29,https://api.github.com/repos/TedGoas/Cerberus/git/commits/129182ff899dce390e92bf5df2030f81d5e20ac2,129182ff899dce390e92bf5df2030f81d5e20ac2,Merge branch 'gh-pages'
TedGoas,2013-12-10 01:49:16,https://api.github.com/repos/TedGoas/Cerberus/git/commits/b92ec0f811b50f3d73500232321d139c1dac1ee0,b92ec0f811b50f3d73500232321d139c1dac1ee0,"Added blog post

* Added reference to blog post.
* Wordsmithing in repo ReadMe."
TedGoas,2013-12-04 02:03:36,https://api.github.com/repos/TedGoas/Cerberus/git/commits/65bd6587e1b0ed96bd0fdecd1062e04cc867e3a5,65bd6587e1b0ed96bd0fdecd1062e04cc867e3a5,Merge branch 'master' into gh-pages
TedGoas,2013-12-04 02:03:11,https://api.github.com/repos/TedGoas/Cerberus/git/commits/daf57099094993cfd02fcbc3f78b68cd3c3223b5,daf57099094993cfd02fcbc3f78b68cd3c3223b5,"Worthsmithing

and new CSS for the feature lists"
TedGoas,2013-12-03 01:29:39,https://api.github.com/repos/TedGoas/Cerberus/git/commits/cd9d00a1a55444192b172561593eaddd1d204bc1,cd9d00a1a55444192b172561593eaddd1d204bc1,Merge branch 'master' into gh-pages
TedGoas,2013-12-03 01:29:23,https://api.github.com/repos/TedGoas/Cerberus/git/commits/c821dd9dd3813ff3c1ca61f302137cefdcb915ee,c821dd9dd3813ff3c1ca61f302137cefdcb915ee,Wordsmithing
TedGoas,2013-12-03 01:12:11,https://api.github.com/repos/TedGoas/Cerberus/git/commits/fe9d7fcf192de80e38f15719c0aec022f38ea43a,fe9d7fcf192de80e38f15719c0aec022f38ea43a,Merge branch 'master' into gh-pages
TedGoas,2013-12-03 01:11:56,https://api.github.com/repos/TedGoas/Cerberus/git/commits/3fb506752e1f0338a9ecbe173e8a1763cab7d98a,3fb506752e1f0338a9ecbe173e8a1763cab7d98a,"Removed '_' from file names

And changed all references."
TedGoas,2013-12-03 01:09:26,https://api.github.com/repos/TedGoas/Cerberus/git/commits/0785a080ac4a1143815e381dc2459d184f3ed382,0785a080ac4a1143815e381dc2459d184f3ed382,Merge branch 'master' into gh-pages
TedGoas,2013-12-02 22:47:19,https://api.github.com/repos/TedGoas/Cerberus/git/commits/58a758b4449be7f317a551067a7568329dfb06f7,58a758b4449be7f317a551067a7568329dfb06f7,"[major update] Rewrote nesting schema

* Fixed breakage on iOS and Android Mail
* Increased default padding from 20px to 30px
* Increased handheld breakpoint value
* Removed 1px borders from images
* Changed header to reflow on handheld
* Created .button for full width buttons on narrow screens"
TedGoas,2013-12-02 03:05:10,https://api.github.com/repos/TedGoas/Cerberus/git/commits/fd8831c32d0a177471131ccb60d5465e97a02bd1,fd8831c32d0a177471131ccb60d5465e97a02bd1,Merge branch 'master' into gh-pages
TedGoas,2013-12-02 03:04:55,https://api.github.com/repos/TedGoas/Cerberus/git/commits/e88ff6941e584de8a52a92d10bc335dfdc144e95,e88ff6941e584de8a52a92d10bc335dfdc144e95,Added Cerberus quote reference
TedGoas,2013-12-02 02:59:14,https://api.github.com/repos/TedGoas/Cerberus/git/commits/58c04e45f0e6ec32db611daf850ed953d67eaad9,58c04e45f0e6ec32db611daf850ed953d67eaad9,deleted
TedGoas,2013-12-02 02:58:17,https://api.github.com/repos/TedGoas/Cerberus/git/commits/836fcb9fff12b485d3ed8d395d5a91c439444f9e,836fcb9fff12b485d3ed8d395d5a91c439444f9e,Merge with gitignore
TedGoas,2013-12-02 02:56:16,https://api.github.com/repos/TedGoas/Cerberus/git/commits/9d0693514f052ebbf663f85527e8d0e91971e14e,9d0693514f052ebbf663f85527e8d0e91971e14e,Merge branch 'master' into gh-pages
TedGoas,2013-12-02 02:43:23,https://api.github.com/repos/TedGoas/Cerberus/git/commits/db9db02904caf142bc1b1aaa80322f35fc6a275b,db9db02904caf142bc1b1aaa80322f35fc6a275b,"Added a GH demo page

Using @house‚Äôs Tea theme as a base"
TedGoas,2013-12-02 02:19:47,https://api.github.com/repos/TedGoas/Cerberus/git/commits/06f69646366522bdedaa3577edad9c5091172990,06f69646366522bdedaa3577edad9c5091172990,Added git ignore for PSDs
TedGoas,2013-12-02 02:07:55,https://api.github.com/repos/TedGoas/Cerberus/git/commits/ae0c5b5ed86948214cea3fefd246a8f56a273695,ae0c5b5ed86948214cea3fefd246a8f56a273695,"Wiping everything clean

Preparing for a merge from master."
TedGoas,2013-11-27 15:55:09,https://api.github.com/repos/TedGoas/Cerberus/git/commits/b4d72eb77e050a5a2036ce797cf555e699ee7504,b4d72eb77e050a5a2036ce797cf555e699ee7504,"Added `width: 100%` to fluid images

`max-width` alone wasn't getting it done."
TedGoas,2013-11-27 03:31:58,https://api.github.com/repos/TedGoas/Cerberus/git/commits/9608382c18f6a116c2179e5a45773f74b2b0eedb,9608382c18f6a116c2179e5a45773f74b2b0eedb,Added fluid wireframe
TedGoas,2013-11-27 03:30:55,https://api.github.com/repos/TedGoas/Cerberus/git/commits/2a6f79936abe2502ef93da73ba414070531211fe,2a6f79936abe2502ef93da73ba414070531211fe,"More wireframes

Added color"
TedGoas,2013-11-26 03:34:14,https://api.github.com/repos/TedGoas/Cerberus/git/commits/44a283fb5039d5ac7a82d3183cc24bc912f1fdc8,44a283fb5039d5ac7a82d3183cc24bc912f1fdc8,Spaced out markdown horizontal rules
TedGoas,2013-11-26 03:33:14,https://api.github.com/repos/TedGoas/Cerberus/git/commits/518ede96880f3cd2e6e5c3e72dade793fffc8ae2,518ede96880f3cd2e6e5c3e72dade793fffc8ae2,"Added _default wireframe

Added wireframe image
Reformatted markdown"
TedGoas,2013-11-26 03:29:59,https://api.github.com/repos/TedGoas/Cerberus/git/commits/da47b653b4db132da11877a5cb30497e64c58e57,da47b653b4db132da11877a5cb30497e64c58e57,Initial Add
TedGoas,2013-11-26 01:52:25,https://api.github.com/repos/TedGoas/Cerberus/git/commits/d6282af43b1983e9b407e9653ed43de05546e561,d6282af43b1983e9b407e9653ed43de05546e561,"Added _fluid.html

Added description and resources for _fluid.html"
TedGoas,2013-11-26 01:44:18,https://api.github.com/repos/TedGoas/Cerberus/git/commits/c563d190f192395ae12c807bc4d93c6cba25c791,c563d190f192395ae12c807bc4d93c6cba25c791,"Extra Email Wrapper

ADded extra table wrapper so Yahoo!, Outlook, and Outlook.com display
the email body‚Äôs background color.

+ Cleaned up extra white space."
TedGoas,2013-11-26 01:02:45,https://api.github.com/repos/TedGoas/Cerberus/git/commits/184dc0cc0aebb5d72c23ed96542f0fdab20606e8,184dc0cc0aebb5d72c23ed96542f0fdab20606e8,"Initial Commit

A 100% fluid email layout that works everywhere, even if media queries
aren‚Äôt supported."
TedGoas,2013-11-26 01:02:03,https://api.github.com/repos/TedGoas/Cerberus/git/commits/6c7bbc1e5b87ec43f5a893d50e315e85dfe7e22d,6c7bbc1e5b87ec43f5a893d50e315e85dfe7e22d,"Added extra wrapper for background color

Yahoo! and Outlook / Outlook.com need the extra wrapper to display the
email‚Äôs backgorund color."
TedGoas,2013-11-26 00:16:24,https://api.github.com/repos/TedGoas/Cerberus/git/commits/d99f70e844c806bfdbec1190320724ab326e5366,d99f70e844c806bfdbec1190320724ab326e5366,"Initial Commit

w/ some good rules from https://help.github.com/articles/ignoring-files"
TedGoas,2013-11-25 02:04:10,https://api.github.com/repos/TedGoas/Cerberus/git/commits/6c930b2784154c17999c3139ef68efb572273d84,6c930b2784154c17999c3139ef68efb572273d84,"Wordsmithing

text edits"
TedGoas,2013-11-25 02:01:50,https://api.github.com/repos/TedGoas/Cerberus/git/commits/ece8e3e9911e93a960ad5703d3d82b233a7665ce,ece8e3e9911e93a960ad5703d3d82b233a7665ce,"Updated title

changed it‚Äôs name and format"
TedGoas,2013-11-25 02:00:39,https://api.github.com/repos/TedGoas/Cerberus/git/commits/e59a4c78d377b6f034aeeae032c759a7a39c6cd0,e59a4c78d377b6f034aeeae032c759a7a39c6cd0,"Proper Readme

Filled in with relevant details about the code and project in general."
TedGoas,2013-11-22 03:51:40,https://api.github.com/repos/TedGoas/Cerberus/git/commits/7ed8472cdf573dbc7a6c3366153020383047df66,7ed8472cdf573dbc7a6c3366153020383047df66,"Improved Imageless Buttons

* Added border radius to the original one
* Added a second one. Transparent, all caps, thick squares border."
TedGoas,2013-11-20 02:35:45,https://api.github.com/repos/TedGoas/Cerberus/git/commits/6cb0a521aeffd5982d1095b001d55db74e662f06,6cb0a521aeffd5982d1095b001d55db74e662f06,Create gh-pages branch via GitHub
TedGoas,2013-11-20 02:04:03,https://api.github.com/repos/TedGoas/Cerberus/git/commits/0f55721ec4a5edddb4ae74ba8b6b0a1ae674df70,0f55721ec4a5edddb4ae74ba8b6b0a1ae674df70,Name change
TedGoas,2013-11-20 01:47:24,https://api.github.com/repos/TedGoas/Cerberus/git/commits/5f249f568dd0dee985fbdb5ed013996bdc126f59,5f249f568dd0dee985fbdb5ed013996bdc126f59,Initial Commit
TedGoas,2013-11-20 01:44:00,https://api.github.com/repos/TedGoas/Cerberus/git/commits/6e57db16c46188743ded82a30934f51fb2685507,6e57db16c46188743ded82a30934f51fb2685507,Initial commit
