RxLifecycle,Lifecycle handling APIs for Android apps using RxJava
username,timestamp,url,sha,message
dlew,2018-12-17 22:11:47,https://api.github.com/repos/trello/RxLifecycle/git/commits/b0a9eb54867f0d72b9614d24091c59dfd4b2d5c1,b0a9eb54867f0d72b9614d24091c59dfd4b2d5c1,"Merge pull request #293 from shaishavgandhi05/patch-1

Fix minor typo"
ShaishavGandhi,2018-12-17 22:02:56,https://api.github.com/repos/trello/RxLifecycle/git/commits/f2c7ee2d2c9b3a6bbab3a39e3f2b3f860a2d1d22,f2c7ee2d2c9b3a6bbab3a39e3f2b3f860a2d1d22,Fix minor typo
dlew,2018-10-26 13:39:26,https://api.github.com/repos/trello/RxLifecycle/git/commits/5109356cb251afedd98292e97241e4a459a2d09d,5109356cb251afedd98292e97241e4a459a2d09d,"Merge pull request #290 from trello/dlew/rxlifecycle-package

Fixed up some missing rxlifecycle3 conversions"
dlew,2018-10-26 13:30:52,https://api.github.com/repos/trello/RxLifecycle/git/commits/533c40bc37ca70f12e8fe39339cdcd1c5243938f,533c40bc37ca70f12e8fe39339cdcd1c5243938f,Fixed up some missing rxlifecycle3 conversions
dlew,2018-10-25 19:35:20,https://api.github.com/repos/trello/RxLifecycle/git/commits/7cb019285bcb006675d9d44d18ad8a23fab8736f,7cb019285bcb006675d9d44d18ad8a23fab8736f,"Merge pull request #288 from trello/dlew/prep-v3

Preparing v3.0.0 release"
dlew,2018-10-25 17:49:56,https://api.github.com/repos/trello/RxLifecycle/git/commits/b22b5ef61651b0084222be78b7d194c38a28eb44,b22b5ef61651b0084222be78b7d194c38a28eb44,Preparing v3.0.0 release
dlew,2018-10-25 17:47:40,https://api.github.com/repos/trello/RxLifecycle/git/commits/ed10155a0d758e95f9c5520f335a13648f80adf8,ed10155a0d758e95f9c5520f335a13648f80adf8,"Merge pull request #287 from trello/dlew/merge-2.x

Merge 2.x into master branch"
dlew,2018-10-25 17:33:10,https://api.github.com/repos/trello/RxLifecycle/git/commits/30410d56ab7428024a8551ff64898390d65108d4,30410d56ab7428024a8551ff64898390d65108d4,Merge branch '2.x' into dlew/merge-2.x
dlew,2018-10-25 17:28:44,https://api.github.com/repos/trello/RxLifecycle/git/commits/474a764c5776453db3992121856c70068c3b85af,474a764c5776453db3992121856c70068c3b85af,"Merge pull request #285 from trello/dlew/rxlifecycle-3

Renamed base package from com.trello.rxlifecycle2 -> com.trello.rxlifâ€¦"
dlew,2018-10-25 17:18:19,https://api.github.com/repos/trello/RxLifecycle/git/commits/5531d567f122d8a223e71ccc66ec5dcf28d109b1,5531d567f122d8a223e71ccc66ec5dcf28d109b1,"Renamed base package from com.trello.rxlifecycle2 -> com.trello.rxlifecycle3

We're doing a major version bump due to AndroidX, so we're bumping the
package as well."
dlew,2018-10-25 16:11:00,https://api.github.com/repos/trello/RxLifecycle/git/commits/d66f025d95618d5cabb06a86b1e88934b0a135c1,d66f025d95618d5cabb06a86b1e88934b0a135c1,"Merge pull request #284 from trello/dlew/deprecate-navi

Deprecating rxlifecycle-navi"
dlew,2018-10-25 15:59:46,https://api.github.com/repos/trello/RxLifecycle/git/commits/69b8a1158f16c8d41c0a1c19a208514aedff8d32,69b8a1158f16c8d41c0a1c19a208514aedff8d32,"Deprecating rxlifecycle-navi

Navi itself is being deprecated and rxlifecycle-android-lifecycle
works just as well (if not better)."
dlew,2018-10-25 15:54:36,https://api.github.com/repos/trello/RxLifecycle/git/commits/06f060a3c6f77ff489937a65124ec6dd4ae837d5,06f060a3c6f77ff489937a65124ec6dd4ae837d5,"Merge pull request #283 from trello/dlew/androidx

Upgraded to AndroidX"
dlew,2018-10-25 15:24:12,https://api.github.com/repos/trello/RxLifecycle/git/commits/036efd7c4b00a58217a2a22662241ce312b2ccd2,036efd7c4b00a58217a2a22662241ce312b2ccd2,Upgraded to AndroidX
dlew,2018-10-25 01:55:54,https://api.github.com/repos/trello/RxLifecycle/git/commits/a60a985d414d51406b5dbda42d97d6fa86ef8e05,a60a985d414d51406b5dbda42d97d6fa86ef8e05,"Merge pull request #282 from trello/dlew/dependencies

Updated dependencies"
dlew,2018-10-24 22:00:04,https://api.github.com/repos/trello/RxLifecycle/git/commits/1b2cf9b548866f3f21e679ea1ab04c70c7427350,1b2cf9b548866f3f21e679ea1ab04c70c7427350,Updated travis build file for new versions
dlew,2018-10-24 21:57:04,https://api.github.com/repos/trello/RxLifecycle/git/commits/630fdb7361793487784a9349d35a2c4ec6077aea,630fdb7361793487784a9349d35a2c4ec6077aea,Bumped Kotlin to v1.2.71
dlew,2018-10-24 21:56:39,https://api.github.com/repos/trello/RxLifecycle/git/commits/c50804224f47e9c84b220143b03e3fabe8271cab,c50804224f47e9c84b220143b03e3fabe8271cab,Bumped RxJava/RxAndroid versions
dlew,2018-10-24 21:56:21,https://api.github.com/repos/trello/RxLifecycle/git/commits/cdc8a361339e0a07da7f8e6aa2294da536fd8f70,cdc8a361339e0a07da7f8e6aa2294da536fd8f70,Bumped compileSdkVersion to 28
dlew,2018-10-24 21:49:55,https://api.github.com/repos/trello/RxLifecycle/git/commits/d575c7705bf89e8946c44307831d698bb09e3fe7,d575c7705bf89e8946c44307831d698bb09e3fe7,"Upgraded to AGP v3.2.1

It is also now better to simply not define buildToolsVersion, so
all of those were removed as well."
dlew,2018-10-24 21:45:28,https://api.github.com/repos/trello/RxLifecycle/git/commits/4a4a90ca24715221b7b0f6d1e0407cde6da3e7b6,4a4a90ca24715221b7b0f6d1e0407cde6da3e7b6,Upgraded to Gradle v4.10.2
dlew,2018-07-29 16:23:23,https://api.github.com/repos/trello/RxLifecycle/git/commits/e44e2537b3f21419f75cb7e92e6b9fc353114068,e44e2537b3f21419f75cb7e92e6b9fc353114068,"Merge pull request #276 from trello/dlew/prep-v2.2.2

Prep v2.2.2"
dlew,2018-07-29 16:09:30,https://api.github.com/repos/trello/RxLifecycle/git/commits/0bb6362be3e8e33431eeceeda90272dc4fbd8f70,0bb6362be3e8e33431eeceeda90272dc4fbd8f70,Prepared v2.2.2 for release
dlew,2018-07-29 16:03:40,https://api.github.com/repos/trello/RxLifecycle/git/commits/1445e3b90182f43462b42c1c01b8199c4e9588ce,1445e3b90182f43462b42c1c01b8199c4e9588ce,Updated README for new dependency configurations
dlew,2018-07-29 15:46:34,https://api.github.com/repos/trello/RxLifecycle/git/commits/56a043519c426751f930d9775e3dacbc86fead26,56a043519c426751f930d9775e3dacbc86fead26,"Merge pull request #275 from trello/dlew/dependencies

Updated dependencies"
dlew,2018-07-29 14:16:26,https://api.github.com/repos/trello/RxLifecycle/git/commits/bf5c5a2ed96e2b6a18df44ce3f7b1226de7b7623,bf5c5a2ed96e2b6a18df44ce3f7b1226de7b7623,"Added jcenter() (only where absolutely necessary)

We aren't directly using it, but it's used by some of Android's
build tools."
dlew,2018-07-29 13:51:44,https://api.github.com/repos/trello/RxLifecycle/git/commits/0fa9f9676337c7bf07bf5dd00fd879f08ef6cf3a,0fa9f9676337c7bf07bf5dd00fd879f08ef6cf3a,Switch to updated dependency configurations
dlew,2018-07-29 13:34:59,https://api.github.com/repos/trello/RxLifecycle/git/commits/2c51b61938b84b01bd0fe7045eded853f7b1eab8,2c51b61938b84b01bd0fe7045eded853f7b1eab8,Account for changing lifecycle APIs
dlew,2018-07-29 13:23:30,https://api.github.com/repos/trello/RxLifecycle/git/commits/4297c306b36d3f7b2e53e76800fb2a1f40a3bf0c,4297c306b36d3f7b2e53e76800fb2a1f40a3bf0c,"Updated dependencies

Avoided updating anything past stable, though."
dlew,2018-07-29 13:21:23,https://api.github.com/repos/trello/RxLifecycle/git/commits/6e6c924a024f6b27185147ae2f3207e2a24c3aa0,6e6c924a024f6b27185147ae2f3207e2a24c3aa0,Updated to Gradle 4.9
dlew,2018-02-27 15:29:33,https://api.github.com/repos/trello/RxLifecycle/git/commits/ad7dc3850a4ae947dea8c5a882f2c729e2602760,ad7dc3850a4ae947dea8c5a882f2c729e2602760,"Merge pull request #259 from jaychang0917/patch-1

Fix README typo"
jaychang0917,2018-02-27 10:46:56,https://api.github.com/repos/trello/RxLifecycle/git/commits/1a43382f8913c7ef49190a833459e897b2f8e3b2,1a43382f8913c7ef49190a833459e897b2f8e3b2,Fix README typo
dlew,2017-11-15 20:02:23,https://api.github.com/repos/trello/RxLifecycle/git/commits/6fdab5c62eeffaaa6b43ee27adab9e9d6a5ecf3a,6fdab5c62eeffaaa6b43ee27adab9e9d6a5ecf3a,"Merge pull request #250 from trello/dlew/prep-2.2.1

Prepare v2.2.1 release"
dlew,2017-11-15 19:32:12,https://api.github.com/repos/trello/RxLifecycle/git/commits/970eabd8d85bf0a9ca958585a34856fa1483ba16,970eabd8d85bf0a9ca958585a34856fa1483ba16,Prepare v2.2.1 release
dlew,2017-11-15 14:10:28,https://api.github.com/repos/trello/RxLifecycle/git/commits/f2146fd76545f286e2bbb2d7d60cdbf189ba7b6f,f2146fd76545f286e2bbb2d7d60cdbf189ba7b6f,"Merge pull request #249 from KoMinkyu/2.x

Update android arch lifecycle version"
dlew,2017-11-06 19:54:06,https://api.github.com/repos/trello/RxLifecycle/git/commits/9a1e2fb5feec83bedb71bcd704b74e0f6c94a804,9a1e2fb5feec83bedb71bcd704b74e0f6c94a804,"Merge pull request #248 from ReneeVandervelde/fix/completable-type

Remove generic type declaration for Completable bindings."
ReneeVandervelde,2017-11-06 18:19:05,https://api.github.com/repos/trello/RxLifecycle/git/commits/6e1ad0dbb80c2c82d91884490d3f6e80e9d110dd,6e1ad0dbb80c2c82d91884490d3f6e80e9d110dd,"Remove generic type declaration for Completable bindings.

Remove the unecessary generic type <T> from the kotlin extensions for
binding to Completable chains. The type declared in the signature is not
being used in the function, and doesn't make sense on a Completable, so
this looks like a copy/paste error.
This fixes the following error, when not specifying a type:

    Type inference failed: Not enough information to infer parameter T in fun <T> Completable.bindUntilEvent(owner: LifecycleOwner, event: Lifecycle.Event): Completable"
dlew,2017-09-07 00:22:51,https://api.github.com/repos/trello/RxLifecycle/git/commits/339d73d856f030634e74c1e7739dfd13e6aa3065,339d73d856f030634e74c1e7739dfd13e6aa3065,"Merge pull request #241 from trello/dlew/prep-2.2.0

Prepare v2.2.0 release"
dlew,2017-09-07 00:11:00,https://api.github.com/repos/trello/RxLifecycle/git/commits/20c954213f187d17e59da69ea44eced3ddc7b6f5,20c954213f187d17e59da69ea44eced3ddc7b6f5,Prepare v2.2.0 release
dlew,2017-09-07 00:03:19,https://api.github.com/repos/trello/RxLifecycle/git/commits/d7f2dcaca44cb93bbcc5b12da791a4e74b442a81,d7f2dcaca44cb93bbcc5b12da791a4e74b442a81,"Merge pull request #240 from trello/dlew/dependencies

Upgraded dependencies"
dlew,2017-09-06 23:19:56,https://api.github.com/repos/trello/RxLifecycle/git/commits/c6456fb0bd4c7b4779b923a82e89cf3ef5b62c7b,c6456fb0bd4c7b4779b923a82e89cf3ef5b62c7b,Upgraded dependencies
dlew,2017-09-05 14:03:51,https://api.github.com/repos/trello/RxLifecycle/git/commits/bccfe161b8bece17cec9b7e9478226bd52f7e7b7,bccfe161b8bece17cec9b7e9478226bd52f7e7b7,"Merge pull request #239 from pawegio/rx-preference-fragment-compat

Add RxPreferenceFragmentCompat component"
pawegio,2017-09-01 08:56:44,https://api.github.com/repos/trello/RxLifecycle/git/commits/eeeadaa49983e5f9dfe4a852eb54618d5ff5f5b5,eeeadaa49983e5f9dfe4a852eb54618d5ff5f5b5,Add missing preference fragment compat components
pawegio,2017-09-01 07:43:01,https://api.github.com/repos/trello/RxLifecycle/git/commits/53a60122dc517cb9397234c650d3456c11b0ee91,53a60122dc517cb9397234c650d3456c11b0ee91,Extract support preference components module
dlew,2017-08-30 13:33:37,https://api.github.com/repos/trello/RxLifecycle/git/commits/79548416d66bbac6f8ee5fa4d34263d82d792967,79548416d66bbac6f8ee5fa4d34263d82d792967,"Merge pull request #238 from sereden/update-google-support-library-26-0-1

Update google support library to latest 26.0.1"
pawegio,2017-08-30 12:38:47,https://api.github.com/repos/trello/RxLifecycle/git/commits/b0ec8de439d302726b5860b20dfcdaabb2bc82f4,b0ec8de439d302726b5860b20dfcdaabb2bc82f4,Add RxPreferenceFragmentCompat component
dlew,2017-08-11 13:38:17,https://api.github.com/repos/trello/RxLifecycle/git/commits/9aa88c9fa1cc1e571c2d64defa8aa0ff1b755667,9aa88c9fa1cc1e571c2d64defa8aa0ff1b755667,"Merge pull request #235 from sereden/google_support_library_26_0_0

Update google support library to the latest 26.0.0"
dlew,2017-07-17 16:57:44,https://api.github.com/repos/trello/RxLifecycle/git/commits/4663fbd61ae928c9aea1f1b9e097ea4fa16ce225,4663fbd61ae928c9aea1f1b9e097ea4fa16ce225,"Merge pull request #230 from trello/dlew/dependencies

Updated various dependencies"
dlew,2017-07-17 15:14:01,https://api.github.com/repos/trello/RxLifecycle/git/commits/53cfa7a3d4c5c5d848cce6b38b701461924a8c23,53cfa7a3d4c5c5d848cce6b38b701461924a8c23,Updated various dependencies
dlew,2017-05-30 12:54:39,https://api.github.com/repos/trello/RxLifecycle/git/commits/44e53ce3a91f7017b1a2cb848a01cbc73dcc5281,44e53ce3a91f7017b1a2cb848a01cbc73dcc5281,"Merge pull request #223 from synapticvoid/fix/readme-url-typo

Fixed installation url typo in README"
synapticvoid,2017-05-30 07:13:36,https://api.github.com/repos/trello/RxLifecycle/git/commits/c4412b6f601d0ad5b460a58bcf034af00bd99d34,c4412b6f601d0ad5b460a58bcf034af00bd99d34,"Fixed installation url typo in README

Close #222"
dlew,2017-05-27 15:55:13,https://api.github.com/repos/trello/RxLifecycle/git/commits/85149880dd6f27e3aa78287ec23e487dd749cd3f,85149880dd6f27e3aa78287ec23e487dd749cd3f,Fixed missing newline in changelog
dlew,2017-05-27 15:54:04,https://api.github.com/repos/trello/RxLifecycle/git/commits/ec9a75f87b36d23eb5788dad9ef3046e8bba63a4,ec9a75f87b36d23eb5788dad9ef3046e8bba63a4,"Merge pull request #221 from trello/dlew/prep-2.1.0

Prepared release v2.1.0"
dlew,2017-05-27 15:41:05,https://api.github.com/repos/trello/RxLifecycle/git/commits/fd574f72762608f21caddc4f6fc9a1b3666a3cba,fd574f72762608f21caddc4f6fc9a1b3666a3cba,Prepared release v2.1.0
dlew,2017-05-27 15:38:13,https://api.github.com/repos/trello/RxLifecycle/git/commits/19c84e3d2011eaade9c283981abc814e2f7adc2f,19c84e3d2011eaade9c283981abc814e2f7adc2f,"Merge pull request #220 from trello/dlew/dependencies

Updated dependencies"
dlew,2017-05-27 15:22:34,https://api.github.com/repos/trello/RxLifecycle/git/commits/868f45fc157e271879e311feaa7f3235e583a316,868f45fc157e271879e311feaa7f3235e583a316,Updated dependencies
dlew,2017-05-27 14:55:48,https://api.github.com/repos/trello/RxLifecycle/git/commits/b5ef2ad2d89510fbc600426b43c39cfd252f75d8,b5ef2ad2d89510fbc600426b43c39cfd252f75d8,"Merge pull request #219 from trello/dlew/compile-only-jsr-305

Made JSR 305 compileOnly"
dlew,2017-05-27 13:42:35,https://api.github.com/repos/trello/RxLifecycle/git/commits/8b895cd384e140b113ede72f7a2c98b0a42dad41,8b895cd384e140b113ede72f7a2c98b0a42dad41,Made JSR 305 compileOnly
dlew,2017-05-27 13:33:45,https://api.github.com/repos/trello/RxLifecycle/git/commits/687e3f84edb1fa65e78f1b8e6aeea092813f540d,687e3f84edb1fa65e78f1b8e6aeea092813f540d,Added warning around android lifecycle components
dlew,2017-05-27 13:32:09,https://api.github.com/repos/trello/RxLifecycle/git/commits/7b6a3efabb1f5a5dcddddaecab2129839b29d8ef,7b6a3efabb1f5a5dcddddaecab2129839b29d8ef,"Merge pull request #216 from evant/android-lifecycle

 Added support for android-lifecycle"
evant,2017-05-27 00:56:44,https://api.github.com/repos/trello/RxLifecycle/git/commits/c11d5858240d057a599488b81b9f564c9a32b2cf,c11d5858240d057a599488b81b9f564c9a32b2cf,Added android-lifecycle info to README
evant,2017-05-27 00:47:56,https://api.github.com/repos/trello/RxLifecycle/git/commits/b2c68dec6af7738296a7ea6118d62fb54c428625,b2c68dec6af7738296a7ea6118d62fb54c428625,"Renamed RxLifecycleObserver to AndroidLifecycle

and changed constructor to factory method. This makes it better match
the navi provider."
evant,2017-05-27 00:26:07,https://api.github.com/repos/trello/RxLifecycle/git/commits/5242bb66aa6c4dc938f68c91e2e97fa1cd094115,5242bb66aa6c4dc938f68c91e2e97fa1cd094115,Created seperate rxlifecycle-android-lifecycle-kotlin module
evant,2017-05-21 22:05:37,https://api.github.com/repos/trello/RxLifecycle/git/commits/1d33e8a82ab008a9bb86db6448976364b811997b,1d33e8a82ab008a9bb86db6448976364b811997b,Added support for android-lifecycle
evant,2017-05-21 19:39:26,https://api.github.com/repos/trello/RxLifecycle/git/commits/d368e270ec31d434ae54e4f622fa7bde1bb3ba6e,d368e270ec31d434ae54e4f622fa7bde1bb3ba6e,Bump android gradle plugin to stable version.
dlew,2017-03-01 16:04:39,https://api.github.com/repos/trello/RxLifecycle/git/commits/9f7ee070bfcf6ce82e27ab158a732326c0b16d93,9f7ee070bfcf6ce82e27ab158a732326c0b16d93,"Merge pull request #202 from trello/dlew/dependencies

Update to latest dependencies"
dlew,2017-03-01 15:44:39,https://api.github.com/repos/trello/RxLifecycle/git/commits/5ceb9c84f1fad928134397968ebafdfc0a98a263,5ceb9c84f1fad928134397968ebafdfc0a98a263,"Use complete/not complete for tests instead of isDisposed()

TestObserver's disposed state is no longer automatically set when
onComplete is called."
dlew,2017-03-01 14:32:40,https://api.github.com/repos/trello/RxLifecycle/git/commits/4d337610db3b04025d7e39f352bd75b18734f139,4d337610db3b04025d7e39f352bd75b18734f139,Upgraded RxJava to 2.0.6
dlew,2017-03-01 14:31:13,https://api.github.com/repos/trello/RxLifecycle/git/commits/e4fe3a1939c11a02cc9a9d28e8e45efc767f421e,e4fe3a1939c11a02cc9a9d28e8e45efc767f421e,Upgraded Robolectric to 3.2.2
dlew,2017-03-01 14:29:20,https://api.github.com/repos/trello/RxLifecycle/git/commits/f084ca22fd90142f11baabb69819f5a3875b16ba,f084ca22fd90142f11baabb69819f5a3875b16ba,Upgraded support libraries to 25.2.0
dlew,2017-03-01 14:19:41,https://api.github.com/repos/trello/RxLifecycle/git/commits/8ba407ee486f89256c4e64390bee34f1df9d7b2f,8ba407ee486f89256c4e64390bee34f1df9d7b2f,Upgraded Kotlin to 1.1.0
dlew,2017-03-01 14:18:55,https://api.github.com/repos/trello/RxLifecycle/git/commits/edfac11095dbc0f0b36cbf605dfb66021540e252,edfac11095dbc0f0b36cbf605dfb66021540e252,Updated gradle-versions-plugin to 0.14.0
dlew,2017-03-01 14:18:33,https://api.github.com/repos/trello/RxLifecycle/git/commits/aa07629ac5095ee078e2d307e8153357190f44e8,aa07629ac5095ee078e2d307e8153357190f44e8,Updated Android plugin to 2.3.0-rc1
dlew,2017-03-01 14:16:45,https://api.github.com/repos/trello/RxLifecycle/git/commits/acb060a1432c69074905cd34819f319edfdac99a,acb060a1432c69074905cd34819f319edfdac99a,Updated wrapper to Gradle 3.4
dlew,2016-11-23 14:19:12,https://api.github.com/repos/trello/RxLifecycle/git/commits/20556f59563da397eba315faede496fe55117b2a,20556f59563da397eba315faede496fe55117b2a,"Merge pull request #184 from trello/dlew/prep-2.0.1

Prepare v2.0.1"
dlew,2016-11-23 14:01:37,https://api.github.com/repos/trello/RxLifecycle/git/commits/e72fdc0715a14c959959b1a46c51a9e8988cf3d5,e72fdc0715a14c959959b1a46c51a9e8988cf3d5,Prepare v2.0.1
dlew,2016-11-21 21:01:28,https://api.github.com/repos/trello/RxLifecycle/git/commits/662207db23677563e57c9e393920d03223ec5e65,662207db23677563e57c9e393920d03223ec5e65,"Merge pull request #183 from trello/dlew/fix-null-mapping

Do not use null filtering for mapping events"
dlew,2016-11-21 20:44:48,https://api.github.com/repos/trello/RxLifecycle/git/commits/99ca30d9734167bf52f534a340e55006ade4a06b,99ca30d9734167bf52f534a340e55006ade4a06b,"Do not use null filtering for mapping events

Since RxJava 2 doesn't like nulls! Now we filter based on the event
beforehand, then map it afterwards."
dlew,2016-11-21 19:46:02,https://api.github.com/repos/trello/RxLifecycle/git/commits/ab4f41d54895612a8525a269a1c3aec6cfc422d0,ab4f41d54895612a8525a269a1c3aec6cfc422d0,"Merge pull request #181 from trello/dlew/prep-2.0

Prepare 2.0 release"
dlew,2016-11-21 19:12:49,https://api.github.com/repos/trello/RxLifecycle/git/commits/690c59f01c2a8a229b109f134b65e9e69407ab89,690c59f01c2a8a229b109f134b65e9e69407ab89,Prepare 2.0 release
dlew,2016-11-08 15:53:10,https://api.github.com/repos/trello/RxLifecycle/git/commits/424da0d2517c472e7ed56d7481e162be73f7ffc4,424da0d2517c472e7ed56d7481e162be73f7ffc4,"Merge pull request #177 from trello/dlew/copyright

Added copyright to files that don't have them"
dlew,2016-11-08 14:53:15,https://api.github.com/repos/trello/RxLifecycle/git/commits/ac08fda949fca30959992d67cdf53f0fdbce21ad,ac08fda949fca30959992d67cdf53f0fdbce21ad,Added copyright to files that don't have them
dlew,2016-11-08 14:41:52,https://api.github.com/repos/trello/RxLifecycle/git/commits/9832bd94f360081dbff9739a784418a7c5ec7b47,9832bd94f360081dbff9739a784418a7c5ec7b47,"Merge pull request #176 from trello/dlew/kotlin-extensions

Filled out Kotlin extensions"
dlew,2016-11-07 20:39:52,https://api.github.com/repos/trello/RxLifecycle/git/commits/533f65543370350775b41e8a5638ea7cee3f4e26,533f65543370350775b41e8a5638ea7cee3f4e26,Filled out Kotlin extensions
dlew,2016-11-07 20:17:42,https://api.github.com/repos/trello/RxLifecycle/git/commits/bac6f426f8ee5d1bdaf77e7dc71b376a2fae9066,bac6f426f8ee5d1bdaf77e7dc71b376a2fae9066,Updated changelog and readme for RxLifecycle 2
dlew,2016-11-07 20:01:06,https://api.github.com/repos/trello/RxLifecycle/git/commits/33dd53f4d9cae686f854faa29825ae5e6c31f33f,33dd53f4d9cae686f854faa29825ae5e6c31f33f,"Merge pull request #175 from trello/dlew/outside-lifecycle-test

Added test for OutsideLifecycleException handling"
dlew,2016-11-04 20:33:08,https://api.github.com/repos/trello/RxLifecycle/git/commits/04affd65174efd6c1c421ed8e99091bb03cb5408,04affd65174efd6c1c421ed8e99091bb03cb5408,Added test for OutsideLifecycleException handling
dlew,2016-11-04 20:21:07,https://api.github.com/repos/trello/RxLifecycle/git/commits/f7671735b0f9dd79ceeda38acb0ee198db6c3293,f7671735b0f9dd79ceeda38acb0ee198db6c3293,"Merge pull request #174 from trello/dlew/simplify-implementation

Greatly simplify implementation"
dlew,2016-11-04 19:33:07,https://api.github.com/repos/trello/RxLifecycle/git/commits/0f1387f48aff255bcb86fa68c8d58ef1c87035d1,0f1387f48aff255bcb86fa68c8d58ef1c87035d1,"Consolidated everything into LifecycleTransformer

There was no need for multiple Transformer classes, as everything
comes down to waiting for a single event from a source Observable.
As such, we can make LifecycleTransformer a concrete class that
listens to a second Observable (and the RxLifecycle methods
just feed into it)."
dlew,2016-11-04 19:28:33,https://api.github.com/repos/trello/RxLifecycle/git/commits/96da1062a0e990a4ae7ed9f2197c5ca1a208eb60,96da1062a0e990a4ae7ed9f2197c5ca1a208eb60,"Use RxLifecycle in all our tests

(Rather than accessing the classes directly)"
dlew,2016-11-04 19:34:58,https://api.github.com/repos/trello/RxLifecycle/git/commits/f2ba502efbd30c9df044e8544f4af86092d03644,f2ba502efbd30c9df044e8544f4af86092d03644,"Merge pull request #172 from trello/dlew/flowable-support

Added Flowable support"
dlew,2016-11-04 18:56:05,https://api.github.com/repos/trello/RxLifecycle/git/commits/508eb85a73f926b83f3ccef6e3b078ab7f7b4828,508eb85a73f926b83f3ccef6e3b078ab7f7b4828,Added Flowable support
dlew,2016-11-04 18:30:06,https://api.github.com/repos/trello/RxLifecycle/git/commits/83810b57ee2f05334b74ce76d18058ef64fd2aa2,83810b57ee2f05334b74ce76d18058ef64fd2aa2,"Merge pull request #171 from trello/dlew/minor-cleanup

A few minor cleanup things"
dlew,2016-11-04 18:03:24,https://api.github.com/repos/trello/RxLifecycle/git/commits/03eeaf6a99088e2f591ba6f94e579d023ac9c084,03eeaf6a99088e2f591ba6f94e579d023ac9c084,"Removed unnecessary TakeUntilGenerator

Now that everything is inside of one Transformer, no need to have
it be split out."
dlew,2016-11-04 16:17:39,https://api.github.com/repos/trello/RxLifecycle/git/commits/da97c3a840a56504b0350828373b58e06499ed29,da97c3a840a56504b0350828373b58e06499ed29,Minor cleanup
dlew,2016-11-04 18:10:43,https://api.github.com/repos/trello/RxLifecycle/git/commits/8ed8263c10c5574a2d11cb71cddc981c19d87469,8ed8263c10c5574a2d11cb71cddc981c19d87469,"Merge pull request #170 from trello/dlew/maybe-support

Added Maybe support"
dlew,2016-11-04 17:57:01,https://api.github.com/repos/trello/RxLifecycle/git/commits/fde6eb5d15f85363b1cbea1941b06ef084b3cde1,fde6eb5d15f85363b1cbea1941b06ef084b3cde1,Added Maybe support
dlew,2016-11-04 16:16:16,https://api.github.com/repos/trello/RxLifecycle/git/commits/a4ca4dd5884048dc4691582b4501c892b0c719de,a4ca4dd5884048dc4691582b4501c892b0c719de,"Merge pull request #169 from trello/dlew/move-package

Move to com.trello.rxlifecycle2"
dlew,2016-11-04 15:35:54,https://api.github.com/repos/trello/RxLifecycle/git/commits/6a1a678316811d4bb0e9512fe95453f2783e6042,6a1a678316811d4bb0e9512fe95453f2783e6042,Moved com.trello.rxlifecycle -> com.trello.rxlifecycle2
dlew,2016-11-04 15:30:59,https://api.github.com/repos/trello/RxLifecycle/git/commits/e1b5947a92590f7819ffb01cb22789b7571a022e,e1b5947a92590f7819ffb01cb22789b7571a022e,Updated group name & version number
dlew,2016-11-04 15:16:17,https://api.github.com/repos/trello/RxLifecycle/git/commits/b6720180669477094409a82f81ed7025f98d8e8c,b6720180669477094409a82f81ed7025f98d8e8c,"Merge pull request #168 from vanniktech/2.x_leverage_flatMapCompletable

Leverage flatMapCompletable"
vanniktech,2016-11-04 14:59:46,https://api.github.com/repos/trello/RxLifecycle/git/commits/71ee5c9583669ad7ddedc0bce64c1932772f652b,71ee5c9583669ad7ddedc0bce64c1932772f652b,Leverage flatMapCompletable
dlew,2016-11-04 14:49:29,https://api.github.com/repos/trello/RxLifecycle/git/commits/28ec8e84a06e5356252d042c651485ea503fa050,28ec8e84a06e5356252d042c651485ea503fa050,"Merge pull request #167 from trello/dlew/rxjava2

Upgrade to RxJava 2"
dlew,2016-11-04 14:30:30,https://api.github.com/repos/trello/RxLifecycle/git/commits/1c6dba47035ac9c4412e1a5837e28b0e23ce2a96,1c6dba47035ac9c4412e1a5837e28b0e23ce2a96,Use Completable.ambArray()
dlew,2016-11-04 14:29:20,https://api.github.com/repos/trello/RxLifecycle/git/commits/900ff666f744b5c48e150a48eba3d66aa3bd641f,900ff666f744b5c48e150a48eba3d66aa3bd641f,"Removed references to specific Transformers in javadoc

Now that we have just one omni-transformer"
dlew,2016-11-02 13:54:57,https://api.github.com/repos/trello/RxLifecycle/git/commits/2c4666bf6101e9bf38267cfd7841216fb41c39b2,2c4666bf6101e9bf38267cfd7841216fb41c39b2,"Upgrade to RxJava 2

The goal here is just to start the big transition, I'm sure there are
lots of little polishes/improvements we can do once this is in.

Some of the bigger changes:

- Removed dependency on RxBinding since there is no RxJava 2-based
  RxBinding yet. Implementing our own ViewDetachesOnSubscribe was
  not that bad.

- Rolled all Transformers into a single LifecycleTransformer, now that
  we can do so (due to composition-friendly interfaces)."
dlew,2016-11-03 19:48:29,https://api.github.com/repos/trello/RxLifecycle/git/commits/1a78ef1cc772e99e74aace5091b66ece7615764a,1a78ef1cc772e99e74aace5091b66ece7615764a,"Merge pull request #165 from trello/dlew/prep-1.x

Prepare 1.0 release"
dlew,2016-11-03 19:31:30,https://api.github.com/repos/trello/RxLifecycle/git/commits/11d71e563d09d1c994449239d6e1982b2bc111f8,11d71e563d09d1c994449239d6e1982b2bc111f8,Prepare 1.0 release
dlew,2016-11-02 13:48:15,https://api.github.com/repos/trello/RxLifecycle/git/commits/1c0784cbbec236e79ba94290fc9269bc9c6fa22b,1c0784cbbec236e79ba94290fc9269bc9c6fa22b,"Merge pull request #162 from trello/dlew/abstract-components

Made all components abstract"
dlew,2016-11-02 12:30:32,https://api.github.com/repos/trello/RxLifecycle/git/commits/5f845d0cd65366c6acbcdf94d7403075a52b8be8,5f845d0cd65366c6acbcdf94d7403075a52b8be8,"Made all components abstract

This both prevents the compiler from warning about unregistered
Activities and also signals to users that these classes are intended
to be subclassed."
dlew,2016-11-02 13:18:18,https://api.github.com/repos/trello/RxLifecycle/git/commits/4a2cf7d201cb43962ab688d4f7c725d0019a956b,4a2cf7d201cb43962ab688d4f7c725d0019a956b,"Merge pull request #161 from trello/dlew/tag-length

Minor fix for long tag length"
dlew,2016-11-02 12:28:55,https://api.github.com/repos/trello/RxLifecycle/git/commits/b9d70969d1c4cc90d158ba66fae036a1b541ea6e,b9d70969d1c4cc90d158ba66fae036a1b541ea6e,"Minor fix for long tag length

Goes beyond max limit for tags"
dlew,2016-11-01 20:57:46,https://api.github.com/repos/trello/RxLifecycle/git/commits/593bd376d527eb44da2f145b947d8db5029360f0,593bd376d527eb44da2f145b947d8db5029360f0,"Merge pull request #160 from trello/dlew/dependencies

Updated dependencies"
dlew,2016-11-01 18:56:26,https://api.github.com/repos/trello/RxLifecycle/git/commits/e625d4037368a9a11599f32394fee709e246c066,e625d4037368a9a11599f32394fee709e246c066,Updated dependencies
dlew,2016-10-28 19:52:22,https://api.github.com/repos/trello/RxLifecycle/git/commits/9c8deae8686ad8f8f736b13028761bc654791667,9c8deae8686ad8f8f736b13028761bc654791667,"Merge pull request #159 from trello/dlew/upgrade-rxjava-121

Upgraded to support RxJava 1.2.1"
dlew,2016-10-28 18:24:03,https://api.github.com/repos/trello/RxLifecycle/git/commits/e860cf03efcf6d54a00b653fa2ef0a2746e3a370,e860cf03efcf6d54a00b653fa2ef0a2746e3a370,"Added protection against accidentally passing tests

If the value was emitted before we wanted it, we might accidentally
be passing the test regardless of correctness."
dlew,2016-10-28 18:07:21,https://api.github.com/repos/trello/RxLifecycle/git/commits/8f6ecc51343175641ccc5104b079ed4f0bf81048,8f6ecc51343175641ccc5104b079ed4f0bf81048,"Upgraded to support RxJava 1.2.1

The tests errantly believed that Single was backpressure aware. It's
not. Now we use a TestScheduler to control the emissions of the
Single for timing purposes."
dlew,2016-10-17 13:27:41,https://api.github.com/repos/trello/RxLifecycle/git/commits/4f1fa3be6404d5a4f3329f31f9c223792249fa43,4f1fa3be6404d5a4f3329f31f9c223792249fa43,"Merge pull request #157 from jvanderwee/RxPreferenceFragment

Added RxPreferenceFragment"
dlew,2016-09-19 15:07:42,https://api.github.com/repos/trello/RxLifecycle/git/commits/6d86c593ea42b567bdd642d3eb8dfc2a93c5f549,6d86c593ea42b567bdd642d3eb8dfc2a93c5f549,"Merge pull request #153 from trello/dlew/0.8.0

Prepare v0.8.0 release"
dlew,2016-09-19 13:47:10,https://api.github.com/repos/trello/RxLifecycle/git/commits/37ae15c735048274369a9ed353d3fb23451440fa,37ae15c735048274369a9ed353d3fb23451440fa,Prepare v0.8.0 release
dlew,2016-09-19 13:44:20,https://api.github.com/repos/trello/RxLifecycle/git/commits/14321f950f86a79338cfd168b47ab6fe05e06c55,14321f950f86a79338cfd168b47ab6fe05e06c55,"Merge pull request #152 from trello/dlew/rxjava-1.2.0

Updated to RxJava 1.2.0"
dlew,2016-09-19 13:27:17,https://api.github.com/repos/trello/RxLifecycle/git/commits/caec55533214e4024b0046aba625afe5e95081fa,caec55533214e4024b0046aba625afe5e95081fa,"Updated to RxJava 1.2.0

One important change: Completable.CompletableTransformer is now just
Completable.Transformer."
dlew,2016-08-25 19:42:25,https://api.github.com/repos/trello/RxLifecycle/git/commits/41ca9edaa2e3ac8013782250df95be8267859d1a,41ca9edaa2e3ac8013782250df95be8267859d1a,"Merge pull request #148 from vanniktech/update_latest_android_tools

Update to latest Gradle Android Tools (2.1.3)"
vanniktech,2016-08-25 15:27:14,https://api.github.com/repos/trello/RxLifecycle/git/commits/a6ee7f7b31f65aac505f1524b910997ada73b213,a6ee7f7b31f65aac505f1524b910997ada73b213,Update to latest Gradle Android Tools (2.1.3)
dlew,2016-08-24 21:00:04,https://api.github.com/repos/trello/RxLifecycle/git/commits/f678512ad4ff93d2ebfde4139845bb83d5114c01,f678512ad4ff93d2ebfde4139845bb83d5114c01,"Merge pull request #147 from trello/dlew/prep-0.7.0

Prepared 0.7.0 release"
dlew,2016-08-24 20:40:05,https://api.github.com/repos/trello/RxLifecycle/git/commits/f92dccec480c5e670c8f4cbe5a38271e4c22bcc3,f92dccec480c5e670c8f4cbe5a38271e4c22bcc3,Added sources/javadoc to core java
dlew,2016-08-24 20:18:12,https://api.github.com/repos/trello/RxLifecycle/git/commits/1438559d77122d6049df0c451f8dc780c39e6225,1438559d77122d6049df0c451f8dc780c39e6225,Prepared 0.7.0 release
dlew,2016-08-24 20:05:51,https://api.github.com/repos/trello/RxLifecycle/git/commits/b419684f23008d2a8a5ea885a16e15f0188d8c00,b419684f23008d2a8a5ea885a16e15f0188d8c00,"Merge pull request #146 from trello/dlew/dependencies

Updated dependencies"
dlew,2016-08-24 19:47:32,https://api.github.com/repos/trello/RxLifecycle/git/commits/6e8c1c2564a4c66c1f4b72dbac0a7b0c89f7bc70,6e8c1c2564a4c66c1f4b72dbac0a7b0c89f7bc70,Updated dependencies
dlew,2016-08-24 19:31:18,https://api.github.com/repos/trello/RxLifecycle/git/commits/0e354232c852fab580bdf614c5895791e04593ca,0e354232c852fab580bdf614c5895791e04593ca,"Merge pull request #143 from trello/dlew/split-core

Split Android parts of rxlifecycle into rxlifecycle-android"
dlew,2016-08-24 19:01:22,https://api.github.com/repos/trello/RxLifecycle/git/commits/c912344cc16e6b9d47fa55fd4301cec65684d48b,c912344cc16e6b9d47fa55fd4301cec65684d48b,"Use JSR 305 annotations

We can't use Android annotations because this is a pure Java lib now.

We can't use IntelliJ annotations because Kotlin's runtime includes them."
dlew,2016-08-24 18:03:13,https://api.github.com/repos/trello/RxLifecycle/git/commits/3d7092181aedb7fdabbcb8c49b7d816a542b8e43,3d7092181aedb7fdabbcb8c49b7d816a542b8e43,"Added android maven plugin

So that we can do local Maven installs of AARs for testing purposes."
dlew,2016-08-15 13:32:10,https://api.github.com/repos/trello/RxLifecycle/git/commits/ac74ab7217a8bfcc5983033766149378adff6585,ac74ab7217a8bfcc5983033766149378adff6585,Make rxlifecycle core a pure Java project
dlew,2016-08-12 21:15:20,https://api.github.com/repos/trello/RxLifecycle/git/commits/ef374571ae3b3e69f93b4958e8701e2f43534fa5,ef374571ae3b3e69f93b4958e8701e2f43534fa5,Split Android parts of rxlifecycle into rxlifecycle-android
vanniktech,2016-08-12 12:52:34,https://api.github.com/repos/trello/RxLifecycle/git/commits/994ed98974bab2a530202f2e66d8dcb82b21c9f7,994ed98974bab2a530202f2e66d8dcb82b21c9f7,Update RxJava to 1.1.9 & Navi to 0.2.2 (#142)
dlew,2016-08-11 14:59:05,https://api.github.com/repos/trello/RxLifecycle/git/commits/25627da8121eb46566d9a16f2b8fdea54970f5bf,25627da8121eb46566d9a16f2b8fdea54970f5bf,Fixed type inference for LifecycleTransformer.forSingle() (#140)
dlew,2016-08-11 14:18:01,https://api.github.com/repos/trello/RxLifecycle/git/commits/e052f2a1d75a0528ba331e937a8d8c27d466e2b6,e052f2a1d75a0528ba331e937a8d8c27d466e2b6,"Removed specific Activity/Fragment lifecycle providers (#139)

They were unnecessary in the face of a generic LifecycleProvider."
tbsandee,2016-08-10 21:10:40,https://api.github.com/repos/trello/RxLifecycle/git/commits/b88925162ed86ce25179c4ed5412963f4390e073,b88925162ed86ce25179c4ed5412963f4390e073,add LifecycleProvider super-interface (#138)
xiphirx,2016-08-02 03:00:20,https://api.github.com/repos/trello/RxLifecycle/git/commits/ad125eb5b16bca2cfce7cb71fc2e5d19603b3089,ad125eb5b16bca2cfce7cb71fc2e5d19603b3089,Add Kotlin extensions for Singles and Completables (#135)
vanniktech,2016-06-20 16:11:46,https://api.github.com/repos/trello/RxLifecycle/git/commits/e853f0a4e6c1fd439f8c46528e747b23758987d2,e853f0a4e6c1fd439f8c46528e747b23758987d2,"Minor documentation tweaks (#129)

* Minor documentation tweaks

* Adjust documentation"
dlew,2016-06-20 16:11:24,https://api.github.com/repos/trello/RxLifecycle/git/commits/4aef49f5a75ce1ef352a8f6cd41c24470e86f73a,4aef49f5a75ce1ef352a8f6cd41c24470e86f73a,"Merge pull request #128 from vanniktech/master_annotations

Spread some more annotations"
dlew,2016-06-20 13:24:29,https://api.github.com/repos/trello/RxLifecycle/git/commits/64a49035078d8986a9c3a4d22be85bf537dcdda9,64a49035078d8986a9c3a4d22be85bf537dcdda9,"Merge pull request #130 from vanniktech/master_inspection_fixes

Fix some minor warnings"
vanniktech,2016-06-20 10:02:53,https://api.github.com/repos/trello/RxLifecycle/git/commits/dd70c832eb4eb4b03d772b300f8599056c9f6fc2,dd70c832eb4eb4b03d772b300f8599056c9f6fc2,Fix some minor warnings
vanniktech,2016-06-20 10:00:14,https://api.github.com/repos/trello/RxLifecycle/git/commits/d95caa5055c6241c7c8f7a961beb50755fa26ff4,d95caa5055c6241c7c8f7a961beb50755fa26ff4,Spread some more annotations
dlew,2016-05-11 22:26:37,https://api.github.com/repos/trello/RxLifecycle/git/commits/5888353bf7a48ae2786d40f69bccc158adcbfdf6,5888353bf7a48ae2786d40f69bccc158adcbfdf6,"Merge pull request #119 from trello/dlew/0.6.1

Prepare v0.6.1 release"
dlew,2016-05-11 21:55:36,https://api.github.com/repos/trello/RxLifecycle/git/commits/046c5ac8eeb78cc5c19cca42bdd7b197d65a91e0,046c5ac8eeb78cc5c19cca42bdd7b197d65a91e0,Prepare v0.6.1 release
dlew,2016-05-11 21:51:49,https://api.github.com/repos/trello/RxLifecycle/git/commits/eba68f65636d596102f06cc42f404b7666da71b7,eba68f65636d596102f06cc42f404b7666da71b7,"Merge pull request #118 from trello/dlew/lifecycle-transformer-everywhere

Use LifecycleTransformer in the provider interfaces"
dlew,2016-05-11 21:17:02,https://api.github.com/repos/trello/RxLifecycle/git/commits/ed36933158e2b43fe66c38a09e17e3c684a46a76,ed36933158e2b43fe66c38a09e17e3c684a46a76,Use LifecycleTransformer in the provider interfaces
dlew,2016-05-06 14:04:13,https://api.github.com/repos/trello/RxLifecycle/git/commits/2aa4aa1348f598c6ae0414a2463cff16a1536d69,2aa4aa1348f598c6ae0414a2463cff16a1536d69,"Merge pull request #116 from trello/dlew/0.6.0

Preparing 0.6.0"
dlew,2016-05-06 13:34:43,https://api.github.com/repos/trello/RxLifecycle/git/commits/03091835dadd135b4b5f8dd4935d984c7b2d99e9,03091835dadd135b4b5f8dd4935d984c7b2d99e9,Preparing v0.6.0 release
dlew,2016-05-06 13:21:50,https://api.github.com/repos/trello/RxLifecycle/git/commits/bf785c17d8569f430d639bd2a97d1fce8526ce9b,bf785c17d8569f430d639bd2a97d1fce8526ce9b,Added docs for LifecycleTransformer
dlew,2016-05-06 13:20:02,https://api.github.com/repos/trello/RxLifecycle/git/commits/ec49594c52b65208721b0c605bf654b47672e5f6,ec49594c52b65208721b0c605bf654b47672e5f6,"Merge pull request #115 from trello/dlew/completable-support

Add Completable support"
dlew,2016-05-06 13:06:40,https://api.github.com/repos/trello/RxLifecycle/git/commits/9d24a1ef13e21fb6b0094036bf2165294a148e6c,9d24a1ef13e21fb6b0094036bf2165294a148e6c,Added LifecycleTransformer.forCompletable()
dlew,2016-05-06 12:53:08,https://api.github.com/repos/trello/RxLifecycle/git/commits/e28e830ee5a118eb112914427063c44bec26dc02,e28e830ee5a118eb112914427063c44bec26dc02,Added Completable Transformers
dlew,2016-05-06 12:57:58,https://api.github.com/repos/trello/RxLifecycle/git/commits/00da7e875fefdd06da42da0032297ddc62f70ddd,00da7e875fefdd06da42da0032297ddc62f70ddd,Extracted constant functions into Functions for reuse
dlew,2016-05-06 12:42:46,https://api.github.com/repos/trello/RxLifecycle/git/commits/d326a85af68b071e58d8f09ade0afb2b2f3f8913,d326a85af68b071e58d8f09ade0afb2b2f3f8913,"Merge pull request #114 from trello/dlew/single-support

Added support for Single"
dlew,2016-05-05 00:27:24,https://api.github.com/repos/trello/RxLifecycle/git/commits/32d09f4cffd5f72a4fc2b1a7d7bb1977683be7e3,32d09f4cffd5f72a4fc2b1a7d7bb1977683be7e3,Added LifecycleTransformer for access to Single Transformers
dlew,2016-05-05 14:58:06,https://api.github.com/repos/trello/RxLifecycle/git/commits/be808eb50c5afbb91d0616a80e84008fcecc98ac,be808eb50c5afbb91d0616a80e84008fcecc98ac,Unify Observable/Single implementations
dlew,2016-05-05 14:47:31,https://api.github.com/repos/trello/RxLifecycle/git/commits/2544929273458a81709ced631351262fd5bc3fd8,2544929273458a81709ced631351262fd5bc3fd8,Added Single versions of Transformers
dlew,2016-05-05 14:20:51,https://api.github.com/repos/trello/RxLifecycle/git/commits/1721d9a0bfc56d27784c2fb0a01821a87cd8f85e,1721d9a0bfc56d27784c2fb0a01821a87cd8f85e,Improved existing tests
dlew,2016-05-05 01:10:34,https://api.github.com/repos/trello/RxLifecycle/git/commits/131087b528ff96b1bee17098334fb676f6573f2d,131087b528ff96b1bee17098334fb676f6573f2d,"Merge pull request #112 from trello/dlew/extract-transformers

Moved Transformer implementations out of RxLifecycle"
dlew,2016-05-05 00:05:30,https://api.github.com/repos/trello/RxLifecycle/git/commits/732c9d38c2146ac73367a8473efbed464e8befb9,732c9d38c2146ac73367a8473efbed464e8befb9,"Moved Transformer implementations out of RxLifecycle

Now with more focused tests as well!"
dlew,2016-05-05 00:26:29,https://api.github.com/repos/trello/RxLifecycle/git/commits/7854af24478ca2d783328d4a0ef86f40c13df953,7854af24478ca2d783328d4a0ef86f40c13df953,"Merge pull request #111 from trello/dlew/app-compat-dialog-fragment

Added support for AppCompatDialogFragment"
dlew,2016-05-04 23:49:51,https://api.github.com/repos/trello/RxLifecycle/git/commits/694787b074050636a209157a9e5e0a5f71743342,694787b074050636a209157a9e5e0a5f71743342,Added support for AppCompatDialogFragment
dlew,2016-05-05 00:09:54,https://api.github.com/repos/trello/RxLifecycle/git/commits/3291abb32e2bd502516ee5b2df901fbf91316d85,3291abb32e2bd502516ee5b2df901fbf91316d85,"Merge pull request #110 from trello/dlew/add-warning

Added thread warning to bindView()"
dlew,2016-05-04 23:50:25,https://api.github.com/repos/trello/RxLifecycle/git/commits/41b7d3af6f3899b5d949bc1d9f7d69c21c0afb41,41b7d3af6f3899b5d949bc1d9f7d69c21c0afb41,"Merge pull request #109 from trello/dlew/dependencies

Updated dependencies"
dlew,2016-05-04 23:47:03,https://api.github.com/repos/trello/RxLifecycle/git/commits/c81dacf61c40876dff8c22558a56bd1819544bab,c81dacf61c40876dff8c22558a56bd1819544bab,Added thread warning to bindView()
dlew,2016-05-04 23:39:38,https://api.github.com/repos/trello/RxLifecycle/git/commits/b84e333722300d04e6a0f4af0b7058546eb78907,b84e333722300d04e6a0f4af0b7058546eb78907,Updated other dependencies
dlew,2016-05-04 23:34:26,https://api.github.com/repos/trello/RxLifecycle/git/commits/a2e5233f5c1e7a9846d91b0d0333fd692c94d88e,a2e5233f5c1e7a9846d91b0d0333fd692c94d88e,Updated to Gradle 2.13
dlew,2016-05-02 12:27:57,https://api.github.com/repos/trello/RxLifecycle/git/commits/da4570a2a0fa3d7690d41c8101b9ae2645ecaab0,da4570a2a0fa3d7690d41c8101b9ae2645ecaab0,"Merge pull request #107 from dsvoronin/master

fix navi package"
dsvoronin,2016-05-02 07:51:04,https://api.github.com/repos/trello/RxLifecycle/git/commits/2edef2cd692b2dade44792e1de965685072437a0,2edef2cd692b2dade44792e1de965685072437a0,fix navi package
dlew,2016-03-28 18:46:17,https://api.github.com/repos/trello/RxLifecycle/git/commits/595948eadefb293c3c31daa78ec2fb6861d76263,595948eadefb293c3c31daa78ec2fb6861d76263,"Merge pull request #99 from trello/dlew/kotlin-sample

Got Kotlin equivalent sample up and running"
dlew,2016-03-28 18:29:08,https://api.github.com/repos/trello/RxLifecycle/git/commits/2e7873f40f62650886bdc8eefb434253f75b9010,2e7873f40f62650886bdc8eefb434253f75b9010,Got Kotlin equivalent sample up and running
dlew,2016-03-18 17:17:32,https://api.github.com/repos/trello/RxLifecycle/git/commits/b6946619eb38afe8d07e9a76b4004f8dcd48c774,b6946619eb38afe8d07e9a76b4004f8dcd48c774,Added reference to lint check in README
dlew,2016-03-10 17:01:03,https://api.github.com/repos/trello/RxLifecycle/git/commits/294e871b4afc8c085169182c821125cc0c070d0f,294e871b4afc8c085169182c821125cc0c070d0f,"Merge pull request #95 from ajalt/patch-1

Fix minor typo in README"
ajalt,2016-03-10 16:48:02,https://api.github.com/repos/trello/RxLifecycle/git/commits/3f325646c0b922d3026fd4c2d656f9bcff6a81c2,3f325646c0b922d3026fd4c2d656f9bcff6a81c2,Fix minor typo in README.
dlew,2016-02-27 20:50:15,https://api.github.com/repos/trello/RxLifecycle/git/commits/56a401da3e1a13469f23f7aa1bfe7bf0b4413652,56a401da3e1a13469f23f7aa1bfe7bf0b4413652,"Merge pull request #92 from trello/dlew/prep-0.5.0

Preparing v0.5.0"
dlew,2016-02-27 19:42:21,https://api.github.com/repos/trello/RxLifecycle/git/commits/85099681bad6e64781e849bcd78b6b398182fb74,85099681bad6e64781e849bcd78b6b398182fb74,Preparing v0.5.0
dlew,2016-02-27 19:41:55,https://api.github.com/repos/trello/RxLifecycle/git/commits/1a1cd624102bfea4c81914ca67c95cd5774d4ab5,1a1cd624102bfea4c81914ca67c95cd5774d4ab5,"Merge pull request #91 from trello/dlew/navi-version

Updated to Navi 0.2.0"
dlew,2016-02-27 19:32:24,https://api.github.com/repos/trello/RxLifecycle/git/commits/9144cbd5a085d5f18d3f8e86c0ceaeb7dc1ec65f,9144cbd5a085d5f18d3f8e86c0ceaeb7dc1ec65f,Updated to Navi 0.2.0
dlew,2016-02-23 11:16:37,https://api.github.com/repos/trello/RxLifecycle/git/commits/3cc29d7219d3a687c8269419524e05cbf76a2428,3cc29d7219d3a687c8269419524e05cbf76a2428,"Merge pull request #88 from hzsweers/z/equals

Use `.equals()` instead of == for event comparison"
dlew,2016-02-23 11:15:41,https://api.github.com/repos/trello/RxLifecycle/git/commits/2a6c68b9c5646a4665083e8516ea1b3d438d4db7,2a6c68b9c5646a4665083e8516ea1b3d438d4db7,"Merge pull request #89 from hzsweers/z/outsidelifecycle

Make OutsideLifecycleException public"
ZacSweers,2016-02-23 07:22:57,https://api.github.com/repos/trello/RxLifecycle/git/commits/a72626546a1051c9952173e0b2ecdbb2d781cbb7,a72626546a1051c9952173e0b2ecdbb2d781cbb7,"Use `.equals()` instead of == for event comparison

Resolves #86"
ZacSweers,2016-02-23 07:27:59,https://api.github.com/repos/trello/RxLifecycle/git/commits/eb80bff2e6d99a2a9c237d52d72b5def9a8f26c5,eb80bff2e6d99a2a9c237d52d72b5def9a8f26c5,"Make OutsideLifecycleException public

Resolves #87"
dlew,2016-02-22 22:09:37,https://api.github.com/repos/trello/RxLifecycle/git/commits/0b3f3d7a11a883c668fba1534de49358d5f835c8,0b3f3d7a11a883c668fba1534de49358d5f835c8,"Merge pull request #85 from trello/dlew/more-annotations

Also spruced up annotations on NaviLifecycle"
dlew,2016-02-22 21:55:37,https://api.github.com/repos/trello/RxLifecycle/git/commits/6ebb4598adcce6985b1dec2fa415f3e8aa241eb6,6ebb4598adcce6985b1dec2fa415f3e8aa241eb6,Also spruced up annotations on NaviLifecycle
dlew,2016-02-22 21:53:39,https://api.github.com/repos/trello/RxLifecycle/git/commits/5e9492f5d797b4a9d3920d252b8748fe3b9dd3e2,5e9492f5d797b4a9d3920d252b8748fe3b9dd3e2,"Merge pull request #84 from trello/dlew/dependencies

Updated dependencies"
dlew,2016-02-22 21:53:36,https://api.github.com/repos/trello/RxLifecycle/git/commits/c200d680d3dd3da8b17e3e6cec30c9278a7efefd,c200d680d3dd3da8b17e3e6cec30c9278a7efefd,"Merge pull request #83 from trello/dlew/preconditions

Added annotations and preconditions"
dlew,2016-02-22 21:35:45,https://api.github.com/repos/trello/RxLifecycle/git/commits/9b8029618e257d13954c8f26f678d7e8bb7c9ff5,9b8029618e257d13954c8f26f678d7e8bb7c9ff5,Updated dependencies
dlew,2016-02-22 21:34:26,https://api.github.com/repos/trello/RxLifecycle/git/commits/d0a845e2dfe572d6b841457b1c856d0661f42e29,d0a845e2dfe572d6b841457b1c856d0661f42e29,Added gradle-versions-plugin
dlew,2016-02-22 21:30:03,https://api.github.com/repos/trello/RxLifecycle/git/commits/352cc9dc6b5d46200222375c3b5fb0c3c21f1072,352cc9dc6b5d46200222375c3b5fb0c3c21f1072,Added Preconditions.checkNotNull()
dlew,2016-02-22 21:24:29,https://api.github.com/repos/trello/RxLifecycle/git/commits/8b58ceeaeb4fe1a2e3a71d82b10ee5b797bdc287,8b58ceeaeb4fe1a2e3a71d82b10ee5b797bdc287,Added @CheckResult where appropriate
dlew,2016-02-22 20:48:57,https://api.github.com/repos/trello/RxLifecycle/git/commits/704a3977d603e211fd4d8a060c8e30ee0ead0e54,704a3977d603e211fd4d8a060c8e30ee0ead0e54,Added @NonNull annotations where appropriate
dlew,2016-02-22 20:46:47,https://api.github.com/repos/trello/RxLifecycle/git/commits/4d3eb3444fda6a409c7718065ffa30fce2eddf60,4d3eb3444fda6a409c7718065ffa30fce2eddf60,Explicitly added support annotations
dlew,2016-02-22 21:25:07,https://api.github.com/repos/trello/RxLifecycle/git/commits/f456cff935110e9b4b1e1441dc626578fd334865,f456cff935110e9b4b1e1441dc626578fd334865,"Merge pull request #82 from trello/dlew/bind

Opened up bind() methods"
dlew,2016-02-22 20:40:20,https://api.github.com/repos/trello/RxLifecycle/git/commits/3ec986905b9a2c46161d8c63f95642d62e06b8a1,3ec986905b9a2c46161d8c63f95642d62e06b8a1,"Opened up bind() methods

Also deprecated one bindView() method because its name was
completely misleading (it had nothing inherently to do with Views)."
dlew,2016-02-22 20:07:22,https://api.github.com/repos/trello/RxLifecycle/git/commits/da101be7a39f9a04fde08c991855ef4dde1645e9,da101be7a39f9a04fde08c991855ef4dde1645e9,"Merge pull request #80 from trello/dlew/bind-view-docs

Simplified bindView() documentation"
dlew,2016-02-22 19:57:42,https://api.github.com/repos/trello/RxLifecycle/git/commits/da043b54d2a956ed4c0bd216fabce79e57e45ed5,da043b54d2a956ed4c0bd216fabce79e57e45ed5,"Merge pull request #79 from trello/dlew/bind-until-event

Made bindUntilEvent() public, deprecated more specific calls"
dlew,2016-02-22 19:49:56,https://api.github.com/repos/trello/RxLifecycle/git/commits/2b31b0e57bb6c97cfe7698cad4865c2c8dc45f1f,2b31b0e57bb6c97cfe7698cad4865c2c8dc45f1f,Simplified bindView() documentation
dlew,2016-02-22 19:39:10,https://api.github.com/repos/trello/RxLifecycle/git/commits/28029ba4c52d4a1359e352fb1d319a097ede8503,28029ba4c52d4a1359e352fb1d319a097ede8503,"Made bindUntilEvent() public, deprecated more specific calls

In hindsight, it was totally unnecessary to split them up, since the
type checker will prevent you from binding FragmentEvents to
ActivityEvent streams and vice versa."
dlew,2016-02-16 15:19:14,https://api.github.com/repos/trello/RxLifecycle/git/commits/ddb6ba85d2ab6e466df880dceee751c09ba3f24f,ddb6ba85d2ab6e466df880dceee751c09ba3f24f,"Merge pull request #78 from dsvoronin/kotlin-module

rxlifecycle-kotlin module added with bind() syntax"
dsvoronin,2016-02-15 14:09:26,https://api.github.com/repos/trello/RxLifecycle/git/commits/aaec4cf00fc9cf7cc534e6f4e7d3e196db4610b4,aaec4cf00fc9cf7cc534e6f4e7d3e196db4610b4,kotlin 1.0 and bindUntilEvent()
dsvoronin,2016-02-15 10:18:52,https://api.github.com/repos/trello/RxLifecycle/git/commits/423665a2e14f960e22be027f940e99e9006490ef,423665a2e14f960e22be027f940e99e9006490ef,rxlifecycle-kotlin module added with bind() syntax
dlew,2015-12-10 15:30:40,https://api.github.com/repos/trello/RxLifecycle/git/commits/7a6b2da455b2e97b331107ae492286390bff1c0b,7a6b2da455b2e97b331107ae492286390bff1c0b,"Merge pull request #68 from trello/dlew/prep-0.4.0

Prepared 0.4.0 release"
dlew,2015-12-10 15:10:37,https://api.github.com/repos/trello/RxLifecycle/git/commits/1d227a19aa2235dd8ca70ef948fc17cd9db0f590,1d227a19aa2235dd8ca70ef948fc17cd9db0f590,Prepared 0.4.0 release
dlew,2015-12-10 14:57:38,https://api.github.com/repos/trello/RxLifecycle/git/commits/d37bb245677a9758efa1ec6d39142c6d74059b58,d37bb245677a9758efa1ec6d39142c6d74059b58,"Merge pull request #67 from trello/dlew/navi-improvements

Handle more test cases, simplify in navi impl"
dlew,2015-12-04 20:36:28,https://api.github.com/repos/trello/RxLifecycle/git/commits/170fb978ae61cfc7d17a9f03c5537cf46d90610b,170fb978ae61cfc7d17a9f03c5537cf46d90610b,"Handle more test cases, simplify in navi impl"
dlew,2015-12-03 15:29:23,https://api.github.com/repos/trello/RxLifecycle/git/commits/e6c77c19728497449c4b2c44cf480f436302debc,e6c77c19728497449c4b2c44cf480f436302debc,"Merge pull request #62 from trello/dlew/navi

Added Navi-based providers"
dlew,2015-12-03 01:34:31,https://api.github.com/repos/trello/RxLifecycle/git/commits/e7f5288406db714c8a5fa4796186f4251dcf6ae8,e7f5288406db714c8a5fa4796186f4251dcf6ae8,Added Navi-based providers
dlew,2015-12-03 01:22:17,https://api.github.com/repos/trello/RxLifecycle/git/commits/46e2069131a593c48bda7fdf8f8ef2aa4fe4bd7b,46e2069131a593c48bda7fdf8f8ef2aa4fe4bd7b,"Merge pull request #61 from trello/dlew/move-stuff

Moved Provider interfaces into core library"
dlew,2015-12-03 00:51:08,https://api.github.com/repos/trello/RxLifecycle/git/commits/30f2b311509187a116045b0ac5fcd36e4e7192fa,30f2b311509187a116045b0ac5fcd36e4e7192fa,"Moved Provider interfaces into core library

This will allow multiple implementations of the provider to
exist without having everyone depending on rxlifecycle-components"
dlew,2015-12-03 01:04:05,https://api.github.com/repos/trello/RxLifecycle/git/commits/684cc25c4372703f5ef36e1d6f649a63e48fff35,684cc25c4372703f5ef36e1d6f649a63e48fff35,"Merge pull request #60 from trello/dlew/revert-types

Revert ""Updated generic parameters of Transformer<T, T> to support Koâ€¦"
dlew,2015-12-03 00:43:12,https://api.github.com/repos/trello/RxLifecycle/git/commits/105c50f927ef65193e470eb1b574f4232f9fe902,105c50f927ef65193e470eb1b574f4232f9fe902,"Revert ""Updated generic parameters of Transformer<T, T> to support Kotlin type inference""

This reverts commit 43f052acd32ad44102e62aaf53501c2e14f8f5dd."
dlew,2015-11-27 20:57:32,https://api.github.com/repos/trello/RxLifecycle/git/commits/06ec05cc1184a1e8129b8c422b5f4b78ce310877,06ec05cc1184a1e8129b8c422b5f4b78ce310877,"Merge pull request #57 from trello/dlew/prep-0.3.1

Prepare 0.3.1 release"
dlew,2015-11-27 20:39:51,https://api.github.com/repos/trello/RxLifecycle/git/commits/b8c13d5f20fef5316bde441f94f4407ac3c39f16,b8c13d5f20fef5316bde441f94f4407ac3c39f16,Prepare 0.3.1 release
dlew,2015-11-27 20:35:13,https://api.github.com/repos/trello/RxLifecycle/git/commits/c8e853c80fb819832ce6786870da46bc6b856010,c8e853c80fb819832ce6786870da46bc6b856010,"Merge pull request #56 from trello/dlew/deps

Updated to latest dependencies"
dlew,2015-11-27 20:24:09,https://api.github.com/repos/trello/RxLifecycle/git/commits/7c8efd36088a988050cc6ad75fbe5d0942264ef9,7c8efd36088a988050cc6ad75fbe5d0942264ef9,Updated to latest dependencies
dlew,2015-11-05 14:44:47,https://api.github.com/repos/trello/RxLifecycle/git/commits/fae83596dacc47e1223234f1805c79c6f001335c,fae83596dacc47e1223234f1805c79c6f001335c,"Merge pull request #54 from vanniktech/master_callsuper_support

Add CallSuper annotation to provided Activity, Context and Dialog components"
vanniktech,2015-11-05 13:29:18,https://api.github.com/repos/trello/RxLifecycle/git/commits/b0b68a78110e8b4fb2a2c6e8a2297b9b8aabf7ca,b0b68a78110e8b4fb2a2c6e8a2297b9b8aabf7ca,"Add CallSuper annotation to provided Activity, Context and Dialog components"
dlew,2015-09-29 16:11:51,https://api.github.com/repos/trello/RxLifecycle/git/commits/0ed060a6c25ccfa8528516f940c1d3db2fb3da70,0ed060a6c25ccfa8528516f940c1d3db2fb3da70,"Merge pull request #46 from ntoskrnl/master

Updated Transformer's generic parameters"
dlew,2015-09-25 17:11:54,https://api.github.com/repos/trello/RxLifecycle/git/commits/de8348978832fc1aba2b01b2d6747a646efe2c46,de8348978832fc1aba2b01b2d6747a646efe2c46,"Merge pull request #43 from trello/dlew/update-readme

Distinguish between RxLifecycle and unsubscribe()"
dlew,2015-09-25 16:02:55,https://api.github.com/repos/trello/RxLifecycle/git/commits/049981f125db0385b419a6bd63cb4e9938850cf2,049981f125db0385b419a6bd63cb4e9938850cf2,Distinguish between RxLifecycle and unsubscribe()
dlew,2015-09-24 17:15:38,https://api.github.com/repos/trello/RxLifecycle/git/commits/c982273ee197e21755ad3b2bdeee9fa1f6bee694,c982273ee197e21755ad3b2bdeee9fa1f6bee694,"Merge pull request #41 from vanniktech/master_lint

Add fullBackupContent to Sample Android Manifest"
vanniktech,2015-09-24 08:29:35,https://api.github.com/repos/trello/RxLifecycle/git/commits/dca411506bcd5a7c9b185dacf0c623ba37d658fc,dca411506bcd5a7c9b185dacf0c623ba37d658fc,Add fullBackupContent to Sample Android Manifest
dlew,2015-09-23 13:28:46,https://api.github.com/repos/trello/RxLifecycle/git/commits/a2083e9ae28faf585ff4d1676b69fa2fd29ee761,a2083e9ae28faf585ff4d1676b69fa2fd29ee761,"Merge pull request #40 from vanniktech/master_test_cleanup

Made support testing methods private"
vanniktech,2015-09-23 06:19:07,https://api.github.com/repos/trello/RxLifecycle/git/commits/7e6102b9c5d2d0b695814cc3ad4f2da25552084b,7e6102b9c5d2d0b695814cc3ad4f2da25552084b,Made support testing methods private
dlew,2015-09-12 12:42:10,https://api.github.com/repos/trello/RxLifecycle/git/commits/7b25e806cde40b6d1ef765ec829d6756ec916f2d,7b25e806cde40b6d1ef765ec829d6756ec916f2d,"Merge pull request #38 from vanniktech/master

Upgrade Android Build Version to 23.0.1 together with Support Libs"
vanniktech,2015-09-12 09:29:16,https://api.github.com/repos/trello/RxLifecycle/git/commits/1f56f060ef35fd82bce5a854acf950a302477a2f,1f56f060ef35fd82bce5a854acf950a302477a2f,Upgrade Android Build Version to 23.0.1 together with Support Libs
dlew,2015-09-05 16:11:31,https://api.github.com/repos/trello/RxLifecycle/git/commits/5a783d4bf85ad524fd5d284371f4fc88a7467e3d,5a783d4bf85ad524fd5d284371f4fc88a7467e3d,"Merge pull request #34 from trello/dlew/0.3.0

Prepared 0.3.0 release"
dlew,2015-09-05 15:01:20,https://api.github.com/repos/trello/RxLifecycle/git/commits/6d364ac6b41e15a5a7d7acb8a856309cb8837e8e,6d364ac6b41e15a5a7d7acb8a856309cb8837e8e,Prepared 0.3.0 release
dlew,2015-09-05 14:45:11,https://api.github.com/repos/trello/RxLifecycle/git/commits/158bf8b86740991edb81796d377cd5e7f50749c2,158bf8b86740991edb81796d377cd5e7f50749c2,"Merge pull request #33 from trello/dlew/constants

Extracted some functions as constants"
dlew,2015-09-05 14:38:20,https://api.github.com/repos/trello/RxLifecycle/git/commits/250541edf34f68a6aa3dad790e0f7207a217d8ae,250541edf34f68a6aa3dad790e0f7207a217d8ae,"Merge pull request #32 from trello/dlew/docs

Removed unnecessary warnings from docs"
dlew,2015-09-05 14:37:14,https://api.github.com/repos/trello/RxLifecycle/git/commits/e4355f937c400fdeb41e4298beb20231d6a47d69,e4355f937c400fdeb41e4298beb20231d6a47d69,"Extracted some functions as constants

Less object creation overhead when using the library."
dlew,2015-09-05 14:33:55,https://api.github.com/repos/trello/RxLifecycle/git/commits/e3c5ab07b74955492b92af5dd8db00a9f930dd9d,e3c5ab07b74955492b92af5dd8db00a9f930dd9d,"Merge pull request #31 from trello/dlew/null-checking

Moved null-checking up to front of methods"
dlew,2015-09-05 14:27:21,https://api.github.com/repos/trello/RxLifecycle/git/commits/6d3f6756fac0fd89f550ad598f3f0f69e044479a,6d3f6756fac0fd89f550ad598f3f0f69e044479a,"Merge pull request #30 from trello/dlew/outside-lifecycle

Binding outside lifecycle causes instant completion"
dlew,2015-09-05 14:26:17,https://api.github.com/repos/trello/RxLifecycle/git/commits/f6c7f0458824bf9077e2dbbdaead2739ce95fc89,f6c7f0458824bf9077e2dbbdaead2739ce95fc89,"Moved null-checking up to front of methods

Also added a bunch of tests that the null checks are working"
dlew,2015-09-05 13:52:06,https://api.github.com/repos/trello/RxLifecycle/git/commits/2448962c58d789ece9015bf07b0b77cfa96c9d9c,2448962c58d789ece9015bf07b0b77cfa96c9d9c,"Binding outside lifecycle causes instant completion

Before, it would throw an exception, which doesn't make as much sense - if
the logic worked out such that you bound outside the lifecycle, that prboably
meant that you just don't want the subscription to occur outside the
lifecycle, so it should end immediately."
dlew,2015-09-05 13:54:18,https://api.github.com/repos/trello/RxLifecycle/git/commits/0e2cb9da47064e3267353fd8203b0e78d95b94d0,0e2cb9da47064e3267353fd8203b0e78d95b94d0,"Removed unnecessary warnings from docs

Now that we're using takeUntil it's not an issue anymore."
dlew,2015-08-31 12:46:48,https://api.github.com/repos/trello/RxLifecycle/git/commits/c12edf9716820a7aa8cb298e367b29562bec7a21,c12edf9716820a7aa8cb298e367b29562bec7a21,"Merge pull request #27 from yairkukielka/master

Small error on README.md file: onResume was not calling super.onResume()"
yairkukielka,2015-08-31 02:47:53,https://api.github.com/repos/trello/RxLifecycle/git/commits/97a4fccd41dccd68665b210d424e844183e77da3,97a4fccd41dccd68665b210d424e844183e77da3,"Amended small error on README.md file:
onResume not calling super.onResume()"
dlew,2015-08-29 20:26:03,https://api.github.com/repos/trello/RxLifecycle/git/commits/308093e21c48cfa638202c163ce06f6c9dd360d8,308093e21c48cfa638202c163ce06f6c9dd360d8,"Merge pull request #12 from hzsweers/z/bindview

Add bindView implementation and tests"
ZacSweers,2015-08-27 03:34:40,https://api.github.com/repos/trello/RxLifecycle/git/commits/e8fdbdb7eee12ea15bdfbd21929275fd98763cd5,e8fdbdb7eee12ea15bdfbd21929275fd98763cd5,Use ? extends E to allow for subclasses
ZacSweers,2015-08-25 21:52:56,https://api.github.com/repos/trello/RxLifecycle/git/commits/66bd497ab46ae1c88f34e8f1c5d87c97d98884b1,66bd497ab46ae1c88f34e8f1c5d87c97d98884b1,"Better generics and fix handling for non-""Object"" classes

Before, this would only work for ""Object""s and not subclasses, such as Strings. This fixes that with some proper generics and adds a test for it"
ZacSweers,2015-08-25 21:28:40,https://api.github.com/repos/trello/RxLifecycle/git/commits/b4c72bb83a334ed53bfa83b0cc8719cd768e139d,b4c72bb83a334ed53bfa83b0cc8719cd768e139d,Remove unnecessary newlines
ZacSweers,2015-08-23 22:32:58,https://api.github.com/repos/trello/RxLifecycle/git/commits/874e89ff9edb182dc9d0f9cdf85631e9ca85f980,874e89ff9edb182dc9d0f9cdf85631e9ca85f980,"Use RxBinding 0.2.0 and make bindView use its detaches() call under the hood

Simplifies things"
ZacSweers,2015-08-07 00:46:25,https://api.github.com/repos/trello/RxLifecycle/git/commits/b54687968d97ad055c0979b6976b104dff4b8315,b54687968d97ad055c0979b6976b104dff4b8315,Add missing trello copyright headers
ZacSweers,2015-08-07 00:43:55,https://api.github.com/repos/trello/RxLifecycle/git/commits/abe883d50693e92590b5e1ef22e162f4a7178e40,abe883d50693e92590b5e1ef22e162f4a7178e40,Update to android gradle plugin 1.3.0
ZacSweers,2015-08-07 00:43:11,https://api.github.com/repos/trello/RxLifecycle/git/commits/377dcf3a9098b85246057a8444ec403586417eb7,377dcf3a9098b85246057a8444ec403586417eb7,Add bindView implementation and tests
dlew,2015-08-19 18:07:11,https://api.github.com/repos/trello/RxLifecycle/git/commits/44f8e76fe3edf5169cabac3c2708431d55004c74,44f8e76fe3edf5169cabac3c2708431d55004c74,"Merge pull request #22 from trello/dlew/prep-release

Preparing 0.2.0 release"
dlew,2015-08-19 16:24:46,https://api.github.com/repos/trello/RxLifecycle/git/commits/c908767c0f3adbef3ccf3ad73f44f4c5dcd94151,c908767c0f3adbef3ccf3ad73f44f4c5dcd94151,Preparing 0.2.0 release
dlew,2015-08-19 16:05:27,https://api.github.com/repos/trello/RxLifecycle/git/commits/60824cbbc2701025357cede16dbefa403a9e7710,60824cbbc2701025357cede16dbefa403a9e7710,"Merge pull request #21 from trello/dlew/dependencies

Updated/improved dependencies"
dlew,2015-08-19 15:29:07,https://api.github.com/repos/trello/RxLifecycle/git/commits/19d20b50f6654e17a22c59b646ca24302e0a7231,19d20b50f6654e17a22c59b646ca24302e0a7231,Updated Travis CI for newest dependencies
dlew,2015-08-19 15:25:28,https://api.github.com/repos/trello/RxLifecycle/git/commits/a904b0631fb310d20c78d627cfa1a2b387bfe0dc,a904b0631fb310d20c78d627cfa1a2b387bfe0dc,Updated dependencies
dlew,2015-08-19 15:23:37,https://api.github.com/repos/trello/RxLifecycle/git/commits/c01c5ee18b3a0b56185184ce5bc9d400271b369e,c01c5ee18b3a0b56185184ce5bc9d400271b369e,"Extract dependency vars to root project

Unifies dependencies and also makes it easier to update"
dlew,2015-08-19 15:17:05,https://api.github.com/repos/trello/RxLifecycle/git/commits/5051a646be4d78b81cbb21c378e7cdc1a484da31,5051a646be4d78b81cbb21c378e7cdc1a484da31,"Merge pull request #20 from trello/dlew/lifecycle-tests

Added tests for lifecycle()"
dlew,2015-08-19 15:03:55,https://api.github.com/repos/trello/RxLifecycle/git/commits/1b158f9df6247a3e441cd6a4c79bc467929c86eb,1b158f9df6247a3e441cd6a4c79bc467929c86eb,Added tests for lifecycle()
dlew,2015-08-10 18:17:23,https://api.github.com/repos/trello/RxLifecycle/git/commits/1c3474281c9d25092f841dcb924e8ca3de9ad495,1c3474281c9d25092f841dcb924e8ca3de9ad495,"Merge pull request #17 from trello/dlew/deps

Updated to latest Android gradle plugin/RxJava"
dlew,2015-08-10 18:06:14,https://api.github.com/repos/trello/RxLifecycle/git/commits/caf2d51b604ee07fd107cce8d0b85b3b1d3e9411,caf2d51b604ee07fd107cce8d0b85b3b1d3e9411,"Merge pull request #16 from trello/dlew/minsdk

Lowered minSdkVersion to 14"
dlew,2015-08-10 18:06:07,https://api.github.com/repos/trello/RxLifecycle/git/commits/a1107d9121ca3d661af90928453f9f3e0f0f3166,a1107d9121ca3d661af90928453f9f3e0f0f3166,"Merge pull request #14 from trello/dlew/take-until

Converted OperatorSubscribeUntil -> takeUntil"
dlew,2015-08-10 18:05:40,https://api.github.com/repos/trello/RxLifecycle/git/commits/1a6f36d141a587d0c90a7e8b8cab23da96832093,1a6f36d141a587d0c90a7e8b8cab23da96832093,Updated to latest Android gradle plugin/RxJava
dlew,2015-08-10 17:56:32,https://api.github.com/repos/trello/RxLifecycle/git/commits/e5d820402902dc3b1b5a4a12c213d085e9ccf88f,e5d820402902dc3b1b5a4a12c213d085e9ccf88f,"Lowered minSdkVersion to 14

Because why not"
dlew,2015-08-10 13:42:41,https://api.github.com/repos/trello/RxLifecycle/git/commits/82aa266074a6b58da9f3cd3b65068385fd73ba19,82aa266074a6b58da9f3cd3b65068385fd73ba19,"Converted OperatorSubscribeUntil -> takeUntil

There was one key problem with OperatorSubscribeUntil, which is that
it had the potential to be incompatible with other Operators. This
required you to be careful about when you call it, which isn't great
for a library.

Switching to takeUntil means that onCompleted will be called when
the sequence completes due to a lifecycle event. But that's alright;
in most cases it won't change anything. Also, if someone *does*
need to terminate without onCompleted, they can manually handle
the Subscription and unsubscribe themselves."
dlew,2015-08-10 13:45:22,https://api.github.com/repos/trello/RxLifecycle/git/commits/4f6ec4d13e3df5b386755cde12d74e35cf1e9f27,4f6ec4d13e3df5b386755cde12d74e35cf1e9f27,"Use TestSubscriber for tests

This makes it easier to test certain Subscription states."
dlew,2015-07-23 20:04:24,https://api.github.com/repos/trello/RxLifecycle/git/commits/ee3eb5adc9f643168426de09dad5e081e64e8d50,ee3eb5adc9f643168426de09dad5e081e64e8d50,Updated CHANGELOG/README to represent release
dlew,2015-07-22 16:52:21,https://api.github.com/repos/trello/RxLifecycle/git/commits/375d8adfb531f0976708e9925af9206ffb2ade6c,375d8adfb531f0976708e9925af9206ffb2ade6c,Tweaked README
dlew,2015-07-22 15:12:06,https://api.github.com/repos/trello/RxLifecycle/git/commits/985c6f37fb9eb8bdb7c654f98557576cb60c949e,985c6f37fb9eb8bdb7c654f98557576cb60c949e,"Merge pull request #10 from trello/dlew/final

Made all component utilities final"
dlew,2015-07-22 14:59:01,https://api.github.com/repos/trello/RxLifecycle/git/commits/0a95a70fce412273ad37eebc1555657688704660,0a95a70fce412273ad37eebc1555657688704660,Made all component utilities final
dlew,2015-07-22 14:52:21,https://api.github.com/repos/trello/RxLifecycle/git/commits/4b949907c0427f1e3ff6adaa85f6fbdcca2c7923,4b949907c0427f1e3ff6adaa85f6fbdcca2c7923,"Merge pull request #8 from trello/dlew/release-snapshots

More release snapshot preparation"
dlew,2015-07-22 14:42:53,https://api.github.com/repos/trello/RxLifecycle/git/commits/9aa2d745446b3dc8768a9ea63d2130734027704e,9aa2d745446b3dc8768a9ea63d2130734027704e,Added CHANGELOG and initial notes
dlew,2015-07-22 14:22:36,https://api.github.com/repos/trello/RxLifecycle/git/commits/db1dda5dd22887a016d807791e56617cad31c71e,db1dda5dd22887a016d807791e56617cad31c71e,Updated README for getting snapshots
dlew,2015-07-22 14:16:02,https://api.github.com/repos/trello/RxLifecycle/git/commits/d26c28509df848ac9bb79505774e670f46266949,d26c28509df848ac9bb79505774e670f46266949,"Fixed missing information

Makes dependencies actually work properly when uploading to maven"
dlew,2015-07-21 20:29:45,https://api.github.com/repos/trello/RxLifecycle/git/commits/574949da810003ecbe4e74f401ecd03245c488c4,574949da810003ecbe4e74f401ecd03245c488c4,"Merge pull request #7 from trello/dlew/travis-ci

Add Travis CI"
dlew,2015-07-21 20:17:43,https://api.github.com/repos/trello/RxLifecycle/git/commits/c339b6c3e180f5d62ed8ce51df145c7dcbf49169,c339b6c3e180f5d62ed8ce51df145c7dcbf49169,Add Travis CI
dlew,2015-07-21 14:21:42,https://api.github.com/repos/trello/RxLifecycle/git/commits/1aa3027d6efe750f7cdcb7099f7f52e687c1085f,1aa3027d6efe750f7cdcb7099f7f52e687c1085f,"Merge pull request #6 from trello/dlew/mvn-push-prep

Prepared repo for pushing to maven"
dlew,2015-07-21 13:42:32,https://api.github.com/repos/trello/RxLifecycle/git/commits/192263a0f7a5cd0a9b848c9567c35d21b9aa84d7,192263a0f7a5cd0a9b848c9567c35d21b9aa84d7,Updated README
dlew,2015-07-20 20:15:18,https://api.github.com/repos/trello/RxLifecycle/git/commits/3f88eb0879ad2b4bbd003861cb71f6b32aea04b9,3f88eb0879ad2b4bbd003861cb71f6b32aea04b9,Updated dependency
dlew,2015-07-21 13:33:02,https://api.github.com/repos/trello/RxLifecycle/git/commits/9cc046d61c5be740ed3edb5275665eed4d7017c7,9cc046d61c5be740ed3edb5275665eed4d7017c7,Added basic gradle-mvn-push setup
dlew,2015-07-21 13:32:53,https://api.github.com/repos/trello/RxLifecycle/git/commits/e3539a424276ff792479cf300f7a4c65bcbd13d1,e3539a424276ff792479cf300f7a4c65bcbd13d1,Added artifact-generating script
dlew,2015-07-20 20:07:44,https://api.github.com/repos/trello/RxLifecycle/git/commits/48d0d74ef608770d9750a6bb6e584268be0278d4,48d0d74ef608770d9750a6bb6e584268be0278d4,"Spruced up Javadoc

Fixed some errors and added docs to methods lacking them."
dlew,2015-07-20 20:06:59,https://api.github.com/repos/trello/RxLifecycle/git/commits/dd8e8a018cd6f3b2b51b6a091967ba6a1d900bbd,dd8e8a018cd6f3b2b51b6a091967ba6a1d900bbd,"Merge pull request #4 from trello/dlew/sample

Added simple sample application"
aguynamedrich,2015-07-20 19:52:05,https://api.github.com/repos/trello/RxLifecycle/git/commits/d68e94fe610e7fe67e4a217b42fbf434d67f0fb2,d68e94fe610e7fe67e4a217b42fbf434d67f0fb2,"Merge pull request #5 from trello/aguynamedrich/git-ignore-idea-files

Added IntelliJ files to gitignore"
aguynamedrich,2015-07-20 19:50:23,https://api.github.com/repos/trello/RxLifecycle/git/commits/13a05a4e6c2b394d9adb3bac8756c84c20212478,13a05a4e6c2b394d9adb3bac8756c84c20212478,Added IntelliJ files to gitignore
dlew,2015-07-20 19:31:18,https://api.github.com/repos/trello/RxLifecycle/git/commits/4465f7cab413a864cad829576861c04332c86a79,4465f7cab413a864cad829576861c04332c86a79,Added simple sample application
dlew,2015-07-20 19:38:27,https://api.github.com/repos/trello/RxLifecycle/git/commits/24700e01b5118f0abd8ce310e16a988387f60b67,24700e01b5118f0abd8ce310e16a988387f60b67,"Merge pull request #3 from trello/dlew/components

Added rxlifecycle-components module"
dlew,2015-07-20 18:41:00,https://api.github.com/repos/trello/RxLifecycle/git/commits/d81fcf05e8cd6fb9aac957c6701f741514c62f6d,d81fcf05e8cd6fb9aac957c6701f741514c62f6d,Added support library components
dlew,2015-07-20 16:32:24,https://api.github.com/repos/trello/RxLifecycle/git/commits/d4a375dd2efb01f1aa9e4dbee4aa6487e4c70431,d4a375dd2efb01f1aa9e4dbee4aa6487e4c70431,"Added FragmentLifecycleProvider, implementations and tests

The tests are somewhat incomplete due to Robolectric limitations;
hoping they get resolved soon (or else we'll just switch to
something else)."
dlew,2015-07-20 16:23:58,https://api.github.com/repos/trello/RxLifecycle/git/commits/2f6bb1b7bd45ab5f8e6e5e8669e36e78e3a6d93b,2f6bb1b7bd45ab5f8e6e5e8669e36e78e3a6d93b,"Added ActivityLifecycleProvider, implementations and tests"
dlew,2015-07-20 16:23:49,https://api.github.com/repos/trello/RxLifecycle/git/commits/1a5cb024468d680c8b82e945d18533270f6f08ae,1a5cb024468d680c8b82e945d18533270f6f08ae,Added rxlifecycle-components module
dlew,2015-07-20 18:24:24,https://api.github.com/repos/trello/RxLifecycle/git/commits/e1c7ee210442436eb4a2bc956fda78be2e50d57f,e1c7ee210442436eb4a2bc956fda78be2e50d57f,"Merge pull request #2 from trello/dlew/explicit-events

Explicitly separated Activity/Fragment event handling"
dlew,2015-07-20 18:24:19,https://api.github.com/repos/trello/RxLifecycle/git/commits/540112271b30bb55199391a4eb14d775a1e0653f,540112271b30bb55199391a4eb14d775a1e0653f,"Merge pull request #1 from trello/dlew/specs

Added library usage/specs to README"
dlew,2015-07-20 15:39:41,https://api.github.com/repos/trello/RxLifecycle/git/commits/e5c5950699ea7f2c63fd07c95dc34ddf054a8c45,e5c5950699ea7f2c63fd07c95dc34ddf054a8c45,"Explicitly separated Activity/Fragment event handling

It was too easy in past versions to make the mistake of binding to
the wrong lifecycle. Being more explicit makes it a bit wordier,
but it should prevent any potential problems."
dlew,2015-07-20 15:27:57,https://api.github.com/repos/trello/RxLifecycle/git/commits/bbe0c3291cce8d356bb6fedfced87f63e1e34461,bbe0c3291cce8d356bb6fedfced87f63e1e34461,Added library usage/specs to README
dlew,2015-07-20 15:00:55,https://api.github.com/repos/trello/RxLifecycle/git/commits/5d20295c3ee7058b957957dde3534b9310d8baff,5d20295c3ee7058b957957dde3534b9310d8baff,"Renamed method names

The ""lifecycle"" seemed superfluous now that the base class is
called RxLifecycle."
dlew,2015-07-20 14:56:04,https://api.github.com/repos/trello/RxLifecycle/git/commits/b217e8085e1b6888fe788db2aa20297921f16f85,b217e8085e1b6888fe788db2aa20297921f16f85,"Switched to using Transformer + compose()

This will allow for inlining of lifecycle handling."
dlew,2015-07-20 14:38:53,https://api.github.com/repos/trello/RxLifecycle/git/commits/9b7dc9546139467530d8415500303602820069e0,9b7dc9546139467530d8415500303602820069e0,Reformatted RxLifecycle file
dlew,2015-07-20 14:37:26,https://api.github.com/repos/trello/RxLifecycle/git/commits/3247f4eea0dfa4de56104f1c74b5b1c14ff114aa,3247f4eea0dfa4de56104f1c74b5b1c14ff114aa,"Added warnings to documentation

This isn't necessarily the final fix, but let's keep things as
they are for now and warn of possible consequences."
dlew,2015-07-20 14:18:36,https://api.github.com/repos/trello/RxLifecycle/git/commits/dc8cb9a30582dfd102764f6fbc592e500e3f9068,dc8cb9a30582dfd102764f6fbc592e500e3f9068,Renamed LifecycleObservable -> RxLifecycle
dlew,2015-07-20 14:14:44,https://api.github.com/repos/trello/RxLifecycle/git/commits/a8fb739e3c9f1debb72ed053ed149b68217e2501,a8fb739e3c9f1debb72ed053ed149b68217e2501,"Added pre-existing code from RxAndroid

(From before it was whittled down to the current core.)"
dlew,2015-07-20 13:41:39,https://api.github.com/repos/trello/RxLifecycle/git/commits/7a601b81a4e5a8677fb9718f09598d0f4d6576ab,7a601b81a4e5a8677fb9718f09598d0f4d6576ab,Added basic Gradle build setup for library
dlew,2015-07-20 13:32:23,https://api.github.com/repos/trello/RxLifecycle/git/commits/3845f02e4991f8e1d040283e4b0175df9035eb23,3845f02e4991f8e1d040283e4b0175df9035eb23,Initial commit
