Animations,The Animation Collection.
username,timestamp,url,sha,message
YouXianMing,2019-03-21 02:49:11,https://api.github.com/repos/YouXianMing/Animations/git/commits/99107bd7f4a034dbf3c71a5169beb679f1ddf1af,99107bd7f4a034dbf3c71a5169beb679f1ddf1af,Merge branch 'master' of https://github.com/YouXianMing/Animations
YouXianMing,2019-03-21 02:48:56,https://api.github.com/repos/YouXianMing/Animations/git/commits/beb903565cd2803d9ac63cde809d770c6dfdd5a0,beb903565cd2803d9ac63cde809d770c6dfdd5a0,Add RoundingCornerView.h/.m
YouXianMing,2019-01-04 10:15:58,https://api.github.com/repos/YouXianMing/Animations/git/commits/406eaf468fc61664ba82a03ead53d4ca7fd1de4f,406eaf468fc61664ba82a03ead53d4ca7fd1de4f,Update README.md
YouXianMing,2019-01-04 10:15:23,https://api.github.com/repos/YouXianMing/Animations/git/commits/5470456eccd11ffc7b817365790e81c67d28d6cb,5470456eccd11ffc7b817365790e81c67d28d6cb,Update README.md
YouXianMing,2019-01-04 10:10:43,https://api.github.com/repos/YouXianMing/Animations/git/commits/af8583ab822f079e563ad1fca59406886e523c54,af8583ab822f079e563ad1fca59406886e523c54,Update
YouXianMing,2018-11-30 04:22:41,https://api.github.com/repos/YouXianMing/Animations/git/commits/3394598318e0e0317b45c4ddb7b699cb398bc981,3394598318e0e0317b45c4ddb7b699cb398bc981,Add DeepLinkModel
YouXianMing,2018-09-20 06:20:39,https://api.github.com/repos/YouXianMing/Animations/git/commits/a1785258f0c96a9ce4d9c3a94c51439775414543,a1785258f0c96a9ce4d9c3a94c51439775414543,Lateast no warning version : Version 10.0 (10A255)
YouXianMing,2018-08-17 08:47:16,https://api.github.com/repos/YouXianMing/Animations/git/commits/2f7e2cdefa23e578eaf88cbf4f977583cca3dc6c,2f7e2cdefa23e578eaf88cbf4f977583cca3dc6c,Update sth.
YouXianMing,2018-08-17 08:43:49,https://api.github.com/repos/YouXianMing/Animations/git/commits/9824becc173cdb7a44b8f62d04d2a75bfff0ccb9,9824becc173cdb7a44b8f62d04d2a75bfff0ccb9,Add DeviceInfo.h/.m
YouXianMing,2018-08-17 05:42:53,https://api.github.com/repos/YouXianMing/Animations/git/commits/7a4a9d02c116f59ac69a1e0eea472e3180efd5d7,7a4a9d02c116f59ac69a1e0eea472e3180efd5d7,Merge branch 'master' of https://github.com/YouXianMing/Animations
YouXianMing,2018-08-17 05:42:47,https://api.github.com/repos/YouXianMing/Animations/git/commits/ffe61bd20471bb5e96e9ce102e48b90e7c30056f,ffe61bd20471bb5e96e9ce102e48b90e7c30056f,Add IrregularElementsCreator.
YouXianMing,2018-07-31 11:56:47,https://api.github.com/repos/YouXianMing/Animations/git/commits/bee33da3312f7fd05ff57858783ef7c5f8ce192b,bee33da3312f7fd05ff57858783ef7c5f8ce192b,Update README.md
YouXianMing,2018-07-31 11:55:50,https://api.github.com/repos/YouXianMing/Animations/git/commits/d23a830b1d970d65d43b259daeabe14c40434c9f,d23a830b1d970d65d43b259daeabe14c40434c9f,Update README.md
YouXianMing,2018-07-29 03:02:02,https://api.github.com/repos/YouXianMing/Animations/git/commits/0feb05e8616fe6bba753a832208653ae2025a208,0feb05e8616fe6bba753a832208653ae2025a208,将部分NSString的属性由strong修改为copy
YouXianMing,2018-07-25 11:22:10,https://api.github.com/repos/YouXianMing/Animations/git/commits/f86fee6415b4d53377f25a943605c4a79b387fff,f86fee6415b4d53377f25a943605c4a79b387fff,修改GCD中不规范的格式
YouXianMing,2018-07-09 00:52:36,https://api.github.com/repos/YouXianMing/Animations/git/commits/480cd98c0d7a7e2ae9f905d8a7622b2fa26f7687,480cd98c0d7a7e2ae9f905d8a7622b2fa26f7687,Merge branch 'master' of https://github.com/YouXianMing/Animations
YouXianMing,2018-07-09 00:52:32,https://api.github.com/repos/YouXianMing/Animations/git/commits/1999591861cb457e0ac33bcf70893283b8275d00,1999591861cb457e0ac33bcf70893283b8275d00,Lateast no warning version : Xcode 9.4.1 (9F2000)
YouXianMing,2018-07-08 06:47:02,https://api.github.com/repos/YouXianMing/Animations/git/commits/7b52494331dad3a77ac38bd8189342d3e8354670,7b52494331dad3a77ac38bd8189342d3e8354670,Update README.md
YouXianMing,2018-07-05 11:08:08,https://api.github.com/repos/YouXianMing/Animations/git/commits/f3c6eea86d33930a886697a5e8d3511ecb2acbe0,f3c6eea86d33930a886697a5e8d3511ecb2acbe0,Merge branch 'master' of https://github.com/YouXianMing/Animations
YouXianMing,2018-07-05 11:07:58,https://api.github.com/repos/YouXianMing/Animations/git/commits/784a1ece1acacc584c659bdc64ebf17c11a3c8fc,784a1ece1acacc584c659bdc64ebf17c11a3c8fc,Add Runtime.
YouXianMing,2018-06-08 08:44:53,https://api.github.com/repos/YouXianMing/Animations/git/commits/2713078f7eba26823ce393f25f450a4db60e8fe8,2713078f7eba26823ce393f25f450a4db60e8fe8,Update README.md
YouXianMing,2018-06-08 02:17:24,https://api.github.com/repos/YouXianMing/Animations/git/commits/8fccecd9017155a7c0325407f27cc077facc965e,8fccecd9017155a7c0325407f27cc077facc965e,Add app's ad.
YouXianMing,2018-05-28 05:35:12,https://api.github.com/repos/YouXianMing/Animations/git/commits/8e8a2c5b264b6bc3dbaf2b604291663fafa30dad,8e8a2c5b264b6bc3dbaf2b604291663fafa30dad,Add BaseEncodeObject.h/.m
YouXianMing,2018-05-24 03:40:34,https://api.github.com/repos/YouXianMing/Animations/git/commits/da008395021252c6f78d5b25d264f7ac29532fdf,da008395021252c6f78d5b25d264f7ac29532fdf,Update FileManager.h/.m
YouXianMing,2018-05-14 05:11:51,https://api.github.com/repos/YouXianMing/Animations/git/commits/ad22414acb1430ab92784388bcf6eed28e771ef8,ad22414acb1430ab92784388bcf6eed28e771ef8,Add hideNodeContentView property to InfiniteLoopViewBuilder.
YouXianMing,2018-04-09 07:21:31,https://api.github.com/repos/YouXianMing/Animations/git/commits/e22b6ab4ab26b2fcb6bc1ab61ef0fd82f69d2f43,e22b6ab4ab26b2fcb6bc1ab61ef0fd82f69d2f43,Delete property 'normalImage' from PlaceholderImageView.h
YouXianMing,2018-03-30 14:17:54,https://api.github.com/repos/YouXianMing/Animations/git/commits/7a3d4b32440a6d0cb67125f10502b11191d03b00,7a3d4b32440a6d0cb67125f10502b11191d03b00,Lateast no warning version : Xcode 9.3 (9E145)
YouXianMing,2018-03-02 06:25:50,https://api.github.com/repos/YouXianMing/Animations/git/commits/3e4f123260c6c48494b93ec0b704a33b3d20c988,3e4f123260c6c48494b93ec0b704a33b3d20c988,Update LoadCSSViewController.
YouXianMing,2018-03-01 07:28:41,https://api.github.com/repos/YouXianMing/Animations/git/commits/c384050d4961756417dd4e9d116fbb8fe45b070c,c384050d4961756417dd4e9d116fbb8fe45b070c,Add coreTextHeightWithFixedWidth to NSAttributedString+LabelWidthAndHeight.h
YouXianMing,2018-02-07 04:04:00,https://api.github.com/repos/YouXianMing/Animations/git/commits/9ad1f855c51eed7a522b0e209c170eac8acbd925,9ad1f855c51eed7a522b0e209c170eac8acbd925,Fix a leak bug in UIView+DrawRec.h/.m
YouXianMing,2018-01-23 02:17:11,https://api.github.com/repos/YouXianMing/Animations/git/commits/23a1374094239c064c8822803b9cbe733be9ee8c,23a1374094239c064c8822803b9cbe733be9ee8c,Update HexColors.
YouXianMing,2018-01-15 01:17:31,https://api.github.com/repos/YouXianMing/Animations/git/commits/ef213de0ceedbc1860168f1573b79c5b622d81a4,ef213de0ceedbc1860168f1573b79c5b622d81a4,Add sth for BaseMessageView.
YouXianMing,2018-01-07 00:58:42,https://api.github.com/repos/YouXianMing/Animations/git/commits/f595f72929aff108247068a3cb7b3149fc404448,f595f72929aff108247068a3cb7b3149fc404448,Update YXEasing.
YouXianMing,2018-01-03 02:53:50,https://api.github.com/repos/YouXianMing/Animations/git/commits/c3c32c2185ccee30572507c035fcc7d61ce30cef,c3c32c2185ccee30572507c035fcc7d61ce30cef,Update POP to ver 1.0.10
YouXianMing,2018-01-02 03:18:07,https://api.github.com/repos/YouXianMing/Animations/git/commits/7632dfe3ab59541c8a6b706ab74804ea18234dc0,7632dfe3ab59541c8a6b706ab74804ea18234dc0,Fix a bug for InfiniteLoopViewBuilder.
YouXianMing,2017-12-30 03:00:57,https://api.github.com/repos/YouXianMing/Animations/git/commits/7adfda81620ea967ab22b07853e0d213079e4b3b,7adfda81620ea967ab22b07853e0d213079e4b3b,Add UIColor+RepresentInHex.h/.m
YouXianMing,2017-12-29 04:00:06,https://api.github.com/repos/YouXianMing/Animations/git/commits/462725072752e424a5e7ee8c027c672af1448096,462725072752e424a5e7ee8c027c672af1448096,Add NSString+HexUnicode.h/.m
YouXianMing,2017-12-22 09:00:54,https://api.github.com/repos/YouXianMing/Animations/git/commits/187fb19b88635532e46ebb91ca2ac3e1eddca5e3,187fb19b88635532e46ebb91ca2ac3e1eddca5e3,Add KernAttributeConfig.
YouXianMing,2017-12-20 07:57:33,https://api.github.com/repos/YouXianMing/Animations/git/commits/112b40aef828130235f8e3fbb9a2ae14a1a47b1b,112b40aef828130235f8e3fbb9a2ae14a1a47b1b,Add UIImage+Blend.
YouXianMing,2017-12-13 06:26:38,https://api.github.com/repos/YouXianMing/Animations/git/commits/99ea0a688a32f83bcb0a7e8ed6e663aac0be61ce,99ea0a688a32f83bcb0a7e8ed6e663aac0be61ce,Delete CustomBuildOutsideViewCell.
YouXianMing,2017-12-12 09:06:42,https://api.github.com/repos/YouXianMing/Animations/git/commits/1dc483226497ddc96f5ddae9af3863a5374d0ed5,1dc483226497ddc96f5ddae9af3863a5374d0ed5,Update to support Xcode 9.2 (9C40b).
YouXianMing,2017-12-06 01:57:32,https://api.github.com/repos/YouXianMing/Animations/git/commits/ced33a4971a6655a85fd0b754bf23ed132f6f1d6,ced33a4971a6655a85fd0b754bf23ed132f6f1d6,Add Chain Programming for BaseShowPickerView.
YouXianMing,2017-12-05 05:43:59,https://api.github.com/repos/YouXianMing/Animations/git/commits/9f06374e304f2051e271b5bdb1a6429f138c74e2,9f06374e304f2051e271b5bdb1a6429f138c74e2,Update BaseMessageView.
YouXianMing,2017-11-30 08:10:41,https://api.github.com/repos/YouXianMing/Animations/git/commits/8e476ec5c5bc99fc5a4dc9c1203e35589cf22066,8e476ec5c5bc99fc5a4dc9c1203e35589cf22066,Complete InfoInputViewController.
YouXianMing,2017-11-29 08:40:36,https://api.github.com/repos/YouXianMing/Animations/git/commits/34cbca6dc8266c2172f9fb2d1c8962864d216980,34cbca6dc8266c2172f9fb2d1c8962864d216980,Todo work on InfoInputViewController at 80%.
YouXianMing,2017-11-28 07:48:20,https://api.github.com/repos/YouXianMing/Animations/git/commits/d1fe26a84208fa3735abcd783ce5bcefbf8cd97f,d1fe26a84208fa3735abcd783ce5bcefbf8cd97f,Update InfoInputViewController.
YouXianMing,2017-11-23 03:17:25,https://api.github.com/repos/YouXianMing/Animations/git/commits/f39c66fb2506fa118291230ef9fe877e9b4eb73d,f39c66fb2506fa118291230ef9fe877e9b4eb73d,Update sth in AnimationsListController.
YouXianMing,2017-11-23 02:02:56,https://api.github.com/repos/YouXianMing/Animations/git/commits/6f1d87c0833972b0f87c3cbd8a1080993d39f5ee,6f1d87c0833972b0f87c3cbd8a1080993d39f5ee,Update GCDTimer.
YouXianMing,2017-11-22 03:17:58,https://api.github.com/repos/YouXianMing/Animations/git/commits/bd7b410b1ed10dbdee9587feee5a0e76e76a7ead,bd7b410b1ed10dbdee9587feee5a0e76e76a7ead,Fix item's frame in POPSpringParameterController.
YouXianMing,2017-11-22 02:57:19,https://api.github.com/repos/YouXianMing/Animations/git/commits/b9c690bd41563365f137a3a465ca06ea5f780f13,b9c690bd41563365f137a3a465ca06ea5f780f13,Fix bugs for DynamicSwitchingLayoutController.m & ScrollViewAnimationController.m
YouXianMing,2017-11-07 08:30:40,https://api.github.com/repos/YouXianMing/Animations/git/commits/56077b4fedec56aa1b635936455d3827eb836412,56077b4fedec56aa1b635936455d3827eb836412,Update PNGManager.h/.m
YouXianMing,2017-11-07 03:21:35,https://api.github.com/repos/YouXianMing/Animations/git/commits/99954a7585b6e6273937d1848d1813999a2bf75b,99954a7585b6e6273937d1848d1813999a2bf75b,Add IconMaker.
YouXianMing,2017-11-02 02:23:31,https://api.github.com/repos/YouXianMing/Animations/git/commits/f54ae976d897e91881b2de38f4285262dcdd3cad,f54ae976d897e91881b2de38f4285262dcdd3cad,Update ScratchImageViewController.m
YouXianMing,2017-11-01 09:31:00,https://api.github.com/repos/YouXianMing/Animations/git/commits/a48da18a04856504d9a9712214c0606b4f31ef17,a48da18a04856504d9a9712214c0606b4f31ef17,Fix bugs for iPhone X's screen.
YouXianMing,2017-11-01 06:37:19,https://api.github.com/repos/YouXianMing/Animations/git/commits/8e295cdede15f4174b30dcde908e3bfca63b86fe,8e295cdede15f4174b30dcde908e3bfca63b86fe,Update to support Xcode 9.1 & add ResponsibilityManager.
YouXianMing,2017-10-31 02:47:05,https://api.github.com/repos/YouXianMing/Animations/git/commits/34d0710c0e7dbfb99e3b1f4cc5615ac433ad7d91,34d0710c0e7dbfb99e3b1f4cc5615ac433ad7d91,Add DynamicSwitchingLayoutController.h/.m
YouXianMing,2017-10-30 03:19:24,https://api.github.com/repos/YouXianMing/Animations/git/commits/64439b8320aa9ec1628a37bf1232c49af41c36c9,64439b8320aa9ec1628a37bf1232c49af41c36c9,Update LineLayoutViewController.
YouXianMing,2017-10-27 06:19:17,https://api.github.com/repos/YouXianMing/Animations/git/commits/728860216e28f3b898424837e7cd71b854cc3d1f,728860216e28f3b898424837e7cd71b854cc3d1f,Add AutolayoutPlaceholderImageView.h/.m
YouXianMing,2017-10-25 07:16:09,https://api.github.com/repos/YouXianMing/Animations/git/commits/cc9abdb0022dd28af88270289e2d8d36acf20b96,cc9abdb0022dd28af88270289e2d8d36acf20b96,Fix ShowLoadingView.m to support auto layout.
YouXianMing,2017-10-24 01:53:58,https://api.github.com/repos/YouXianMing/Animations/git/commits/dea8b8fab2fe0bfceac056c7c570878596480c14,dea8b8fab2fe0bfceac056c7c570878596480c14,"Add CustomViewController.h/.m

Add CustomViewController.h/.m as BaseCustomViewController.h/.m's super
class."
YouXianMing,2017-10-16 08:20:37,https://api.github.com/repos/YouXianMing/Animations/git/commits/8ca6f92fc2d08a8c04e4ceb15be9ba28f639f550,8ca6f92fc2d08a8c04e4ceb15be9ba28f639f550,Add LineLayoutViewController.h/.m
YouXianMing,2017-09-27 08:13:18,https://api.github.com/repos/YouXianMing/Animations/git/commits/c509805f9e27a6b31e2afc6ea37b9ea5b6704d52,c509805f9e27a6b31e2afc6ea37b9ea5b6704d52,Optimize Networking class.
YouXianMing,2017-09-27 02:41:16,https://api.github.com/repos/YouXianMing/Animations/git/commits/6fe798ab08580c2a5b4db370c00761a0c93a2644,6fe798ab08580c2a5b4db370c00761a0c93a2644,Fix a tableView section expend bug for iOS11 only.
YouXianMing,2017-09-19 01:30:14,https://api.github.com/repos/YouXianMing/Animations/git/commits/6c6b6c4c31ccd38c4f5b8fd7ea46a85fa1fe1a20,6c6b6c4c31ccd38c4f5b8fd7ea46a85fa1fe1a20,Fix animation bugs for iPhone X.
YouXianMing,2017-09-18 09:28:25,https://api.github.com/repos/YouXianMing/Animations/git/commits/27880656a9dc80bed1e2bb7997302c265c97e4e5,27880656a9dc80bed1e2bb7997302c265c97e4e5,Support iPhone X full screen.
YouXianMing,2017-09-15 04:11:55,https://api.github.com/repos/YouXianMing/Animations/git/commits/ef6cfdf3a79d6d3fd0ee1774c877b5992012b483,ef6cfdf3a79d6d3fd0ee1774c877b5992012b483,Fix tableView's contentInsetAdjustmentBehavior to support iOS11.
YouXianMing,2017-09-15 03:15:16,https://api.github.com/repos/YouXianMing/Animations/git/commits/37d541ef55df0175d8c9eebe6c0dc823fe852980,37d541ef55df0175d8c9eebe6c0dc823fe852980,Update to support Xcode 9.0 GM (9A235)
YouXianMing,2017-09-12 08:44:18,https://api.github.com/repos/YouXianMing/Animations/git/commits/252992fb98d4f867acd15bf3785d51adab0d211f,252992fb98d4f867acd15bf3785d51adab0d211f,Add CustomCityPickerViewController.h/.m
YouXianMing,2017-09-11 01:58:34,https://api.github.com/repos/YouXianMing/Animations/git/commits/5e0b30f1432cf66f3e57f3070bb9456dbb41e185,5e0b30f1432cf66f3e57f3070bb9456dbb41e185,Add SKEmitterNodeController.h/.m
YouXianMing,2017-09-04 06:54:23,https://api.github.com/repos/YouXianMing/Animations/git/commits/bf8f119b9ff80aea169ce6d3bac2b11752cf8312,bf8f119b9ff80aea169ce6d3bac2b11752cf8312,Update CustomPickerViewControllerUserDefaults.m
YouXianMing,2017-09-04 03:18:23,https://api.github.com/repos/YouXianMing/Animations/git/commits/cf8a355a3b8b36d40abe8f55cc34016cbd6ebb1b,cf8a355a3b8b36d40abe8f55cc34016cbd6ebb1b,Add CustomPickerViewController.h/.m
YouXianMing,2017-08-30 08:49:33,https://api.github.com/repos/YouXianMing/Animations/git/commits/1447a817000d18fc5d26aafa4ac5bd18ceec5878,1447a817000d18fc5d26aafa4ac5bd18ceec5878,Optimize CustomCell & CustomHeaderFooterView
YouXianMing,2017-08-30 06:52:37,https://api.github.com/repos/YouXianMing/Animations/git/commits/671f20cdac918f174b84071270a83b826c447010,671f20cdac918f174b84071270a83b826c447010,Update sth in TwoLevelLinkageViewController.
YouXianMing,2017-08-28 07:36:01,https://api.github.com/repos/YouXianMing/Animations/git/commits/09641e3e23617720683b8a31cf40bc74f028a08a,09641e3e23617720683b8a31cf40bc74f028a08a,Fix bugs from TwoLevelLinkageView
YouXianMing,2017-08-27 08:19:26,https://api.github.com/repos/YouXianMing/Animations/git/commits/5b86fad4d036e42a14812cd70747c5553296a190,5b86fad4d036e42a14812cd70747c5553296a190,Add TwoLevelLinkageViewController.h/.m
YouXianMing,2017-08-24 06:40:43,https://api.github.com/repos/YouXianMing/Animations/git/commits/e19727a565c7cc358dde79c02aab087df252d685,e19727a565c7cc358dde79c02aab087df252d685,Add DrawRectViewController.h/.m
YouXianMing,2017-08-22 08:04:41,https://api.github.com/repos/YouXianMing/Animations/git/commits/cde09b75671acdcd6d65aaf9b15fdefbbacd9914,cde09b75671acdcd6d65aaf9b15fdefbbacd9914,Fix sth.
YouXianMing,2017-08-21 03:54:17,https://api.github.com/repos/YouXianMing/Animations/git/commits/fd57462c88b0e0538835904e9f5972c40bd5fedd,fd57462c88b0e0538835904e9f5972c40bd5fedd,Update Networking framework.
YouXianMing,2017-08-21 02:35:00,https://api.github.com/repos/YouXianMing/Animations/git/commits/f18b8d65de24e06b97486b2441fd2a6ee60e9d4e,f18b8d65de24e06b97486b2441fd2a6ee60e9d4e,Fix bugs.
YouXianMing,2017-08-18 16:41:38,https://api.github.com/repos/YouXianMing/Animations/git/commits/6beca4b1e013fa65b3bd5b9cd0dec88010c483ce,6beca4b1e013fa65b3bd5b9cd0dec88010c483ce,Add YXNetworking & fix bugs.
YouXianMing,2017-08-17 07:02:44,https://api.github.com/repos/YouXianMing/Animations/git/commits/9727c78114109878e7741c3c4c11c28af25c18fb,9727c78114109878e7741c3c4c11c28af25c18fb,Add sth to CustomCell.h/.m
YouXianMing,2017-08-17 03:11:01,https://api.github.com/repos/YouXianMing/Animations/git/commits/262e1e15e53ccbbe8ec0bb6ea31aa59b23a271c4,262e1e15e53ccbbe8ec0bb6ea31aa59b23a271c4,Fix sth.
YouXianMing,2017-08-12 11:53:19,https://api.github.com/repos/YouXianMing/Animations/git/commits/ddc3507788a309cd474262bab057df154d6c09e0,ddc3507788a309cd474262bab057df154d6c09e0,Change sth in BaseCustomViewController.h/.m & CustomTabBarViewController.h/.m
YouXianMing,2017-08-11 02:01:08,https://api.github.com/repos/YouXianMing/Animations/git/commits/c512b6f1caf8c4364c95c47f21e32cc085548589,c512b6f1caf8c4364c95c47f21e32cc085548589,Add two method with RegexManager.h/.m
YouXianMing,2017-08-08 08:21:14,https://api.github.com/repos/YouXianMing/Animations/git/commits/51cae543122e885ebc27fefdd0f1e5f712cb8904,51cae543122e885ebc27fefdd0f1e5f712cb8904,Update sth in ScrollViewAnimationController
YouXianMing,2017-08-04 06:07:48,https://api.github.com/repos/YouXianMing/Animations/git/commits/e879a172f37acf0ded68400d2d514aad81a9a11a,e879a172f37acf0ded68400d2d514aad81a9a11a,Delete method from LoopViewCell.m
YouXianMing,2017-08-04 04:05:22,https://api.github.com/repos/YouXianMing/Animations/git/commits/c51956c5c35c7c2b5874fe8f0cc9ecbb3792e42d,c51956c5c35c7c2b5874fe8f0cc9ecbb3792e42d,Fix sth in InfiniteLoopView.m
YouXianMing,2017-08-03 08:22:52,https://api.github.com/repos/YouXianMing/Animations/git/commits/6b910b064916538e2cd5fd4b3b281c1b7eb93f46,6b910b064916538e2cd5fd4b3b281c1b7eb93f46,Add InfiniteLoopCollectionView.h/.m
YouXianMing,2017-08-03 03:21:03,https://api.github.com/repos/YouXianMing/Animations/git/commits/877b153bcc990a61674a9ea1e20bff68248e45a7,877b153bcc990a61674a9ea1e20bff68248e45a7,Add ComputationStrategy.h/.m
YouXianMing,2017-08-02 07:28:37,https://api.github.com/repos/YouXianMing/Animations/git/commits/f23078931ef4b48e850dc3e31e1ca6df2944975b,f23078931ef4b48e850dc3e31e1ca6df2944975b,Add NSArray+IndexPath.h/.m
YouXianMing,2017-08-02 02:49:00,https://api.github.com/repos/YouXianMing/Animations/git/commits/1af534ba1ec4175252c228c4f808156ca37b6f0e,1af534ba1ec4175252c228c4f808156ca37b6f0e,优化无限轮播图
YouXianMing,2017-08-01 01:44:56,https://api.github.com/repos/YouXianMing/Animations/git/commits/4f9ccec9afba7af69cf91683aef9cb2f736e512f,4f9ccec9afba7af69cf91683aef9cb2f736e512f,Update some controller to subclass from CountDownTimerController.
YouXianMing,2017-07-31 09:35:30,https://api.github.com/repos/YouXianMing/Animations/git/commits/baf49f6149528fb856a4f6740cb34b3269b1715e,baf49f6149528fb856a4f6740cb34b3269b1715e,Add NormalTitleTableViewController.h/.m
YouXianMing,2017-07-31 07:31:28,https://api.github.com/repos/YouXianMing/Animations/git/commits/e4f85952b5c3c04243a7c996b1a4fc48a2ca32ed,e4f85952b5c3c04243a7c996b1a4fc48a2ca32ed,Add UIViewController+Status.h/.m
YouXianMing,2017-07-28 01:49:22,https://api.github.com/repos/YouXianMing/Animations/git/commits/4177c831b956cb44e51be3ce31573641085e7339,4177c831b956cb44e51be3ce31573641085e7339,Update DefaultNotificationCenter.h/.m
YouXianMing,2017-07-27 01:46:27,https://api.github.com/repos/YouXianMing/Animations/git/commits/80389167cc67c53561606fd321a898528433502c,80389167cc67c53561606fd321a898528433502c,Update NSObject+ItemStyle.h/.m
YouXianMing,2017-07-27 01:12:46,https://api.github.com/repos/YouXianMing/Animations/git/commits/e87cf6056f7ed45eb5500dd234ca5fcb48981ef8,e87cf6056f7ed45eb5500dd234ca5fcb48981ef8,Fix sth.
YouXianMing,2017-07-27 01:12:16,https://api.github.com/repos/YouXianMing/Animations/git/commits/20949ed7e332759f69756b3035178e4cb207e20d,20949ed7e332759f69756b3035178e4cb207e20d,Add NSObject+ItemStyle.h/.m
YouXianMing,2017-07-26 04:17:49,https://api.github.com/repos/YouXianMing/Animations/git/commits/63173713841f52b787cf9f013a9f2994dbaf0fdb,63173713841f52b787cf9f013a9f2994dbaf0fdb,Replace NSObject+ViewTag.h/.m with NSObject+WeakList.h/.m
YouXianMing,2017-07-26 02:07:04,https://api.github.com/repos/YouXianMing/Animations/git/commits/ba8587721ff5d22e9ee64af17921129007a8545f,ba8587721ff5d22e9ee64af17921129007a8545f,Add sth.
YouXianMing,2017-07-24 08:38:26,https://api.github.com/repos/YouXianMing/Animations/git/commits/9531297df3343287b1dc7153e077ccd03a71a730,9531297df3343287b1dc7153e077ccd03a71a730,Fix sth.
YouXianMing,2017-07-24 02:27:26,https://api.github.com/repos/YouXianMing/Animations/git/commits/38c0f69e44e7ed2aad78e8ce99342dee3d8676cb,38c0f69e44e7ed2aad78e8ce99342dee3d8676cb,Add TreeStructureTableViewController.h/.m
YouXianMing,2017-07-18 06:44:38,https://api.github.com/repos/YouXianMing/Animations/git/commits/834d5a69c175baf8e7c625e74a979e024e258773,834d5a69c175baf8e7c625e74a979e024e258773,Delete StringRangeManager.h/.m
YouXianMing,2017-07-14 02:46:45,https://api.github.com/repos/YouXianMing/Animations/git/commits/723f37fcf73be5f84a544f5a033e65fa11efc207,723f37fcf73be5f84a544f5a033e65fa11efc207,Add sth.
YouXianMing,2017-07-11 09:35:46,https://api.github.com/repos/YouXianMing/Animations/git/commits/b933d38e556aab964eba9cd0fc3c00e987a14a78,b933d38e556aab964eba9cd0fc3c00e987a14a78,Add CustomCollectionViewController.h/.m
YouXianMing,2017-07-11 02:50:46,https://api.github.com/repos/YouXianMing/Animations/git/commits/77ba8f28c2fa42abc87fd807decff15af117bb59,77ba8f28c2fa42abc87fd807decff15af117bb59,Add CustomCollectionView
YouXianMing,2017-07-10 08:40:15,https://api.github.com/repos/YouXianMing/Animations/git/commits/84f0431df3524f816c45bd6eeafcdca708a9b9fd,84f0431df3524f816c45bd6eeafcdca708a9b9fd,Fix sth.
YouXianMing,2017-07-08 11:50:06,https://api.github.com/repos/YouXianMing/Animations/git/commits/87dabab6d5ad8d5fe372e0984566eb16dc42b199,87dabab6d5ad8d5fe372e0984566eb16dc42b199,Fix sth.
YouXianMing,2017-07-06 01:18:02,https://api.github.com/repos/YouXianMing/Animations/git/commits/7a32120015073abf216ce7e93171536b4d996089,7a32120015073abf216ce7e93171536b4d996089,Fix sth.
YouXianMing,2017-07-05 07:17:39,https://api.github.com/repos/YouXianMing/Animations/git/commits/7f4223b28b8796e40d510af328ea28edaa89b327,7f4223b28b8796e40d510af328ea28edaa89b327,Add CountDownButtonController.h/.m
YouXianMing,2017-07-05 02:40:34,https://api.github.com/repos/YouXianMing/Animations/git/commits/1db070b3b5a52679cf167677805a6f5cb3efdcb0,1db070b3b5a52679cf167677805a6f5cb3efdcb0,Add sth.
YouXianMing,2017-07-04 09:28:13,https://api.github.com/repos/YouXianMing/Animations/git/commits/c1d3cb4e53f7e17fe9fc18cc0edd54519fcb5019,c1d3cb4e53f7e17fe9fc18cc0edd54519fcb5019,Fix sth.
YouXianMing,2017-07-04 09:19:44,https://api.github.com/repos/YouXianMing/Animations/git/commits/bafcf044e2e988b06150c2426eca33e0be40558c,bafcf044e2e988b06150c2426eca33e0be40558c,Add CountDownButton.h/.m
YouXianMing,2017-06-26 07:39:07,https://api.github.com/repos/YouXianMing/Animations/git/commits/e15fd197e12e38db645216b184b216972edb3988,e15fd197e12e38db645216b184b216972edb3988,提交代码
YouXianMing,2017-06-19 02:29:21,https://api.github.com/repos/YouXianMing/Animations/git/commits/6c787eba9157ab9618eb6b4ab3ffb01fe6cec888,6c787eba9157ab9618eb6b4ab3ffb01fe6cec888,Update AFNetworking to the latest stable version.
YouXianMing,2017-05-22 09:00:34,https://api.github.com/repos/YouXianMing/Animations/git/commits/de1209f0a43de47a947fe8e8e65806bdf2dfa976,de1209f0a43de47a947fe8e8e65806bdf2dfa976,Update README.md
YouXianMing,2017-05-22 08:50:31,https://api.github.com/repos/YouXianMing/Animations/git/commits/80972554c0e170ea1742a793015d5dc240be7702,80972554c0e170ea1742a793015d5dc240be7702,Update README.md
YouXianMing,2017-05-22 08:49:40,https://api.github.com/repos/YouXianMing/Animations/git/commits/56ed7da37af41f0bf635e134ebf9c7ec8835242f,56ed7da37af41f0bf635e134ebf9c7ec8835242f,Update README.md
YouXianMing,2017-05-22 08:48:46,https://api.github.com/repos/YouXianMing/Animations/git/commits/7eee354373a239f43bdca52ba401f42b36f5228f,7eee354373a239f43bdca52ba401f42b36f5228f,Update README.md
YouXianMing,2017-05-22 08:44:49,https://api.github.com/repos/YouXianMing/Animations/git/commits/5c128d2372f23d90fc2456641fb8159446bf9488,5c128d2372f23d90fc2456641fb8159446bf9488,Update README.md
YouXianMing,2017-05-22 08:43:42,https://api.github.com/repos/YouXianMing/Animations/git/commits/9bdb4bce261133ab4bd22fde0cd73829ff1daedd,9bdb4bce261133ab4bd22fde0cd73829ff1daedd,Update README.md
YouXianMing,2017-05-22 08:43:19,https://api.github.com/repos/YouXianMing/Animations/git/commits/7dd62331adb1008fa82ae7bf4c171011c2ab6c50,7dd62331adb1008fa82ae7bf4c171011c2ab6c50,Update README.md
YouXianMing,2017-05-17 07:52:51,https://api.github.com/repos/YouXianMing/Animations/git/commits/80a862180792039eb0a5dae8521a993440f8a0ae,80a862180792039eb0a5dae8521a993440f8a0ae,Change sth.
YouXianMing,2017-05-16 02:10:00,https://api.github.com/repos/YouXianMing/Animations/git/commits/cc74214a319587c64449e97013aee1909ad3a7de,cc74214a319587c64449e97013aee1909ad3a7de,Add sth.
YouXianMing,2017-03-31 04:20:09,https://api.github.com/repos/YouXianMing/Animations/git/commits/472ddccbfb1d9544bbf986e35a52f745145b5b9d,472ddccbfb1d9544bbf986e35a52f745145b5b9d,Fix sth to support Xcode Version 8.3 (8E162).
YouXianMing,2017-03-23 04:17:53,https://api.github.com/repos/YouXianMing/Animations/git/commits/7d0e6cae2aa2ae69a75b62b5a51fb68b74b90645,7d0e6cae2aa2ae69a75b62b5a51fb68b74b90645,Add LoadCSSViewController
YouXianMing,2017-01-10 04:12:22,https://api.github.com/repos/YouXianMing/Animations/git/commits/e2e6bf375e4ec8c709c690c6347034d522654a2d,e2e6bf375e4ec8c709c690c6347034d522654a2d,Fix sth.
YouXianMing,2017-01-10 01:55:05,https://api.github.com/repos/YouXianMing/Animations/git/commits/09c283d2a295d5e8b71abca82f9b125a615cb714,09c283d2a295d5e8b71abca82f9b125a615cb714,Change the AlertViewController's style.
YouXianMing,2017-01-06 07:31:27,https://api.github.com/repos/YouXianMing/Animations/git/commits/8c63ed4edea7e6300251b917b316c7e51a642929,8c63ed4edea7e6300251b917b316c7e51a642929,Add CircleLoadingView in AlertViewController
YouXianMing,2017-01-04 07:50:43,https://api.github.com/repos/YouXianMing/Animations/git/commits/0154855fa764bb7603cb64ac27ba5f6214cba64f,0154855fa764bb7603cb64ac27ba5f6214cba64f,Add ScrollCarouselViewController.h/.m
YouXianMing,2017-01-04 03:18:40,https://api.github.com/repos/YouXianMing/Animations/git/commits/c0743754fa065f964ad22190bc12a60dc8a3dd96,c0743754fa065f964ad22190bc12a60dc8a3dd96,Add LoadingView to AlertViewController
YouXianMing,2017-01-04 01:52:55,https://api.github.com/repos/YouXianMing/Animations/git/commits/7d457e9a09860eabd71a6773d53181f63d04f951,7d457e9a09860eabd71a6773d53181f63d04f951,Fix sth.
YouXianMing,2017-01-03 14:51:23,https://api.github.com/repos/YouXianMing/Animations/git/commits/4c9bb7dff173e6aa4c8d14c94d13a615d94a3b7a,4c9bb7dff173e6aa4c8d14c94d13a615d94a3b7a,Fix sth.
YouXianMing,2017-01-03 09:02:30,https://api.github.com/repos/YouXianMing/Animations/git/commits/9693ca69ee97dff0d3d9871d72abc0e6bb831c70,9693ca69ee97dff0d3d9871d72abc0e6bb831c70,Change sth not important.
YouXianMing,2016-12-28 09:09:59,https://api.github.com/repos/YouXianMing/Animations/git/commits/dc84fd41711125677f3fe61223d1c80adda1e719,dc84fd41711125677f3fe61223d1c80adda1e719,Add sth not important.
YouXianMing,2016-12-25 01:11:43,https://api.github.com/repos/YouXianMing/Animations/git/commits/f3dd67c4eee3551a479fece50a5ac41066ea0192,f3dd67c4eee3551a479fece50a5ac41066ea0192,Lateast no warning version : Xcode Version 8.2.1 (8C1002)
YouXianMing,2016-12-25 01:09:40,https://api.github.com/repos/YouXianMing/Animations/git/commits/4a97c79a69ae91a86c74adb0aa22964d9d21a924,4a97c79a69ae91a86c74adb0aa22964d9d21a924,Add sth.
YouXianMing,2016-12-16 08:54:02,https://api.github.com/repos/YouXianMing/Animations/git/commits/d7e45fddd9afc0dc1edc6087814de148d21f7705,d7e45fddd9afc0dc1edc6087814de148d21f7705,Fix sth.
YouXianMing,2016-12-15 13:42:05,https://api.github.com/repos/YouXianMing/Animations/git/commits/d8dbe5c673fe6cfe4325b02455dc5ea8e4a74732,d8dbe5c673fe6cfe4325b02455dc5ea8e4a74732,Fix sth.
YouXianMing,2016-12-06 06:07:43,https://api.github.com/repos/YouXianMing/Animations/git/commits/338b771ffd9b8f73befafca52ba4c042ddcf3573,338b771ffd9b8f73befafca52ba4c042ddcf3573,Fix sth not important.
YouXianMing,2016-12-01 08:58:03,https://api.github.com/repos/YouXianMing/Animations/git/commits/6bf457b74d182ae4c17f8660a5edbbb7f1437192,6bf457b74d182ae4c17f8660a5edbbb7f1437192,Fix sth.
YouXianMing,2016-11-30 07:06:19,https://api.github.com/repos/YouXianMing/Animations/git/commits/6198b63fe64fc14a06646a6abcbc48b7e557c50e,6198b63fe64fc14a06646a6abcbc48b7e557c50e,Fix sth.
YouXianMing,2016-11-30 06:33:25,https://api.github.com/repos/YouXianMing/Animations/git/commits/724b9eb06cb3bb68e435530d69eac1011ea23b4a,724b9eb06cb3bb68e435530d69eac1011ea23b4a,Add sth.
YouXianMing,2016-11-29 07:09:08,https://api.github.com/repos/YouXianMing/Animations/git/commits/1006bc1e320b71caf7f868c0722910bbe4977c88,1006bc1e320b71caf7f868c0722910bbe4977c88,Fix NSLog's bug.
YouXianMing,2016-11-29 03:00:15,https://api.github.com/repos/YouXianMing/Animations/git/commits/92cafe3adc093c796051146e1a417173a4a20ae8,92cafe3adc093c796051146e1a417173a4a20ae8,Fix sth.
YouXianMing,2016-11-28 10:06:32,https://api.github.com/repos/YouXianMing/Animations/git/commits/e6192af7092d1757a17b96b93319db0716174925,e6192af7092d1757a17b96b93319db0716174925,Add Animations/CAShapeLayer+CornerRadius.h/.m
YouXianMing,2016-11-25 06:53:08,https://api.github.com/repos/YouXianMing/Animations/git/commits/314ef4c49feb40fb5cd0a7eccb7c4e62026a8c88,314ef4c49feb40fb5cd0a7eccb7c4e62026a8c88,Add MixCellsViewController
YouXianMing,2016-11-11 06:42:22,https://api.github.com/repos/YouXianMing/Animations/git/commits/b9f8443378c0a98468467aa12171c91282e39adc,b9f8443378c0a98468467aa12171c91282e39adc,Add UILabel+SizeToFit.h/.m
YouXianMing,2016-11-11 06:23:17,https://api.github.com/repos/YouXianMing/Animations/git/commits/10a4cf8bcf6517ec3d2c54053c9851a80d2b7dc5,10a4cf8bcf6517ec3d2c54053c9851a80d2b7dc5,Add IrregularGridViewController
YouXianMing,2016-11-10 06:15:33,https://api.github.com/repos/YouXianMing/Animations/git/commits/6e040cf3e654c4d06c0c1d52d1d97f95ad121500,6e040cf3e654c4d06c0c1d52d1d97f95ad121500,Fix sth.
YouXianMing,2016-11-10 05:56:50,https://api.github.com/repos/YouXianMing/Animations/git/commits/551cdb39301bdace5af18a7d896477a42a4de74b,551cdb39301bdace5af18a7d896477a42a4de74b,Fix sth.
YouXianMing,2016-11-03 05:53:55,https://api.github.com/repos/YouXianMing/Animations/git/commits/3d25310251935954e0d66228dd1531e3d85af0c5,3d25310251935954e0d66228dd1531e3d85af0c5,Fix sth to support Xcode 8.1
makingitbest,2016-09-29 10:59:55,https://api.github.com/repos/YouXianMing/Animations/git/commits/c27f1e8dbbf90b2b7d0da4995b60c9154ce5792f,c27f1e8dbbf90b2b7d0da4995b60c9154ce5792f,Test commit.
YouXianMing,2016-09-19 07:28:09,https://api.github.com/repos/YouXianMing/Animations/git/commits/eea43cb49c9f2ea88441ee75c8074828605c6b90,eea43cb49c9f2ea88441ee75c8074828605c6b90,Temporary to fix pop back gesture.
YouXianMing,2016-09-15 07:43:24,https://api.github.com/repos/YouXianMing/Animations/git/commits/60a949786a19c4c0e1d7e0307b3f5989f2256972,60a949786a19c4c0e1d7e0307b3f5989f2256972,Fix warning to support Xcode 8.0.
YouXianMing,2016-09-14 06:37:07,https://api.github.com/repos/YouXianMing/Animations/git/commits/adc68557c8d349b2bc5c74eefbd6c724ad4f0ec7,adc68557c8d349b2bc5c74eefbd6c724ad4f0ec7,Add CustomBuildOutsideViewCell.h/.m
YouXianMing,2016-09-02 09:49:16,https://api.github.com/repos/YouXianMing/Animations/git/commits/43eaa306382c27a7bf24a622a1435e4af5e3eb87,43eaa306382c27a7bf24a622a1435e4af5e3eb87,Add two method to DateFormatter.
YouXianMing,2016-09-01 10:23:13,https://api.github.com/repos/YouXianMing/Animations/git/commits/20ed4c1b0d9ad29a7062321c58e7947b479b5487,20ed4c1b0d9ad29a7062321c58e7947b479b5487,Add sth not important.
YouXianMing,2016-08-30 08:07:59,https://api.github.com/repos/YouXianMing/Animations/git/commits/eb1cb0682e0979055a31d9c2e86b91351dea756b,eb1cb0682e0979055a31d9c2e86b91351dea756b,Add IrregularGridCollectionView
YouXianMing,2016-08-23 03:13:53,https://api.github.com/repos/YouXianMing/Animations/git/commits/5c951bdc7c40b55b940104945d2f5de872238958,5c951bdc7c40b55b940104945d2f5de872238958,Add BackgroundLineView.h/.m
YouXianMing,2016-08-22 06:19:57,https://api.github.com/repos/YouXianMing/Animations/git/commits/0dfe39611e7ef17676f71b0b25943ced7bd38e5f,0dfe39611e7ef17676f71b0b25943ced7bd38e5f,Fix sth in PageFlipEffectController.m
YouXianMing,2016-08-18 13:43:44,https://api.github.com/repos/YouXianMing/Animations/git/commits/922380e4336516e1ec31264109ef80510e794828,922380e4336516e1ec31264109ef80510e794828,Fix sth.
YouXianMing,2016-08-17 02:20:11,https://api.github.com/repos/YouXianMing/Animations/git/commits/49c3542b497dcdfa872e46ab9cd2923818f0774d,49c3542b497dcdfa872e46ab9cd2923818f0774d,Add emoji debug message.
YouXianMing,2016-08-17 01:40:47,https://api.github.com/repos/YouXianMing/Animations/git/commits/7c17ae3a2c4f7cec3c3dd7c2ce66c7ad66e3646d,7c17ae3a2c4f7cec3c3dd7c2ce66c7ad66e3646d,Fix sth.
YouXianMing,2016-08-14 04:26:20,https://api.github.com/repos/YouXianMing/Animations/git/commits/07aaf5b99616fe03f65c96ae243d1e6827cfda27,07aaf5b99616fe03f65c96ae243d1e6827cfda27,Update README.md
YouXianMing,2016-08-14 04:23:24,https://api.github.com/repos/YouXianMing/Animations/git/commits/38b09b16fbca01c6623d233d837c97b03dc9ddc1,38b09b16fbca01c6623d233d837c97b03dc9ddc1,Update README.md
YouXianMing,2016-08-12 05:55:47,https://api.github.com/repos/YouXianMing/Animations/git/commits/01b634f7b229c3f948ca66df7d31b30f056d8cbc,01b634f7b229c3f948ca66df7d31b30f056d8cbc,Add some method to CustomCell.h/.m
YouXianMing,2016-08-10 06:04:44,https://api.github.com/repos/YouXianMing/Animations/git/commits/0e18d2cca0455a7c021d714e168d1e20f1f3d732,0e18d2cca0455a7c021d714e168d1e20f1f3d732,Fix sth not important.
YouXianMing,2016-08-09 03:09:58,https://api.github.com/repos/YouXianMing/Animations/git/commits/8ce5086dd2b0f2d35da04012b87248fa7a33ce09,8ce5086dd2b0f2d35da04012b87248fa7a33ce09,Add NSObject+ViewTag.h/.m
YouXianMing,2016-08-04 01:30:18,https://api.github.com/repos/YouXianMing/Animations/git/commits/07bc9226f65750209d16bf8f5f604582886af2d0,07bc9226f65750209d16bf8f5f604582886af2d0,Add FBGlowLabel.h/.m
YouXianMing,2016-08-03 09:04:34,https://api.github.com/repos/YouXianMing/Animations/git/commits/92b0d4f6d2dfcc067cee11e93de527bfc59b10e8,92b0d4f6d2dfcc067cee11e93de527bfc59b10e8,Add method adjustWhenFreeze to InfiniteLoopView & InfiniteLoopViewBuilder
YouXianMing,2016-08-03 08:21:26,https://api.github.com/repos/YouXianMing/Animations/git/commits/e625ea0d444335a49e16764a9c68bb2f35f7b0f2,e625ea0d444335a49e16764a9c68bb2f35f7b0f2,Fix sth not important.
YouXianMing,2016-08-03 07:21:22,https://api.github.com/repos/YouXianMing/Animations/git/commits/a350a149f971a879bb587aefd1627005315defd2,a350a149f971a879bb587aefd1627005315defd2,Add NSObject+AccessViewTag.h/.m & Remove AccessViewTagProtocol.h
YouXianMing,2016-08-02 03:49:42,https://api.github.com/repos/YouXianMing/Animations/git/commits/51ee3d6d926de8f00f07f61040aa6a9703e4b613,51ee3d6d926de8f00f07f61040aa6a9703e4b613,Update README.md
YouXianMing,2016-08-02 03:02:07,https://api.github.com/repos/YouXianMing/Animations/git/commits/ab1dbc75a2bf00aa359c34d565c3d4fa8217574d,ab1dbc75a2bf00aa359c34d565c3d4fa8217574d,Update README.md
YouXianMing,2016-08-02 03:00:09,https://api.github.com/repos/YouXianMing/Animations/git/commits/67e7cd174844ee79a730b4bdd205a79c2ab6192e,67e7cd174844ee79a730b4bdd205a79c2ab6192e,Update README.md
YouXianMing,2016-08-02 02:58:36,https://api.github.com/repos/YouXianMing/Animations/git/commits/56e2599f43a7ddd1119426ad9c6afeceb7c32b1b,56e2599f43a7ddd1119426ad9c6afeceb7c32b1b,Update README.md
YouXianMing,2016-08-02 02:38:13,https://api.github.com/repos/YouXianMing/Animations/git/commits/e6e673aa8e1d0621173b0804cf9baa71aa0aa0e2,e6e673aa8e1d0621173b0804cf9baa71aa0aa0e2,Add WaterWaveViewController
YouXianMing,2016-07-29 07:13:06,https://api.github.com/repos/YouXianMing/Animations/git/commits/72ffc4f923d5b9b87aa05466cde8559ff57a2bbc,72ffc4f923d5b9b87aa05466cde8559ff57a2bbc,Add one method to CustomHeaderFooterView.h/.m
YouXianMing,2016-07-29 02:07:29,https://api.github.com/repos/YouXianMing/Animations/git/commits/7afc6cc0183bc96149f8ad7be97a23a5f6175cef,7afc6cc0183bc96149f8ad7be97a23a5f6175cef,Fix sth not important.
YouXianMing,2016-07-26 03:19:24,https://api.github.com/repos/YouXianMing/Animations/git/commits/22eda174a8072b0e6053dcba380cbe7c9fbbd814,22eda174a8072b0e6053dcba380cbe7c9fbbd814,Add UIButton+Event.h/.m
YouXianMing,2016-07-26 03:10:02,https://api.github.com/repos/YouXianMing/Animations/git/commits/44b414793923ade27ac84465dce77b7bbeff88b4,44b414793923ade27ac84465dce77b7bbeff88b4,Add MacroDefinition.h
YouXianMing,2016-07-25 09:02:08,https://api.github.com/repos/YouXianMing/Animations/git/commits/476e9145d4fbfea761500b87e9fc99cd4bcb5023,476e9145d4fbfea761500b87e9fc99cd4bcb5023,Fix sth.
YouXianMing,2016-07-25 02:25:42,https://api.github.com/repos/YouXianMing/Animations/git/commits/3ba57fb6319366af0f4b89c79092cd58b4f46a3a,3ba57fb6319366af0f4b89c79092cd58b4f46a3a,Add UITextFieldView.h/.m & TouchEventView.h/.m
YouXianMing,2016-07-20 14:31:43,https://api.github.com/repos/YouXianMing/Animations/git/commits/d39c831b2cab5f79f99d82e1bd83c550e5537677,d39c831b2cab5f79f99d82e1bd83c550e5537677,Add sth not important.
YouXianMing,2016-07-19 07:22:00,https://api.github.com/repos/YouXianMing/Animations/git/commits/4dc4f665713545636a03d510cb09509a76e22c57,4dc4f665713545636a03d510cb09509a76e22c57,Add method to FileManager.h/.m
YouXianMing,2016-07-19 06:23:42,https://api.github.com/repos/YouXianMing/Animations/git/commits/d8093714cff43e86588bd9073fac97837e103b74,d8093714cff43e86588bd9073fac97837e103b74,Add TableGridView.
YouXianMing,2016-07-17 12:09:36,https://api.github.com/repos/YouXianMing/Animations/git/commits/eac4bdb5198a97031fddf4937d9142536c378e75,eac4bdb5198a97031fddf4937d9142536c378e75,Fix sth not important.
YouXianMing,2016-07-17 03:46:00,https://api.github.com/repos/YouXianMing/Animations/git/commits/c54c3f0473226c2dbe419a5c93cc5e78fae4d3aa,c54c3f0473226c2dbe419a5c93cc5e78fae4d3aa,Fix sth.
YouXianMing,2016-07-15 08:34:44,https://api.github.com/repos/YouXianMing/Animations/git/commits/99333cf891445796fe0a800e891805b6b4671344,99333cf891445796fe0a800e891805b6b4671344,Fix sth.
YouXianMing,2016-07-13 09:17:33,https://api.github.com/repos/YouXianMing/Animations/git/commits/39d12196c6166613694b5e1709663997c939900e,39d12196c6166613694b5e1709663997c939900e,Add Base64.h/.m
YouXianMing,2016-07-13 07:11:03,https://api.github.com/repos/YouXianMing/Animations/git/commits/40e550330ccb7809673b5e43248be0f7b4de62d6,40e550330ccb7809673b5e43248be0f7b4de62d6,Add PhotosAlbumManager.h/.m & UIView+ScreensShot.h/.m
YouXianMing,2016-07-13 02:10:58,https://api.github.com/repos/YouXianMing/Animations/git/commits/42bca1c18e0976e51ca1b51cf4318bbeb4bf7ee4,42bca1c18e0976e51ca1b51cf4318bbeb4bf7ee4,Add one method to CGContextObjectConfig.h
YouXianMing,2016-07-12 13:37:24,https://api.github.com/repos/YouXianMing/Animations/git/commits/e149eb9d6e0eb2e4413dcf7d3ab1271093ccab80,e149eb9d6e0eb2e4413dcf7d3ab1271093ccab80,Fix sth.
YouXianMing,2016-07-11 09:49:22,https://api.github.com/repos/YouXianMing/Animations/git/commits/ec5be51def65395e45eb8a2a419327fcd73508bb,ec5be51def65395e45eb8a2a419327fcd73508bb,Add sth not important.
YouXianMing,2016-07-10 06:06:37,https://api.github.com/repos/YouXianMing/Animations/git/commits/c19d047d9ae9a9f9737f949c10a86cd51edbcf8e,c19d047d9ae9a9f9737f949c10a86cd51edbcf8e,Update README.md
YouXianMing,2016-07-10 05:56:00,https://api.github.com/repos/YouXianMing/Animations/git/commits/2506814891823151fae208af7faa3fd8956e0b20,2506814891823151fae208af7faa3fd8956e0b20,fix sth.
YouXianMing,2016-07-10 05:46:29,https://api.github.com/repos/YouXianMing/Animations/git/commits/9ccab9fcac4a6700886632e22d8e23abf52fdc69,9ccab9fcac4a6700886632e22d8e23abf52fdc69,Add MaskShapeViewController.h/.m
YouXianMing,2016-07-09 01:47:43,https://api.github.com/repos/YouXianMing/Animations/git/commits/1c301e88a513ffb4c65b0b4a01c7cb8764101ed7,1c301e88a513ffb4c65b0b4a01c7cb8764101ed7,Fix sth.
YouXianMing,2016-07-08 10:13:03,https://api.github.com/repos/YouXianMing/Animations/git/commits/3be112bd885d663c2bf412a52f477203c0005ad7,3be112bd885d663c2bf412a52f477203c0005ad7,Add CalendarEvent.h/.m
YouXianMing,2016-07-08 05:51:56,https://api.github.com/repos/YouXianMing/Animations/git/commits/b7b04857fa28efdf221ed8d57479a55b8d7060e3,b7b04857fa28efdf221ed8d57479a55b8d7060e3,Fix sth.
YouXianMing,2016-07-08 05:47:34,https://api.github.com/repos/YouXianMing/Animations/git/commits/dc5e8741b66462f76f207cf1e703490be653c248,dc5e8741b66462f76f207cf1e703490be653c248,Add QRCodeViewController.h/.m
YouXianMing,2016-07-05 09:42:11,https://api.github.com/repos/YouXianMing/Animations/git/commits/e4e28687f8997806a36bac550be0e9b860b11b9e,e4e28687f8997806a36bac550be0e9b860b11b9e,Optimize the InfiniteLoopView
YouXianMing,2016-07-02 07:25:15,https://api.github.com/repos/YouXianMing/Animations/git/commits/0d895827245559bc164e7a745882af458aad5cbc,0d895827245559bc164e7a745882af458aad5cbc,Change sth not important.
YouXianMing,2016-07-02 06:38:45,https://api.github.com/repos/YouXianMing/Animations/git/commits/7f1fdd32e57eccddf737710cd0f7c380bebc4bea,7f1fdd32e57eccddf737710cd0f7c380bebc4bea,Change sth not important.
YouXianMing,2016-06-29 01:22:41,https://api.github.com/repos/YouXianMing/Animations/git/commits/a523a2c27e875152064947a701cfea73ebab6e94,a523a2c27e875152064947a701cfea73ebab6e94,Add EdgeInsetsLabel.h/.m & IconEdgeInsetsLabel.h/.m
YouXianMing,2016-06-29 01:13:27,https://api.github.com/repos/YouXianMing/Animations/git/commits/0933b62e98d346fda672b626ba935146f29d955f,0933b62e98d346fda672b626ba935146f29d955f,Fix a fatal error.
YouXianMing,2016-06-28 07:11:53,https://api.github.com/repos/YouXianMing/Animations/git/commits/2ecba28a24dcc11a140c4a9939607f8de24c6dd2,2ecba28a24dcc11a140c4a9939607f8de24c6dd2,Fix sth.
YouXianMing,2016-06-26 13:34:41,https://api.github.com/repos/YouXianMing/Animations/git/commits/8b238d6398b71d23593d698aa6a177cd89506404,8b238d6398b71d23593d698aa6a177cd89506404,Update README.md
YouXianMing,2016-06-26 13:28:33,https://api.github.com/repos/YouXianMing/Animations/git/commits/15ece43e55acc76aaa0eba0b29ec50d9cd1810d4,15ece43e55acc76aaa0eba0b29ec50d9cd1810d4,Add TapPathDrawViewController
YouXianMing,2016-06-26 08:59:32,https://api.github.com/repos/YouXianMing/Animations/git/commits/90bb68d6d2182d246aed19ade4f5babec5352091,90bb68d6d2182d246aed19ade4f5babec5352091,Add sth.
YouXianMing,2016-06-22 01:13:11,https://api.github.com/repos/YouXianMing/Animations/git/commits/2f6e19ab8e77740ddbb1a1221c917baf7166f08c,2f6e19ab8e77740ddbb1a1221c917baf7166f08c,Fix sth.
YouXianMing,2016-06-19 04:42:03,https://api.github.com/repos/YouXianMing/Animations/git/commits/4cebbffc1f2fa5fe26a5abe7072e0b51d3560847,4cebbffc1f2fa5fe26a5abe7072e0b51d3560847,Add sth.
YouXianMing,2016-06-18 13:37:12,https://api.github.com/repos/YouXianMing/Animations/git/commits/b0d5110e2f31ac625ee49b58be6823a0f39303cb,b0d5110e2f31ac625ee49b58be6823a0f39303cb,Add UITableView+CellClass.h/.m
YouXianMing,2016-06-17 05:06:59,https://api.github.com/repos/YouXianMing/Animations/git/commits/e6f973cbed913083da8b604d2e08ab8e6c3affc5,e6f973cbed913083da8b604d2e08ab8e6c3affc5,Fix sth.
YouXianMing,2016-06-16 01:38:41,https://api.github.com/repos/YouXianMing/Animations/git/commits/6326fb39d7b5aa444d3279241290d0abd69fbb6f,6326fb39d7b5aa444d3279241290d0abd69fbb6f,Add sth.
YouXianMing,2016-06-12 05:27:38,https://api.github.com/repos/YouXianMing/Animations/git/commits/a1ba9e80a668b1fb87f03bec7268402dd95daa08,a1ba9e80a668b1fb87f03bec7268402dd95daa08,Add sth.
YouXianMing,2016-06-10 03:05:35,https://api.github.com/repos/YouXianMing/Animations/git/commits/ad809119a9eb2736ddf7a208cc843f1a129680f8,ad809119a9eb2736ddf7a208cc843f1a129680f8,Add NSObject+PropertiesInfomation.h/.m
YouXianMing,2016-06-09 00:19:44,https://api.github.com/repos/YouXianMing/Animations/git/commits/1b800d354ff23e3e7bce4a5079486f3ef0028155,1b800d354ff23e3e7bce4a5079486f3ef0028155,Fix sth.
YouXianMing,2016-06-07 06:59:40,https://api.github.com/repos/YouXianMing/Animations/git/commits/9bf9aab7bb6ad6ee82c150122073212c5f182d99,9bf9aab7bb6ad6ee82c150122073212c5f182d99,Change sth not important.
YouXianMing,2016-06-05 02:32:27,https://api.github.com/repos/YouXianMing/Animations/git/commits/0da7cdd89a94012b834b910aeb3cb8f78e7a89cf,0da7cdd89a94012b834b910aeb3cb8f78e7a89cf,Edit README.md.
YouXianMing,2016-06-04 15:03:26,https://api.github.com/repos/YouXianMing/Animations/git/commits/d6197899453c78862f42d263dd1b1ef5d7937628,d6197899453c78862f42d263dd1b1ef5d7937628,Add SpringScaleViewController
YouXianMing,2016-06-03 06:49:05,https://api.github.com/repos/YouXianMing/Animations/git/commits/8259f1cf92519e9ded8743172dc75be672653c96,8259f1cf92519e9ded8743172dc75be672653c96,Add CustomTabBarViewController.h/.m
YouXianMing,2016-06-02 09:37:02,https://api.github.com/repos/YouXianMing/Animations/git/commits/f5c6e618ebb1e287d15f9ff0812eeef913704b48,f5c6e618ebb1e287d15f9ff0812eeef913704b48,Fix sth.
YouXianMing,2016-06-01 06:33:17,https://api.github.com/repos/YouXianMing/Animations/git/commits/3381c7f1908f772c6284da07ac3d6f0d4b115099,3381c7f1908f772c6284da07ac3d6f0d4b115099,Fix sth.
YouXianMing,2016-06-01 06:20:46,https://api.github.com/repos/YouXianMing/Animations/git/commits/e7690cbc8f6fef1b0a50809625939c3c35c9cdf6,e7690cbc8f6fef1b0a50809625939c3c35c9cdf6,Update sth.
YouXianMing,2016-05-31 01:23:44,https://api.github.com/repos/YouXianMing/Animations/git/commits/850b70c2e549d8f43ae0d11d19d1f65c936dbf04,850b70c2e549d8f43ae0d11d19d1f65c936dbf04,Add methods in FileManager.h
YouXianMing,2016-05-30 03:22:16,https://api.github.com/repos/YouXianMing/Animations/git/commits/091c1cec10ba39e61e4e51177f41f1f1c250be47,091c1cec10ba39e61e4e51177f41f1f1c250be47,Change sth.
YouXianMing,2016-05-28 12:54:35,https://api.github.com/repos/YouXianMing/Animations/git/commits/306a069b2252008ec92cab79c0ed76a9b7fad2d7,306a069b2252008ec92cab79c0ed76a9b7fad2d7,Update sth.
YouXianMing,2016-05-28 12:38:13,https://api.github.com/repos/YouXianMing/Animations/git/commits/a2f890c856b30cafe7a856c4302161c864c7a527,a2f890c856b30cafe7a856c4302161c864c7a527,Update sth.
YouXianMing,2016-05-27 09:56:58,https://api.github.com/repos/YouXianMing/Animations/git/commits/ab49abfc49c6ff6bb6c8b3ce5a43cc28a0512fc5,ab49abfc49c6ff6bb6c8b3ce5a43cc28a0512fc5,Add Animator.
YouXianMing,2016-05-27 02:49:24,https://api.github.com/repos/YouXianMing/Animations/git/commits/f545447ed45f112d1e8d5194a2f00f0243cd5511,f545447ed45f112d1e8d5194a2f00f0243cd5511,Fix ShowTextCell.h/.m
YouXianMing,2016-05-27 02:30:48,https://api.github.com/repos/YouXianMing/Animations/git/commits/2a853ab967c7a541b7f63ed775ca9c59fbfbc4b3,2a853ab967c7a541b7f63ed775ca9c59fbfbc4b3,Delete CustomCollectionViewCell.h/.m
YouXianMing,2016-05-27 02:23:06,https://api.github.com/repos/YouXianMing/Animations/git/commits/340e26823e04bd81d4dfd59c08c2dc3eb3794820,340e26823e04bd81d4dfd59c08c2dc3eb3794820,Fix sth.
YouXianMing,2016-05-26 10:00:47,https://api.github.com/repos/YouXianMing/Animations/git/commits/1061c0b329a6b2cc6763a991482cba05c8cfdd7d,1061c0b329a6b2cc6763a991482cba05c8cfdd7d,Fix sth.
YouXianMing,2016-05-26 09:48:47,https://api.github.com/repos/YouXianMing/Animations/git/commits/bc20d255c12f07ccf3f1e276090eda1953e13f30,bc20d255c12f07ccf3f1e276090eda1953e13f30,Add BaseControl.h/.m
YouXianMing,2016-05-26 05:53:29,https://api.github.com/repos/YouXianMing/Animations/git/commits/3437940387b01c2715d7be4251c096f0f5f2e390,3437940387b01c2715d7be4251c096f0f5f2e390,Update sth.
YouXianMing,2016-05-26 05:43:13,https://api.github.com/repos/YouXianMing/Animations/git/commits/ba7071669b59a16a2f31dfd1d3cfb297d7df7567,ba7071669b59a16a2f31dfd1d3cfb297d7df7567,Fix sth.
YouXianMing,2016-05-26 05:42:36,https://api.github.com/repos/YouXianMing/Animations/git/commits/894ba9a455075ac7344b65b018cfe9d12b3c6dc0,894ba9a455075ac7344b65b018cfe9d12b3c6dc0,Update sth.
YouXianMing,2016-05-26 05:39:43,https://api.github.com/repos/YouXianMing/Animations/git/commits/a2b52e2db4d187186d34c24cb394ec4419b3dc8e,a2b52e2db4d187186d34c24cb394ec4419b3dc8e,Update sth.
YouXianMing,2016-05-26 02:14:28,https://api.github.com/repos/YouXianMing/Animations/git/commits/5002db4b8b1fff156d85102d1caaa4f57c6226cb,5002db4b8b1fff156d85102d1caaa4f57c6226cb,Add sth.
YouXianMing,2016-05-24 06:51:15,https://api.github.com/repos/YouXianMing/Animations/git/commits/461d436c62eaa8bb2521d8f4fd3d4d292c3d8e92,461d436c62eaa8bb2521d8f4fd3d4d292c3d8e92,Fix sth.
YouXianMing,2016-05-24 03:26:52,https://api.github.com/repos/YouXianMing/Animations/git/commits/e2725afd620ec4fc3fc03e432bb3bf569bbc5893,e2725afd620ec4fc3fc03e432bb3bf569bbc5893,Add GridCollectionView.h/.m
YouXianMing,2016-05-23 06:59:14,https://api.github.com/repos/YouXianMing/Animations/git/commits/edd61a91fc78c0866a4e633617b07f4019525fae,edd61a91fc78c0866a4e633617b07f4019525fae,Add sth.
YouXianMing,2016-05-23 06:45:51,https://api.github.com/repos/YouXianMing/Animations/git/commits/dba319dc1f8d0c327a299f5e760c38f34c6dbc27,dba319dc1f8d0c327a299f5e760c38f34c6dbc27,Add sth.
YouXianMing,2016-05-22 13:57:26,https://api.github.com/repos/YouXianMing/Animations/git/commits/535ae7790b26172848f2bca6f2d91733676ee9ba,535ae7790b26172848f2bca6f2d91733676ee9ba,Add POPControll.h/.m
YouXianMing,2016-05-22 06:46:26,https://api.github.com/repos/YouXianMing/Animations/git/commits/fcc22dbc6232da9b71cad7c40aac4637f1be3b49,fcc22dbc6232da9b71cad7c40aac4637f1be3b49,Add a tool.
YouXianMing,2016-05-22 02:54:26,https://api.github.com/repos/YouXianMing/Animations/git/commits/24714aad9db6042a4893a706ec2e8ef0c5e9179f,24714aad9db6042a4893a706ec2e8ef0c5e9179f,Fix bugs.
YouXianMing,2016-05-21 08:14:50,https://api.github.com/repos/YouXianMing/Animations/git/commits/4f820b43b9811325e304b122a07681c371102ff0,4f820b43b9811325e304b122a07681c371102ff0,Add UITextField+UsefulMethod.h/.m
YouXianMing,2016-05-20 01:14:24,https://api.github.com/repos/YouXianMing/Animations/git/commits/5bbc6beaae1a042e90fde34941fb95e117c2ea60,5bbc6beaae1a042e90fde34941fb95e117c2ea60,Add PhoneCall.h/.m
YouXianMing,2016-05-19 10:58:23,https://api.github.com/repos/YouXianMing/Animations/git/commits/b5fcf13ed26b84be56a4f5e4abb08db297babf18,b5fcf13ed26b84be56a4f5e4abb08db297babf18,Fix sth not important.
YouXianMing,2016-05-18 08:12:05,https://api.github.com/repos/YouXianMing/Animations/git/commits/180ef37b41e4432b1167c95f53121ccca87dd7c9,180ef37b41e4432b1167c95f53121ccca87dd7c9,Add BaseControl.h/.m
YouXianMing,2016-05-18 06:40:00,https://api.github.com/repos/YouXianMing/Animations/git/commits/5939999c0e9c886227e2cebc02b362945d07d73c,5939999c0e9c886227e2cebc02b362945d07d73c,Change sth not important.
YouXianMing,2016-05-18 01:36:59,https://api.github.com/repos/YouXianMing/Animations/git/commits/55e01aa0aa82e2ce33dbaacdc13ef59b491c17ac,55e01aa0aa82e2ce33dbaacdc13ef59b491c17ac,Add one method to UIButton+Style.h/.m
YouXianMing,2016-05-17 01:13:49,https://api.github.com/repos/YouXianMing/Animations/git/commits/65e69efc2dae12147e1d0cb9f081725603bdbbdb,65e69efc2dae12147e1d0cb9f081725603bdbbdb,"Merge pull request #1 from itouch2/master

LiveImageViewController minor changes"
YouXianMing,2016-05-16 02:47:04,https://api.github.com/repos/YouXianMing/Animations/git/commits/be276f0da5b39556e9df757cbacb630488992b23,be276f0da5b39556e9df757cbacb630488992b23,Add sth not important.
YouXianMing,2016-05-16 02:16:37,https://api.github.com/repos/YouXianMing/Animations/git/commits/f0014edf3a5ca01cd32be2b30fb149c29af1aa34,f0014edf3a5ca01cd32be2b30fb149c29af1aa34,Add some method to UIButton+inits.h/.m
YouXianMing,2016-05-16 01:30:04,https://api.github.com/repos/YouXianMing/Animations/git/commits/d8c2319d4e83fb3659d23f9f2bb2f19b13762e85,d8c2319d4e83fb3659d23f9f2bb2f19b13762e85,fix sth.
itouch2,2016-05-13 06:35:04,https://api.github.com/repos/YouXianMing/Animations/git/commits/7fa60f8755452ea21ecb03a1f6e2271955ee1c84,7fa60f8755452ea21ecb03a1f6e2271955ee1c84,"LiveImageViewController minor changes

CAAnimation should not be placed in animation block"
YouXianMing,2016-05-02 01:03:59,https://api.github.com/repos/YouXianMing/Animations/git/commits/78736ca400dd6c5264cf760e0074308b17127c68,78736ca400dd6c5264cf760e0074308b17127c68,Edit README.md
YouXianMing,2016-05-01 14:31:26,https://api.github.com/repos/YouXianMing/Animations/git/commits/71622066dc0d057ea3558e00f84b15d36c7f7693,71622066dc0d057ea3558e00f84b15d36c7f7693,Add  iCarousel.
YouXianMing,2016-05-01 09:54:15,https://api.github.com/repos/YouXianMing/Animations/git/commits/4c6d20ffdbb9fd4eaf0cf47fddee7fa614bff36b,4c6d20ffdbb9fd4eaf0cf47fddee7fa614bff36b,Edit README.md
YouXianMing,2016-05-01 08:03:33,https://api.github.com/repos/YouXianMing/Animations/git/commits/4fda70d580e99da5461e3f57ffb2ee0cc92c0aa9,4fda70d580e99da5461e3f57ffb2ee0cc92c0aa9,Add  SystemFontInfoController
YouXianMing,2016-05-01 04:21:56,https://api.github.com/repos/YouXianMing/Animations/git/commits/841e4bcf07fe477990a00c6173736cbd210c97c8,841e4bcf07fe477990a00c6173736cbd210c97c8,Add OffsetCellViewController.
YouXianMing,2016-04-29 21:40:51,https://api.github.com/repos/YouXianMing/Animations/git/commits/65c2b33664d001b6d109aaca09082c76600804d8,65c2b33664d001b6d109aaca09082c76600804d8,Add  UIView+UserInteraction.h/.m
YouXianMing,2016-04-21 02:13:32,https://api.github.com/repos/YouXianMing/Animations/git/commits/fb0ca090bffb3ca33b7be29c8e5df603900f709f,fb0ca090bffb3ca33b7be29c8e5df603900f709f,"Optimize ""UIView+GlowView"""
YouXianMing,2016-04-21 01:44:56,https://api.github.com/repos/YouXianMing/Animations/git/commits/b225cc950af6e3816e9d70b6274483bbae91e246,b225cc950af6e3816e9d70b6274483bbae91e246,Optimize cell's animation.
YouXianMing,2016-04-19 00:46:47,https://api.github.com/repos/YouXianMing/Animations/git/commits/6c99807f20529c351739cb86354beba1fc0b389e,6c99807f20529c351739cb86354beba1fc0b389e,fix sth.
YouXianMing,2016-04-19 00:46:16,https://api.github.com/repos/YouXianMing/Animations/git/commits/d67a215be84c30ff78b6aa2f2b4cd3dbce13440b,d67a215be84c30ff78b6aa2f2b4cd3dbce13440b,update README.md
YouXianMing,2016-04-19 00:41:28,https://api.github.com/repos/YouXianMing/Animations/git/commits/c72e47528e249b15e4e69ad679743b40120d285d,c72e47528e249b15e4e69ad679743b40120d285d,Add LazyFadeInViewController
YouXianMing,2016-04-17 02:29:17,https://api.github.com/repos/YouXianMing/Animations/git/commits/cef4a40510b8a12a670f9bbb9672c930d34b6546,cef4a40510b8a12a670f9bbb9672c930d34b6546,Update README.md
YouXianMing,2016-04-17 02:27:12,https://api.github.com/repos/YouXianMing/Animations/git/commits/a83013fb8332b6538ffb066ea5a4627b4f64d595,a83013fb8332b6538ffb066ea5a4627b4f64d595,Add DrawMarqueeViewController
YouXianMing,2016-04-14 00:15:11,https://api.github.com/repos/YouXianMing/Animations/git/commits/cbba30ef0a2a0ef764c86c4ded9d8821aeb8ec21,cbba30ef0a2a0ef764c86c4ded9d8821aeb8ec21,Update README.md
YouXianMing,2016-04-14 00:07:57,https://api.github.com/repos/YouXianMing/Animations/git/commits/0397e8631ef3a4998fa7998233469bfd9addf396,0397e8631ef3a4998fa7998233469bfd9addf396,Update README.md
YouXianMing,2016-04-14 00:04:27,https://api.github.com/repos/YouXianMing/Animations/git/commits/f949ceb44a706dbe946d14e05df38d8582309ed5,f949ceb44a706dbe946d14e05df38d8582309ed5,Update README.md
YouXianMing,2016-04-14 00:01:05,https://api.github.com/repos/YouXianMing/Animations/git/commits/7e2a93e075df817ccd69cc0b06a5960557066aaf,7e2a93e075df817ccd69cc0b06a5960557066aaf,Update README.md
YouXianMing,2016-04-13 23:59:50,https://api.github.com/repos/YouXianMing/Animations/git/commits/c3402ac0e1d98d2dc15b93d200e059612cb5c2b6,c3402ac0e1d98d2dc15b93d200e059612cb5c2b6,Update README.md
YouXianMing,2016-04-13 23:59:02,https://api.github.com/repos/YouXianMing/Animations/git/commits/8933a5e9939300b8c2110c4656515cb823997fa0,8933a5e9939300b8c2110c4656515cb823997fa0,Update README.md
YouXianMing,2016-04-13 23:58:22,https://api.github.com/repos/YouXianMing/Animations/git/commits/e2e7315f08be65ef212e45fccffeda466fc20be4,e2e7315f08be65ef212e45fccffeda466fc20be4,Update README.md
YouXianMing,2016-04-13 23:57:21,https://api.github.com/repos/YouXianMing/Animations/git/commits/78fbc44194608816dbd3915408c2721e23e95c44,78fbc44194608816dbd3915408c2721e23e95c44,Update README.md
YouXianMing,2016-04-13 23:56:31,https://api.github.com/repos/YouXianMing/Animations/git/commits/0971a1c6f5d0366a1bcf0d277fd3587b9f151bea,0971a1c6f5d0366a1bcf0d277fd3587b9f151bea,Update README.md
YouXianMing,2016-04-12 09:47:49,https://api.github.com/repos/YouXianMing/Animations/git/commits/ca75fdfc45da11f1c9bdce4db66581f22ecaed4b,ca75fdfc45da11f1c9bdce4db66581f22ecaed4b,fix sth.
YouXianMing,2016-04-12 02:54:32,https://api.github.com/repos/YouXianMing/Animations/git/commits/6a0fc2e3d9607a7ae85d76833748337b5de2c1e9,6a0fc2e3d9607a7ae85d76833748337b5de2c1e9,Update README.md
YouXianMing,2016-04-12 02:53:29,https://api.github.com/repos/YouXianMing/Animations/git/commits/926ca09b72f694091aaad20988d309f456d82a50,926ca09b72f694091aaad20988d309f456d82a50,Add ReplicatorLineAnimationView
YouXianMing,2016-04-10 13:46:32,https://api.github.com/repos/YouXianMing/Animations/git/commits/9b6e156b508ec6f915a6257bffad5c4512c9564c,9b6e156b508ec6f915a6257bffad5c4512c9564c,Update README.md
YouXianMing,2016-04-10 13:45:03,https://api.github.com/repos/YouXianMing/Animations/git/commits/ba869e0ca9f134fa1340cedc86b16f1b3998fea9,ba869e0ca9f134fa1340cedc86b16f1b3998fea9,fix sth.
YouXianMing,2016-04-10 13:40:56,https://api.github.com/repos/YouXianMing/Animations/git/commits/c81b9fe0b6fee2a38e97eb6619bb78bc3fe4df55,c81b9fe0b6fee2a38e97eb6619bb78bc3fe4df55,Add TextKitLoadImageController
YouXianMing,2016-04-09 00:23:24,https://api.github.com/repos/YouXianMing/Animations/git/commits/989178508b70276e7d3fbb1208505d26d63fa478,989178508b70276e7d3fbb1208505d26d63fa478,add sth not important.
YouXianMing,2016-04-08 15:01:43,https://api.github.com/repos/YouXianMing/Animations/git/commits/1fa69a4d395487ae8a33990662dd32eac9dcd948,1fa69a4d395487ae8a33990662dd32eac9dcd948,Update README.md
YouXianMing,2016-04-08 15:00:25,https://api.github.com/repos/YouXianMing/Animations/git/commits/34cce61e26e06c98df8779cbaf79571143a65681,34cce61e26e06c98df8779cbaf79571143a65681,fix sth.
YouXianMing,2016-04-08 14:43:50,https://api.github.com/repos/YouXianMing/Animations/git/commits/c9b7a6022c7b6cf7de2219316c419bdaf5c43e95,c9b7a6022c7b6cf7de2219316c419bdaf5c43e95,Add TapCellAnimationController
YouXianMing,2016-04-08 09:30:11,https://api.github.com/repos/YouXianMing/Animations/git/commits/be890698dd7897977a489fd3c4a30055471e273a,be890698dd7897977a489fd3c4a30055471e273a,Delete CustomAdapterTypeCell.h/.m
YouXianMing,2016-03-25 06:30:07,https://api.github.com/repos/YouXianMing/Animations/git/commits/136be1cdacf426adb67baa5e55a14e4edc94e26d,136be1cdacf426adb67baa5e55a14e4edc94e26d,Support Xcode 7.3
YouXianMing,2016-03-15 09:27:18,https://api.github.com/repos/YouXianMing/Animations/git/commits/9fec36251e1de5669811e5c52d17511f07856d7b,9fec36251e1de5669811e5c52d17511f07856d7b,fix sth not important.
YouXianMing,2016-03-14 12:24:51,https://api.github.com/repos/YouXianMing/Animations/git/commits/075c81b5b32e0b882fda45306f2de51b3c9fed37,075c81b5b32e0b882fda45306f2de51b3c9fed37,change sth not important.
YouXianMing,2016-03-13 08:40:40,https://api.github.com/repos/YouXianMing/Animations/git/commits/154648a598f71ce5c5160601fd8b1c9d3e901af3,154648a598f71ce5c5160601fd8b1c9d3e901af3,Update README.md
YouXianMing,2016-03-13 08:23:13,https://api.github.com/repos/YouXianMing/Animations/git/commits/60a105445de26c4976bf59757164f23e7892c56e,60a105445de26c4976bf59757164f23e7892c56e,Add ScrollViewAnimationController.
YouXianMing,2016-03-12 02:27:02,https://api.github.com/repos/YouXianMing/Animations/git/commits/d00308f048dfdd4b054d84c3359ea12f8c7530e8,d00308f048dfdd4b054d84c3359ea12f8c7530e8,Update AFNetworking-2.x to AFNetworking-3.x
YouXianMing,2016-03-11 03:40:47,https://api.github.com/repos/YouXianMing/Animations/git/commits/62bab09c3182f72c7097728ba0e40eeaad1381dc,62bab09c3182f72c7097728ba0e40eeaad1381dc,Add GZip support.
YouXianMing,2016-02-25 13:06:24,https://api.github.com/repos/YouXianMing/Animations/git/commits/a6352b73ecfd8e01a7227725ee059d472cff6e8c,a6352b73ecfd8e01a7227725ee059d472cff6e8c,Update README.md
YouXianMing,2016-02-25 13:00:13,https://api.github.com/repos/YouXianMing/Animations/git/commits/146737cac5b537ac45ae0e662bdf2d3f18ff284a,146737cac5b537ac45ae0e662bdf2d3f18ff284a,Add SCViewShakerController
YouXianMing,2016-02-22 13:21:22,https://api.github.com/repos/YouXianMing/Animations/git/commits/ac77db70dd9854dd990eb67cf6a81d1f86a89c8b,ac77db70dd9854dd990eb67cf6a81d1f86a89c8b,fix sth.
YouXianMing,2016-02-22 13:06:28,https://api.github.com/repos/YouXianMing/Animations/git/commits/fac7f1db464940926e68bfad4bf916b94bced219,fac7f1db464940926e68bfad4bf916b94bced219,Update README.md
YouXianMing,2016-02-21 04:06:13,https://api.github.com/repos/YouXianMing/Animations/git/commits/bd4f36e1e0de33d58e2579aced7db9422d0ded4d,bd4f36e1e0de33d58e2579aced7db9422d0ded4d,Add GifPictureController.
YouXianMing,2016-02-21 02:40:36,https://api.github.com/repos/YouXianMing/Animations/git/commits/209ab84618dd21ef3ad104fe1d8dd8f88207b2e6,209ab84618dd21ef3ad104fe1d8dd8f88207b2e6,add some info.
YouXianMing,2016-02-21 02:39:19,https://api.github.com/repos/YouXianMing/Animations/git/commits/2d34d33cae236492a853c7a12eed845b4188d31d,2d34d33cae236492a853c7a12eed845b4188d31d,Update README.md
YouXianMing,2016-02-18 06:42:28,https://api.github.com/repos/YouXianMing/Animations/git/commits/2b59776ea2c34fd26e07ba69ae0f5d9fe08d8ac7,2b59776ea2c34fd26e07ba69ae0f5d9fe08d8ac7,Add MotionEffectViewController.
YouXianMing,2016-02-18 02:10:13,https://api.github.com/repos/YouXianMing/Animations/git/commits/a031456b61fc4a997f72ab33359cf29d0ff92182,a031456b61fc4a997f72ab33359cf29d0ff92182,fix UIView+AnimationPracticalMethod.m
YouXianMing,2016-02-17 14:05:01,https://api.github.com/repos/YouXianMing/Animations/git/commits/91defda4b1d22b3cdcadfd382aa3af206fb72507,91defda4b1d22b3cdcadfd382aa3af206fb72507,fix sth.
YouXianMing,2016-02-17 13:55:00,https://api.github.com/repos/YouXianMing/Animations/git/commits/4a6e45704461924b1262f8279659dc91901344c8,4a6e45704461924b1262f8279659dc91901344c8,sth not important.
YouXianMing,2016-02-17 13:53:05,https://api.github.com/repos/YouXianMing/Animations/git/commits/c7e7253376ab6594ffdd0e1a80f03a6cf6c6027e,c7e7253376ab6594ffdd0e1a80f03a6cf6c6027e,"Merge remote-tracking branch 'origin/master'

# Conflicts:
#
Animations.xcodeproj/project.xcworkspace/xcuserdata/YouXianMing.xcuserda
tad/UserInterfaceState.xcuserstate"
YouXianMing,2016-02-17 13:52:04,https://api.github.com/repos/YouXianMing/Animations/git/commits/0bb5e97a0f620465b5f16b1e82a4e27210981f0b,0bb5e97a0f620465b5f16b1e82a4e27210981f0b,fix sth.
YouXianMing,2016-02-17 03:41:59,https://api.github.com/repos/YouXianMing/Animations/git/commits/1d8a41204cbccedd8c0352fa2b42ea874f050153,1d8a41204cbccedd8c0352fa2b42ea874f050153,Update README.md
YouXianMing,2016-02-17 03:39:38,https://api.github.com/repos/YouXianMing/Animations/git/commits/25aac85c6d630584f4232083c912ea446b312cb8,25aac85c6d630584f4232083c912ea446b312cb8,Add one UIView category.
YouXianMing,2016-02-16 09:41:36,https://api.github.com/repos/YouXianMing/Animations/git/commits/4c0b65fb9f8a6fa0b7ae2d6080946b8e0bc54eea,4c0b65fb9f8a6fa0b7ae2d6080946b8e0bc54eea,Add CAGradientViewController.
YouXianMing,2016-02-16 08:32:50,https://api.github.com/repos/YouXianMing/Animations/git/commits/3757b6d6fc80a092ffe387f562b5e113983c29f1,3757b6d6fc80a092ffe387f562b5e113983c29f1,fix sth.
YouXianMing,2016-02-05 09:04:26,https://api.github.com/repos/YouXianMing/Animations/git/commits/248007874aa5b441188f9148f3f70ddd8ad90fc8,248007874aa5b441188f9148f3f70ddd8ad90fc8,Fix sth.
YouXianMing,2016-02-05 08:48:52,https://api.github.com/repos/YouXianMing/Animations/git/commits/7f1769fdbb79c3dc35b1fa30498d42a77fc342bd,7f1769fdbb79c3dc35b1fa30498d42a77fc342bd,Fix sth to support SDWebImage's load image animation.
YouXianMing,2016-02-05 01:46:03,https://api.github.com/repos/YouXianMing/Animations/git/commits/28b85950e12a50b8f0bd915cff7946f80c0e54ba,28b85950e12a50b8f0bd915cff7946f80c0e54ba,Add SDWebImageAnimationStrategy.
YouXianMing,2016-02-04 16:03:07,https://api.github.com/repos/YouXianMing/Animations/git/commits/9f014d9835801046dbb13d8c8104371e2129b017,9f014d9835801046dbb13d8c8104371e2129b017,add sth.
YouXianMing,2016-02-03 14:14:08,https://api.github.com/repos/YouXianMing/Animations/git/commits/89887b2d27be875de044e270c62173e50e29c985,89887b2d27be875de044e270c62173e50e29c985,Update README.md
YouXianMing,2016-02-03 14:02:45,https://api.github.com/repos/YouXianMing/Animations/git/commits/1838544af626b953d09c22d6eb5408c86a0d7f0c,1838544af626b953d09c22d6eb5408c86a0d7f0c,sth not important.
YouXianMing,2016-02-03 13:59:36,https://api.github.com/repos/YouXianMing/Animations/git/commits/28124260fad2779634012f3ed7acf98d8d0fa8db,28124260fad2779634012f3ed7acf98d8d0fa8db,complete TableViewLoadDataController
YouXianMing,2016-02-02 13:52:11,https://api.github.com/repos/YouXianMing/Animations/git/commits/74dc3ba325b2ab3845645e733a791db36bcb7426,74dc3ba325b2ab3845645e733a791db36bcb7426,add TableViewLoadDataController
YouXianMing,2016-02-02 13:08:49,https://api.github.com/repos/YouXianMing/Animations/git/commits/0305c8fdb9fb28e530896ac764538b54960ed40d,0305c8fdb9fb28e530896ac764538b54960ed40d,fix sth.
YouXianMing,2016-02-01 09:28:29,https://api.github.com/repos/YouXianMing/Animations/git/commits/ba9f5c1a1b329b1ddc2b2f18209724e71350e82d,ba9f5c1a1b329b1ddc2b2f18209724e71350e82d,fix sth.
YouXianMing,2016-01-30 23:56:27,https://api.github.com/repos/YouXianMing/Animations/git/commits/90e9bc3547cc8ca83bb52dedaa001f0ba8c3d72c,90e9bc3547cc8ca83bb52dedaa001f0ba8c3d72c,fix sth not important.
YouXianMing,2016-01-30 15:11:45,https://api.github.com/repos/YouXianMing/Animations/git/commits/53e2581767e477fb12b8404e5ab64d455bc2dc2c,53e2581767e477fb12b8404e5ab64d455bc2dc2c,fix sth not important.
YouXianMing,2016-01-26 09:37:25,https://api.github.com/repos/YouXianMing/Animations/git/commits/a5247b1ec86255a3f7afac5a160e0e72842e6eb5,a5247b1ec86255a3f7afac5a160e0e72842e6eb5,add AbstractAdapter.h/.m
YouXianMing,2016-01-25 01:15:59,https://api.github.com/repos/YouXianMing/Animations/git/commits/94f678d81c7269a7d8f49c5de973ef5546b95f25,94f678d81c7269a7d8f49c5de973ef5546b95f25,Add SignMaker & String's category LabelWidthAndHeight.
YouXianMing,2016-01-21 14:04:15,https://api.github.com/repos/YouXianMing/Animations/git/commits/248624771472117eff9758d5910b470da05397a5,248624771472117eff9758d5910b470da05397a5,Update README.md
YouXianMing,2016-01-21 13:53:36,https://api.github.com/repos/YouXianMing/Animations/git/commits/684f9635e06ef335cef1a27f165fbbc781ce2f24,684f9635e06ef335cef1a27f165fbbc781ce2f24,Add AdditiveAnimationController.
YouXianMing,2016-01-20 11:57:52,https://api.github.com/repos/YouXianMing/Animations/git/commits/5c323605c381973d9106442ec6eaa8f1c671d7cb,5c323605c381973d9106442ec6eaa8f1c671d7cb,fix a Networking bug.
YouXianMing,2016-01-19 13:32:36,https://api.github.com/repos/YouXianMing/Animations/git/commits/37b9f9fbb6c0b01a884930b6a94aff91aebeee59,37b9f9fbb6c0b01a884930b6a94aff91aebeee59,Update README.md
YouXianMing,2016-01-19 13:25:36,https://api.github.com/repos/YouXianMing/Animations/git/commits/09397e2395ebb8343564c8f92ab8bfbb613fa4d5,09397e2395ebb8343564c8f92ab8bfbb613fa4d5,Add CASpringAnimationController.
YouXianMing,2016-01-19 08:59:07,https://api.github.com/repos/YouXianMing/Animations/git/commits/662a1f9e11c083032824d5898f3f2d9bd6be3f72,662a1f9e11c083032824d5898f3f2d9bd6be3f72,Update README.md
YouXianMing,2016-01-17 10:48:27,https://api.github.com/repos/YouXianMing/Animations/git/commits/8016e37edd387f86ddc03ede733f4ab46c78760c,8016e37edd387f86ddc03ede733f4ab46c78760c,Update README.md
YouXianMing,2016-01-17 10:40:35,https://api.github.com/repos/YouXianMing/Animations/git/commits/81305b0a6de891e296933a883275ad48e4dc217f,81305b0a6de891e296933a883275ad48e4dc217f,Add spring effect animation.
YouXianMing,2016-01-17 04:43:32,https://api.github.com/repos/YouXianMing/Animations/git/commits/9a2a2792ca7a168e16c41694ee2f8199475b97bf,9a2a2792ca7a168e16c41694ee2f8199475b97bf,Add ColorProgressView
YouXianMing,2016-01-16 13:30:38,https://api.github.com/repos/YouXianMing/Animations/git/commits/5495e65ac252eadd3e322f427e5270a4b6fbcede,5495e65ac252eadd3e322f427e5270a4b6fbcede,delete one method from Networking.h/m.
YouXianMing,2016-01-16 10:01:40,https://api.github.com/repos/YouXianMing/Animations/git/commits/5c1d92551f47eab88dffbf0add71e38507359b02,5c1d92551f47eab88dffbf0add71e38507359b02,fix sth.
YouXianMing,2016-01-15 13:30:48,https://api.github.com/repos/YouXianMing/Animations/git/commits/a7cc990845604098bed14f83d526fc9272f7e9ab,a7cc990845604098bed14f83d526fc9272f7e9ab,Change sth not important in MusicBarAnimationController.
YouXianMing,2016-01-15 13:25:21,https://api.github.com/repos/YouXianMing/Animations/git/commits/4bd9189fbfa88cf865e1d75d163a06904c1c41d6,4bd9189fbfa88cf865e1d75d163a06904c1c41d6,Update README.md
YouXianMing,2016-01-15 13:23:35,https://api.github.com/repos/YouXianMing/Animations/git/commits/66b12c14bdcab124c7d26a7e0f7d5880a3051382,66b12c14bdcab124c7d26a7e0f7d5880a3051382,Add music bar animation.
YouXianMing,2016-01-15 03:31:51,https://api.github.com/repos/YouXianMing/Animations/git/commits/167123a49a9a1807b456c7513677535533ab05b7,167123a49a9a1807b456c7513677535533ab05b7,add DateFormatter.
YouXianMing,2016-01-15 02:14:00,https://api.github.com/repos/YouXianMing/Animations/git/commits/11064038b8a547681f4e65c3acef6401b197c067,11064038b8a547681f4e65c3acef6401b197c067,fix sth not important.
YouXianMing,2016-01-15 01:54:50,https://api.github.com/repos/YouXianMing/Animations/git/commits/b1696bbdfef2a5cac3e90a019a24339235bee661,b1696bbdfef2a5cac3e90a019a24339235bee661,add one method to NumberFormatter.
YouXianMing,2016-01-15 01:37:36,https://api.github.com/repos/YouXianMing/Animations/git/commits/d87de655124edb26e56e22963ec4f9f96a8798d0,d87de655124edb26e56e22963ec4f9f96a8798d0,Add more animation to BezierPathViewController.
YouXianMing,2016-01-14 03:01:20,https://api.github.com/repos/YouXianMing/Animations/git/commits/28f3c6a2b07de1be23261db67c2c3867a0f0b3af,28f3c6a2b07de1be23261db67c2c3867a0f0b3af,Add tag value.
YouXianMing,2016-01-14 02:47:43,https://api.github.com/repos/YouXianMing/Animations/git/commits/9278d9404abcd34927a3a0356d3c3c42ec0a679a,9278d9404abcd34927a3a0356d3c3c42ec0a679a,fix warning.
YouXianMing,2016-01-13 09:59:22,https://api.github.com/repos/YouXianMing/Animations/git/commits/3afd66db6b9977ce091f9739c3babb6baa896a6e,3afd66db6b9977ce091f9739c3babb6baa896a6e,Add InfiniRotationView.
YouXianMing,2016-01-13 07:22:43,https://api.github.com/repos/YouXianMing/Animations/git/commits/bcb10750dcb03ba80e971d71ca6480b8b55599d3,bcb10750dcb03ba80e971d71ca6480b8b55599d3,add two method to AbstractAlertView.
YouXianMing,2016-01-13 01:49:04,https://api.github.com/repos/YouXianMing/Animations/git/commits/a8c2bc6704f0738801a7b83576754989f6ad1943,a8c2bc6704f0738801a7b83576754989f6ad1943,sth not important.
YouXianMing,2016-01-12 23:27:35,https://api.github.com/repos/YouXianMing/Animations/git/commits/fbac61e527264c3b185cce0da6097a0c5d73788e,fbac61e527264c3b185cce0da6097a0c5d73788e,Fix a bug from Networking 2.x .
YouXianMing,2016-01-12 13:56:47,https://api.github.com/repos/YouXianMing/Animations/git/commits/3ebf48b680375061d8d417776f3f9f0ce90f4c8b,3ebf48b680375061d8d417776f3f9f0ce90f4c8b,Add angle property to UIView+AnimationProperty category.
YouXianMing,2016-01-12 08:18:19,https://api.github.com/repos/YouXianMing/Animations/git/commits/3837a81c435580ebd4388d1c0cb9dc5adb566e46,3837a81c435580ebd4388d1c0cb9dc5adb566e46,add sth not important.
YouXianMing,2016-01-12 01:22:30,https://api.github.com/repos/YouXianMing/Animations/git/commits/a99b6efc14e544ac0fe4c1122743e32b59e776cf,a99b6efc14e544ac0fe4c1122743e32b59e776cf,add WxHxD.h/.m
YouXianMing,2016-01-11 13:20:36,https://api.github.com/repos/YouXianMing/Animations/git/commits/4500c789ed05a0d45caadb5063416f7ea135bb7c,4500c789ed05a0d45caadb5063416f7ea135bb7c,Update README.md
YouXianMing,2016-01-11 13:19:35,https://api.github.com/repos/YouXianMing/Animations/git/commits/07b986c22a0ed00c40bed4172e3d3de06d14e9eb,07b986c22a0ed00c40bed4172e3d3de06d14e9eb,add BezierPath animation.
YouXianMing,2016-01-11 08:16:39,https://api.github.com/repos/YouXianMing/Animations/git/commits/aed7d6d4c3142db553646f5c070435e53a4a71e1,aed7d6d4c3142db553646f5c070435e53a4a71e1,add sth not important.
YouXianMing,2016-01-11 07:39:23,https://api.github.com/repos/YouXianMing/Animations/git/commits/3ccfaee0bb7149db07f12a9d793b4e238b0a54f7,3ccfaee0bb7149db07f12a9d793b4e238b0a54f7,add debug message.
YouXianMing,2016-01-10 12:42:01,https://api.github.com/repos/YouXianMing/Animations/git/commits/c40d824b2667582276857c315a4855241434688e,c40d824b2667582276857c315a4855241434688e,delete macro defined font.
YouXianMing,2016-01-09 23:46:09,https://api.github.com/repos/YouXianMing/Animations/git/commits/a83f69bdba6407acfb38b0b8a7de974260789e58,a83f69bdba6407acfb38b0b8a7de974260789e58,fix sth.
YouXianMing,2016-01-09 15:37:44,https://api.github.com/repos/YouXianMing/Animations/git/commits/11a2212474c9d7f944b729bca8e3e7ba56e0aa58,11a2212474c9d7f944b729bca8e3e7ba56e0aa58,Update README.md
YouXianMing,2016-01-09 15:34:14,https://api.github.com/repos/YouXianMing/Animations/git/commits/c257128cb10b64a5da4ae67a928159e1d86f1163,c257128cb10b64a5da4ae67a928159e1d86f1163,Update README.md
YouXianMing,2016-01-09 15:28:02,https://api.github.com/repos/YouXianMing/Animations/git/commits/8a294182f66edad5799d9d5794a737c545e729f8,8a294182f66edad5799d9d5794a737c545e729f8,Update README.md
YouXianMing,2016-01-09 15:26:27,https://api.github.com/repos/YouXianMing/Animations/git/commits/381da4ae97aae48357ba04c551801bcc527a8e31,381da4ae97aae48357ba04c551801bcc527a8e31,Update README.md
YouXianMing,2016-01-09 15:25:22,https://api.github.com/repos/YouXianMing/Animations/git/commits/a7b4ed2360704855dc179a5a135e2b5f718d3161,a7b4ed2360704855dc179a5a135e2b5f718d3161,add animation button.
YouXianMing,2016-01-09 14:11:43,https://api.github.com/repos/YouXianMing/Animations/git/commits/009548d8be389da886a0621cf2ad1eecbc9e3a77,009548d8be389da886a0621cf2ad1eecbc9e3a77,Add m34 animation.
YouXianMing,2016-01-09 13:19:19,https://api.github.com/repos/YouXianMing/Animations/git/commits/5a53069c3837cd36911102d6775c311fd34990cf,5a53069c3837cd36911102d6775c311fd34990cf,add sth not important.
YouXianMing,2016-01-09 03:23:24,https://api.github.com/repos/YouXianMing/Animations/git/commits/f691d1f22ee600b51a159e0c8f7832c1adf9d8c5,f691d1f22ee600b51a159e0c8f7832c1adf9d8c5,add one button style.
YouXianMing,2016-01-08 13:30:54,https://api.github.com/repos/YouXianMing/Animations/git/commits/fe32364ba0b21419887d1e3809e5ea4a5117e954,fe32364ba0b21419887d1e3809e5ea4a5117e954,fix sth.
YouXianMing,2016-01-08 01:40:10,https://api.github.com/repos/YouXianMing/Animations/git/commits/b9e877f4026b33542079bfc98732183e35a7dfae,b9e877f4026b33542079bfc98732183e35a7dfae,Add UIButton+Style
YouXianMing,2016-01-06 15:00:11,https://api.github.com/repos/YouXianMing/Animations/git/commits/b0f63d83f568cadbd9e3940c4d4fd5bfcb16e01d,b0f63d83f568cadbd9e3940c4d4fd5bfcb16e01d,Update README.md
YouXianMing,2016-01-06 12:41:21,https://api.github.com/repos/YouXianMing/Animations/git/commits/3b730c4714fbdc7eeef85be2a8564440f4cabcf1,3b730c4714fbdc7eeef85be2a8564440f4cabcf1,add flip effect.
YouXianMing,2016-01-06 07:02:30,https://api.github.com/repos/YouXianMing/Animations/git/commits/5105bc4119ca66ab2c8115cdcc0d453d52019222,5105bc4119ca66ab2c8115cdcc0d453d52019222,add networking.
YouXianMing,2016-01-06 01:13:14,https://api.github.com/repos/YouXianMing/Animations/git/commits/aa73d3cfb18c911d7009c0fa2926208ee5d3bcc5,aa73d3cfb18c911d7009c0fa2926208ee5d3bcc5,change sth not important.
YouXianMing,2016-01-05 14:03:03,https://api.github.com/repos/YouXianMing/Animations/git/commits/aad78bafdeb439159e490483e334cfd6d16f0af1,aad78bafdeb439159e490483e334cfd6d16f0af1,Update README.md
YouXianMing,2016-01-05 14:00:25,https://api.github.com/repos/YouXianMing/Animations/git/commits/33572fc1c3f4c66e1a335c9d44f2019f3df06c17,33572fc1c3f4c66e1a335c9d44f2019f3df06c17,add MixedColorProgressViewController.
YouXianMing,2016-01-05 13:39:00,https://api.github.com/repos/YouXianMing/Animations/git/commits/336f534c06bfea927fab1bf2d0561de41175a395,336f534c06bfea927fab1bf2d0561de41175a395,change sth not important.
YouXianMing,2016-01-05 13:34:56,https://api.github.com/repos/YouXianMing/Animations/git/commits/199abeae4ce250c9bb3ad7de5605354e9fb7b94f,199abeae4ce250c9bb3ad7de5605354e9fb7b94f,Add base custom cell.
YouXianMing,2016-01-05 10:01:27,https://api.github.com/repos/YouXianMing/Animations/git/commits/4cfe538dfc50c24693c7aac83f253f4800fc7a14,4cfe538dfc50c24693c7aac83f253f4800fc7a14,add sth.
YouXianMing,2016-01-05 07:01:03,https://api.github.com/repos/YouXianMing/Animations/git/commits/70eeaf5282ca17e0f0ccecee474627c65ce8e88d,70eeaf5282ca17e0f0ccecee474627c65ce8e88d,add md5.
YouXianMing,2016-01-05 05:49:33,https://api.github.com/repos/YouXianMing/Animations/git/commits/dab211d7362d08eb41354e52964b957d61394f5e,dab211d7362d08eb41354e52964b957d61394f5e,delete sth.
YouXianMing,2016-01-05 01:17:12,https://api.github.com/repos/YouXianMing/Animations/git/commits/5c11be7e8fb83c896292dd984bdc913e64f4441b,5c11be7e8fb83c896292dd984bdc913e64f4441b,replace icon.
YouXianMing,2016-01-03 10:42:35,https://api.github.com/repos/YouXianMing/Animations/git/commits/20e755f3454079397c950e7d6dd37b5b70f9c140,20e755f3454079397c950e7d6dd37b5b70f9c140,change sth not important.
YouXianMing,2016-01-03 10:23:15,https://api.github.com/repos/YouXianMing/Animations/git/commits/739490e1e0cf8afe754ad98cf61b0a7911afa056,739490e1e0cf8afe754ad98cf61b0a7911afa056,change something not important.
YouXianMing,2016-01-03 05:48:48,https://api.github.com/repos/YouXianMing/Animations/git/commits/53085163635a60b3d7228bc6a6887aaf5726e14b,53085163635a60b3d7228bc6a6887aaf5726e14b,Update README.md
YouXianMing,2016-01-03 05:06:10,https://api.github.com/repos/YouXianMing/Animations/git/commits/2e7999749898ec929a2f96b03282fdd6d977a4ea,2e7999749898ec929a2f96b03282fdd6d977a4ea,change sth.
YouXianMing,2016-01-03 05:03:25,https://api.github.com/repos/YouXianMing/Animations/git/commits/bd66b02fdda177c2c4e6bb927e0c8947e558f4e1,bd66b02fdda177c2c4e6bb927e0c8947e558f4e1,add sth
YouXianMing,2016-01-03 05:02:19,https://api.github.com/repos/YouXianMing/Animations/git/commits/5044a1013d14550cdae025eef2e8c7869e1f909b,5044a1013d14550cdae025eef2e8c7869e1f909b,Add waterfall layout.
YouXianMing,2016-01-02 03:07:14,https://api.github.com/repos/YouXianMing/Animations/git/commits/f073c9e9f473d65332eda100de86e4c151487af3,f073c9e9f473d65332eda100de86e4c151487af3,Update README.md
YouXianMing,2016-01-02 02:58:45,https://api.github.com/repos/YouXianMing/Animations/git/commits/8a8999eb614bad6a1ca74f5d3bd408ad10573173,8a8999eb614bad6a1ca74f5d3bd408ad10573173,Update README.md
YouXianMing,2016-01-02 02:54:28,https://api.github.com/repos/YouXianMing/Animations/git/commits/671f91cd9e148a263861ed71a4a48cc7d126310f,671f91cd9e148a263861ed71a4a48cc7d126310f,Add AlertView.
YouXianMing,2016-01-01 12:03:42,https://api.github.com/repos/YouXianMing/Animations/git/commits/1d5965c293fcb30c0086b57b185ecf862ec039f0,1d5965c293fcb30c0086b57b185ecf862ec039f0,Add SDWebImage support.
YouXianMing,2015-12-31 15:27:13,https://api.github.com/repos/YouXianMing/Animations/git/commits/eb43ee41ab6db048527b68d12b1b7b281e961420,eb43ee41ab6db048527b68d12b1b7b281e961420,add tools.
YouXianMing,2015-12-29 01:48:05,https://api.github.com/repos/YouXianMing/Animations/git/commits/e77225d1f74fb37f22ac1e632633fb1e93fcce20,e77225d1f74fb37f22ac1e632633fb1e93fcce20,fix some bug.
YouXianMing,2015-12-27 11:29:37,https://api.github.com/repos/YouXianMing/Animations/git/commits/629fa3006c67e58d9f2a926f7a8b1513a310d83f,629fa3006c67e58d9f2a926f7a8b1513a310d83f,Update README.md
YouXianMing,2015-12-27 11:17:01,https://api.github.com/repos/YouXianMing/Animations/git/commits/3c777574898f56b402eb8c7876994b94732e2936,3c777574898f56b402eb8c7876994b94732e2936,add LiveImageView.
YouXianMing,2015-12-22 02:13:59,https://api.github.com/repos/YouXianMing/Animations/git/commits/80be1748d00b216bb39e554c77f9d2618cee3e57,80be1748d00b216bb39e554c77f9d2618cee3e57,Delete icons.
YouXianMing,2015-12-22 01:24:39,https://api.github.com/repos/YouXianMing/Animations/git/commits/91394cce1a6c14855d530edc6a3683e84d9d99c7,91394cce1a6c14855d530edc6a3683e84d9d99c7,Update README.md
YouXianMing,2015-12-22 01:13:50,https://api.github.com/repos/YouXianMing/Animations/git/commits/22be02b3df87bbe37eca50c193e615cadaa4182d,22be02b3df87bbe37eca50c193e615cadaa4182d,Add DScratchImageView.
YouXianMing,2015-12-22 00:47:04,https://api.github.com/repos/YouXianMing/Animations/git/commits/a19c583d2aab362394dc630d9a7e96335fb9248a,a19c583d2aab362394dc630d9a7e96335fb9248a,Update README.md
YouXianMing,2015-12-22 00:46:51,https://api.github.com/repos/YouXianMing/Animations/git/commits/40a6695cdb4fc146426c37fe1a80b1912a94df60,40a6695cdb4fc146426c37fe1a80b1912a94df60,Update README.md
YouXianMing,2015-12-21 01:33:09,https://api.github.com/repos/YouXianMing/Animations/git/commits/484865a5bd735053f7b890f15b3d28755736ec6b,484865a5bd735053f7b890f15b3d28755736ec6b,Update README.md
YouXianMing,2015-12-21 01:24:28,https://api.github.com/repos/YouXianMing/Animations/git/commits/0881ea70f97fdf3fdfa24b2deb2c305213ccfb9e,0881ea70f97fdf3fdfa24b2deb2c305213ccfb9e,add snow animation.
YouXianMing,2015-12-18 23:54:17,https://api.github.com/repos/YouXianMing/Animations/git/commits/d251a1f49a6e7ba916682af7342d4ebb2394550e,d251a1f49a6e7ba916682af7342d4ebb2394550e,Update README.md
YouXianMing,2015-12-18 01:58:55,https://api.github.com/repos/YouXianMing/Animations/git/commits/7038d71c738d884549c6017d6775f883c7a535d7,7038d71c738d884549c6017d6775f883c7a535d7,add Facebook shimmering effect.
YouXianMing,2015-12-17 01:37:47,https://api.github.com/repos/YouXianMing/Animations/git/commits/aecbf31f7e8bcc6e1b144ff181c4e4430d777f90,aecbf31f7e8bcc6e1b144ff181c4e4430d777f90,Update README.md
YouXianMing,2015-12-17 01:27:39,https://api.github.com/repos/YouXianMing/Animations/git/commits/d93662f64685928713c3fbcade4eda8343024c6a,d93662f64685928713c3fbcade4eda8343024c6a,change DevelopmentTeam.
YouXianMing,2015-12-17 01:26:16,https://api.github.com/repos/YouXianMing/Animations/git/commits/1512a1d677ed0605b7b89b59e0aa7ea658fdf16f,1512a1d677ed0605b7b89b59e0aa7ea658fdf16f,add scale label animation.
YouXianMing,2015-12-16 08:46:02,https://api.github.com/repos/YouXianMing/Animations/git/commits/6ffcd06ecc6ac46e6814b22c05136b81d6b17a33,6ffcd06ecc6ac46e6814b22c05136b81d6b17a33,fix.
YouXianMing,2015-12-16 01:39:24,https://api.github.com/repos/YouXianMing/Animations/git/commits/5c192b1986a7415b0238451228b61f79a888774b,5c192b1986a7415b0238451228b61f79a888774b,add sth.
YouXianMing,2015-12-08 14:47:28,https://api.github.com/repos/YouXianMing/Animations/git/commits/93265dcea3e66c65d9e13b0708fc352d27105868,93265dcea3e66c65d9e13b0708fc352d27105868,Update README.md
YouXianMing,2015-12-05 10:19:21,https://api.github.com/repos/YouXianMing/Animations/git/commits/90ca7dc1bd6f0b1542814bb4b6c6ee28179d05ad,90ca7dc1bd6f0b1542814bb4b6c6ee28179d05ad,add DrawWaveViewController.
YouXianMing,2015-12-04 01:52:25,https://api.github.com/repos/YouXianMing/Animations/git/commits/d2b2d30998f6e6f824ae725029d38a6a3b61e994,d2b2d30998f6e6f824ae725029d38a6a3b61e994,Update README.md
YouXianMing,2015-12-04 01:51:03,https://api.github.com/repos/YouXianMing/Animations/git/commits/a4948fad9f0b93bddc9069120f8e78b216962747,a4948fad9f0b93bddc9069120f8e78b216962747,add TableViewCellSlideAnimationController.
YouXianMing,2015-12-03 14:15:41,https://api.github.com/repos/YouXianMing/Animations/git/commits/db3c420bda08bcbc634e820a9c1a8b3b45998cf1,db3c420bda08bcbc634e820a9c1a8b3b45998cf1,fix sth.
YouXianMing,2015-12-03 06:07:34,https://api.github.com/repos/YouXianMing/Animations/git/commits/73b267dbbb484fc43e23bbee9b2a65fc676bf54e,73b267dbbb484fc43e23bbee9b2a65fc676bf54e,Update README.md
YouXianMing,2015-12-03 06:03:26,https://api.github.com/repos/YouXianMing/Animations/git/commits/009de95373ff6535a024b2dd91f9fc46c1049497,009de95373ff6535a024b2dd91f9fc46c1049497,fix sth.
YouXianMing,2015-12-03 05:50:47,https://api.github.com/repos/YouXianMing/Animations/git/commits/8e1ce3b4f667b08b8977abc3039e46363423ec82,8e1ce3b4f667b08b8977abc3039e46363423ec82,add ClockViewController.
YouXianMing,2015-12-02 07:27:43,https://api.github.com/repos/YouXianMing/Animations/git/commits/435d71e2661f34b9c9b0250d480feb88c1282835,435d71e2661f34b9c9b0250d480feb88c1282835,Update README.md
YouXianMing,2015-12-02 07:24:59,https://api.github.com/repos/YouXianMing/Animations/git/commits/776652b8f0316f398093159e8b46408d6589087c,776652b8f0316f398093159e8b46408d6589087c,add CountDownTimerController.
YouXianMing,2015-12-01 07:03:15,https://api.github.com/repos/YouXianMing/Animations/git/commits/099a3fdfc2c712f34f46d008896be7e760bb8c2a,099a3fdfc2c712f34f46d008896be7e760bb8c2a,Update README.md
YouXianMing,2015-11-29 03:50:25,https://api.github.com/repos/YouXianMing/Animations/git/commits/2ed82b1d705ffbb402ac7c8540bb0eae8fdfc585,2ed82b1d705ffbb402ac7c8540bb0eae8fdfc585,Update README.md
YouXianMing,2015-11-29 03:48:22,https://api.github.com/repos/YouXianMing/Animations/git/commits/bbfb9d43aea6cf87a64f5fcda704ecad94dafc3e,bbfb9d43aea6cf87a64f5fcda704ecad94dafc3e,Add POPSpringParameterController.
YouXianMing,2015-11-27 03:11:24,https://api.github.com/repos/YouXianMing/Animations/git/commits/ced1688a78c401531b07c3108cf211ab9fe3d8c3,ced1688a78c401531b07c3108cf211ab9fe3d8c3,Update README.md
YouXianMing,2015-11-27 03:05:15,https://api.github.com/repos/YouXianMing/Animations/git/commits/5b73f643e33a1f6443598720bc775261c0a4ba70,5b73f643e33a1f6443598720bc775261c0a4ba70,Add UITableView tapAnimation.
YouXianMing,2015-11-26 08:40:47,https://api.github.com/repos/YouXianMing/Animations/git/commits/8caa1974a1db99e8633e65e2dce7a1198c75f1cc,8caa1974a1db99e8633e65e2dce7a1198c75f1cc,Update README.md
YouXianMing,2015-11-26 08:32:56,https://api.github.com/repos/YouXianMing/Animations/git/commits/d90cdea5891e73b9ef53d7b00dc1379eb3217679,d90cdea5891e73b9ef53d7b00dc1379eb3217679,Update README.md
YouXianMing,2015-11-25 12:55:49,https://api.github.com/repos/YouXianMing/Animations/git/commits/37881d363e81141d3bfe0dc0f05753492621eb43,37881d363e81141d3bfe0dc0f05753492621eb43,Update README.md
YouXianMing,2015-11-25 07:23:47,https://api.github.com/repos/YouXianMing/Animations/git/commits/d3a23729f9090e9b1d0bfa7e6e9ae31c9c82d16d,d3a23729f9090e9b1d0bfa7e6e9ae31c9c82d16d,add scroll blur image.
YouXianMing,2015-11-24 10:00:03,https://api.github.com/repos/YouXianMing/Animations/git/commits/8521a6397ea076b713d40a943224bbba227def10,8521a6397ea076b713d40a943224bbba227def10,add icon.
YouXianMing,2015-11-24 09:32:39,https://api.github.com/repos/YouXianMing/Animations/git/commits/20f44ed0d64312bc101d18486bb803d5045771b2,20f44ed0d64312bc101d18486bb803d5045771b2,add UIVisualEffectView.
YouXianMing,2015-11-24 08:31:35,https://api.github.com/repos/YouXianMing/Animations/git/commits/6c7955f7c6d1e9ee865487cb4de9870711a43d47,6c7955f7c6d1e9ee865487cb4de9870711a43d47,add ScrollImageView.
YouXianMing,2015-11-24 03:06:45,https://api.github.com/repos/YouXianMing/Animations/git/commits/f91c0915bc92e2c95be70bc799e2a0d3c0c18c67,f91c0915bc92e2c95be70bc799e2a0d3c0c18c67,Update README.md
YouXianMing,2015-11-24 02:01:13,https://api.github.com/repos/YouXianMing/Animations/git/commits/f18fbd80f8a8c051f5eebf827ae9dc0faae1d8e4,f18fbd80f8a8c051f5eebf827ae9dc0faae1d8e4,something not important.
YouXianMing,2015-11-24 01:42:30,https://api.github.com/repos/YouXianMing/Animations/git/commits/b2aebc7a24b440828fd66f3521899b5dadb3d976,b2aebc7a24b440828fd66f3521899b5dadb3d976,Add Easing circle view animation.
YouXianMing,2015-11-18 03:27:19,https://api.github.com/repos/YouXianMing/Animations/git/commits/c0b79cc49355ea2e82e5ad04544deb5100b9596e,c0b79cc49355ea2e82e5ad04544deb5100b9596e,Update README.md
YouXianMing,2015-11-18 03:16:43,https://api.github.com/repos/YouXianMing/Animations/git/commits/85c9e9cddc73c95ab9955065ed85aa1900985528,85c9e9cddc73c95ab9955065ed85aa1900985528,1.11 add POP number animation.
YouXianMing,2015-11-17 10:00:26,https://api.github.com/repos/YouXianMing/Animations/git/commits/8bf85970242b99f53ad46e896f938739905f03b8,8bf85970242b99f53ad46e896f938739905f03b8,Update README.md
YouXianMing,2015-11-17 09:59:32,https://api.github.com/repos/YouXianMing/Animations/git/commits/ca6854067ef6131b0a6d5e5a160db257ac90381f,ca6854067ef6131b0a6d5e5a160db257ac90381f,Update README.md
YouXianMing,2015-11-17 09:45:26,https://api.github.com/repos/YouXianMing/Animations/git/commits/4bd95961973b587ad1ce311b492bcd75391b251c,4bd95961973b587ad1ce311b492bcd75391b251c,1.10 add transform fade view.
YouXianMing,2015-11-17 08:53:42,https://api.github.com/repos/YouXianMing/Animations/git/commits/031cc697c588272a5b365a18f4c2b514dab58652,031cc697c588272a5b365a18f4c2b514dab58652,Update README.md
YouXianMing,2015-11-17 08:53:12,https://api.github.com/repos/YouXianMing/Animations/git/commits/e70be4ecb3a15cd7e2b5e3617a46b4e47bc8adee,e70be4ecb3a15cd7e2b5e3617a46b4e47bc8adee,Update README.md
YouXianMing,2015-11-17 08:52:59,https://api.github.com/repos/YouXianMing/Animations/git/commits/21b82657c5f0902983aa13535b0ac3e79becdcc9,21b82657c5f0902983aa13535b0ac3e79becdcc9,Update README.md
YouXianMing,2015-11-17 08:49:21,https://api.github.com/repos/YouXianMing/Animations/git/commits/686d6c621380446c67ca04b7b29e0bb0e8a338a1,686d6c621380446c67ca04b7b29e0bb0e8a338a1,1.05
YouXianMing,2015-11-17 08:46:54,https://api.github.com/repos/YouXianMing/Animations/git/commits/38f14183c9f18fc9fec155573d51f52e5fd94ef5,38f14183c9f18fc9fec155573d51f52e5fd94ef5,1.04 add view glow.
YouXianMing,2015-11-17 07:47:52,https://api.github.com/repos/YouXianMing/Animations/git/commits/9696ee7c237617d014be521a595d48f698f5ee26,9696ee7c237617d014be521a595d48f698f5ee26,Update README.md
YouXianMing,2015-11-17 07:26:15,https://api.github.com/repos/YouXianMing/Animations/git/commits/185f3d47bba5f01f53cba20fecf6c170d52a5500,185f3d47bba5f01f53cba20fecf6c170d52a5500,1.03 add CAShapeLayer path animation.
YouXianMing,2015-11-17 03:44:36,https://api.github.com/repos/YouXianMing/Animations/git/commits/a355599f69c807117f69afe914ab57eed0504318,a355599f69c807117f69afe914ab57eed0504318,1.02 add pop stroke animation.
YouXianMing,2015-11-17 01:49:41,https://api.github.com/repos/YouXianMing/Animations/git/commits/0889e0e1461b6399b1ce683cea60feb5485a9f50,0889e0e1461b6399b1ce683cea60feb5485a9f50,1.01 add notes.
YouXianMing,2015-11-16 12:57:31,https://api.github.com/repos/YouXianMing/Animations/git/commits/3ab5647635d7abbced5e43b5fe33fe8b252d03c4,3ab5647635d7abbced5e43b5fe33fe8b252d03c4,Update README.md
YouXianMing,2015-11-16 12:56:41,https://api.github.com/repos/YouXianMing/Animations/git/commits/240ffba5964cb61cfa450748405407877630f403,240ffba5964cb61cfa450748405407877630f403,Create README.md
YouXianMing,2015-11-16 12:44:00,https://api.github.com/repos/YouXianMing/Animations/git/commits/bf8a1c51ec6727975a1b591224bbc153e483cd3e,bf8a1c51ec6727975a1b591224bbc153e483cd3e,1.01
YouXianMing,2015-11-16 12:25:15,https://api.github.com/repos/YouXianMing/Animations/git/commits/c3338ca3d8f26b100141b51c86ce7fc9f7d3b5a3,c3338ca3d8f26b100141b51c86ce7fc9f7d3b5a3,1.0
