zingtouch,A JavaScript touch gesture detection library for the modern web
username,timestamp,url,sha,message
mike-schultz,2019-04-18 15:05:44,https://api.github.com/repos/zingchart/zingtouch/git/commits/5f9bbece8515329fc8288a81c3bbc43f8c26a357,5f9bbece8515329fc8288a81c3bbc43f8c26a357,"Merge pull request #36 from wagoid/master

Add Server Side Rendering Support"
wagoid,2019-04-10 01:26:16,https://api.github.com/repos/zingchart/zingtouch/git/commits/6d7a32afedba432fb64c0056d545d4fb69f69c42,6d7a32afedba432fb64c0056d545d4fb69f69c42,Merge branch 'master' of https://github.com/zingchart/zingtouch
mike-schultz,2018-09-04 18:03:54,https://api.github.com/repos/zingchart/zingtouch/git/commits/7dadb182f75aae85400bf503c54aafa33cc22fe2,7dadb182f75aae85400bf503c54aafa33cc22fe2,"Merge pull request #55 from mvanderkamp/mergeback

Switch angular measurement from degrees to radians"
mvanderkamp,2018-08-30 19:58:29,https://api.github.com/repos/zingchart/zingtouch/git/commits/8bb239e8a5aecfd7cbd7a78906962c585e71b098,8bb239e8a5aecfd7cbd7a78906962c585e71b098,"Remove CIRCLE_DEGREES constants

These constants are unused as of the switch to radians for angular
measurements."
mvanderkamp,2018-08-30 19:54:32,https://api.github.com/repos/zingchart/zingtouch/git/commits/f87e6051bb914f26447476884c9027f19d4712b8,f87e6051bb914f26447476884c9027f19d4712b8,Switch angular measurement from degrees to radians
mike-schultz,2018-08-30 16:40:30,https://api.github.com/repos/zingchart/zingtouch/git/commits/371d3cadd4c9a818e3600668439b326ff5b31fa0,371d3cadd4c9a818e3600668439b326ff5b31fa0,"Merge pull request #54 from mvanderkamp/mergeback

Speed up distanceBetweenTwoPoints, and standardize getGestureProgess usage"
mvanderkamp,2018-08-30 15:33:55,https://api.github.com/repos/zingchart/zingtouch/git/commits/5a174f6a7083f088e2c3193be24910e756de23f8,5a174f6a7083f088e2c3193be24910e756de23f8,"Standardize use of getGestureProgress()

Most gestures were passing this.getId() into getGestureProgress, but a
couple of the gestures were passing in this.type. As far as I can tell
the whole 'progress' mechanism depends on consistency across all
Gestures to prevent collisions, so I switched them all to this.getId()."
mvanderkamp,2018-08-30 15:33:03,https://api.github.com/repos/zingchart/zingtouch/git/commits/ba4b6d81f91a2598e24306b4a441d0d58a9284e8,ba4b6d81f91a2598e24306b4a441d0d58a9284e8,Use Math.hypot() to get distance between 2 points
mvanderkamp,2018-08-30 15:24:46,https://api.github.com/repos/zingchart/zingtouch/git/commits/5896072ee7583d839e072081716421a33f6bdcd4,5896072ee7583d839e072081716421a33f6bdcd4,"Merge pull request #1 from zingchart/master

Merge zingtouch master into mergeback branch"
mike-schultz,2018-08-28 15:39:22,https://api.github.com/repos/zingchart/zingtouch/git/commits/f607d4049b987c70c04b34d0792eca40992acee5,f607d4049b987c70c04b34d0792eca40992acee5,Removes unnecessary chrome instances
mike-schultz,2018-08-28 15:21:49,https://api.github.com/repos/zingchart/zingtouch/git/commits/e78921240b3c63736668e4397939d32d72b93d43,e78921240b3c63736668e4397939d32d72b93d43,Fixes array typo
mike-schultz,2018-08-28 15:15:54,https://api.github.com/repos/zingchart/zingtouch/git/commits/b714776ee589396eb2fcf8ebe69d1cd24e0689dd,b714776ee589396eb2fcf8ebe69d1cd24e0689dd,Adds ChromeHeadlessNoSandbox to karma browsers
mike-schultz,2018-08-28 15:08:37,https://api.github.com/repos/zingchart/zingtouch/git/commits/2f54b65cfe68ee72b926bd4bd1867439667ad31c,2f54b65cfe68ee72b926bd4bd1867439667ad31c,Adds sandbox flags for ci
mike-schultz,2018-08-28 00:03:32,https://api.github.com/repos/zingchart/zingtouch/git/commits/8b5cd5c0553cc7dcac80e74190843406ff1a006c,8b5cd5c0553cc7dcac80e74190843406ff1a006c,Updates webpack and test dependencies
mike-schultz,2018-08-27 23:17:48,https://api.github.com/repos/zingchart/zingtouch/git/commits/8ed210798e5b57aba4dbe1b32fa38c46bc8f3b52,8ed210798e5b57aba4dbe1b32fa38c46bc8f3b52,Replace phantomjs for puppeteer/headlesschrome
mike-schultz,2018-08-27 22:26:55,https://api.github.com/repos/zingchart/zingtouch/git/commits/f89046fb6b7e3530bae87503b7ddd4524dffead0,f89046fb6b7e3530bae87503b7ddd4524dffead0,"Prefer gesture 'Distance' instead of 'Pinch', updates docs to reflect new gesture"
mike-schultz,2018-08-27 22:13:10,https://api.github.com/repos/zingchart/zingtouch/git/commits/668044624181067b4d807a419b46031fd498d831,668044624181067b4d807a419b46031fd498d831,"Merge pull request #48 from mvanderkamp/master

Updates, bug fixes, and cleanup"
mvanderkamp,2018-08-20 22:58:36,https://api.github.com/repos/zingchart/zingtouch/git/commits/5afa3db36183e3f032edd39436a366b52a982ba8,5afa3db36183e3f032edd39436a366b52a982ba8,Committing updated distributables.
mvanderkamp,2018-08-20 22:58:16,https://api.github.com/repos/zingchart/zingtouch/git/commits/bb840af859fc7256c23b2733590483f25faf9ead,bb840af859fc7256c23b2733590483f25faf9ead,Initial commit of package-lock.json.
mvanderkamp,2018-08-20 22:28:54,https://api.github.com/repos/zingchart/zingtouch/git/commits/0c33b5eb4d809b25c5864900cb59064e475c3a87,0c33b5eb4d809b25c5864900cb59064e475c3a87,"Fix Rotate jittery-ness!

This happened as a result of cleaning up the arbiter a bit and
noticing that it wasn't using the proper getter for gesture IDs."
mvanderkamp,2018-08-20 22:08:15,https://api.github.com/repos/zingchart/zingtouch/git/commits/3b2af57e112d63cc1ba2dd53b189dc5e63acf90a,3b2af57e112d63cc1ba2dd53b189dc5e63acf90a,Trying to fix up the jittery-ness of Rotates.
mvanderkamp,2018-08-20 20:25:19,https://api.github.com/repos/zingchart/zingtouch/git/commits/d791a6beeb13c86a7011a73f062265cb0482a6d2,d791a6beeb13c86a7011a73f062265cb0482a6d2,Use 'const' instead of 'let'.
mvanderkamp,2018-08-20 20:24:35,https://api.github.com/repos/zingchart/zingtouch/git/commits/5713b6032a645ca197313a9238fe87d42a4e14dc,5713b6032a645ca197313a9238fe87d42a4e14dc,In Pinch move(): extract 'return' to bottom of fn.
mvanderkamp,2018-08-20 20:08:42,https://api.github.com/repos/zingchart/zingtouch/git/commits/1854ac43b03c48826bd3ac90b451a5c46cb26111,1854ac43b03c48826bd3ac90b451a5c46cb26111,Use 'const' instead of 'let' where possible.
mvanderkamp,2018-08-20 20:05:12,https://api.github.com/repos/zingchart/zingtouch/git/commits/da0bab9d56e9f98972da0f8e9abdac146fcf3e7e,da0bab9d56e9f98972da0f8e9abdac146fcf3e7e,Refactor Pan move(): switch to forEach i/o counted loop
mvanderkamp,2018-08-20 20:00:03,https://api.github.com/repos/zingchart/zingtouch/git/commits/a204b108802948b75632b5718dfca316ad8fb24f,a204b108802948b75632b5718dfca316ad8fb24f,Refactor Pan move: hoist 'output' to proper scope
mvanderkamp,2018-08-20 18:44:49,https://api.github.com/repos/zingchart/zingtouch/git/commits/ff3f0b4ac220fb011d829794dfc33c0ec2b38f25,ff3f0b4ac220fb011d829794dfc33c0ec2b38f25,Add 'change' to Pan output.
mvanderkamp,2018-08-20 18:43:43,https://api.github.com/repos/zingchart/zingtouch/git/commits/c0b20aea6d0dc324670bb804b75b59fcdc03ca2a,c0b20aea6d0dc324670bb804b75b59fcdc03ca2a,Extract inner packData method in Pan's move()
mvanderkamp,2018-08-20 18:14:08,https://api.github.com/repos/zingchart/zingtouch/git/commits/15982b38ead8c164d0f47e23d54a6d06a40954c1,15982b38ead8c164d0f47e23d54a6d06a40954c1,More fixing of use of Array prototype methods.
mvanderkamp,2018-08-20 17:05:41,https://api.github.com/repos/zingchart/zingtouch/git/commits/9cc2d9a03faadc91c76fcf5b708d8cc411618c66,9cc2d9a03faadc91c76fcf5b708d8cc411618c66,Fix use of Array prototype methods.
mvanderkamp,2018-08-20 16:47:35,https://api.github.com/repos/zingchart/zingtouch/git/commits/945be23b8f8e8f837cf9f74cb350a51b76749d2f,945be23b8f8e8f837cf9f74cb350a51b76749d2f,Use 'Array#find' instead of counted loop.
mvanderkamp,2018-08-20 16:38:50,https://api.github.com/repos/zingchart/zingtouch/git/commits/65832cbcbc457e6af0012465a89c5aa57fdccaea,65832cbcbc457e6af0012465a89c5aa57fdccaea,Fix tests to account for normalizeEvent change.
mvanderkamp,2018-08-20 16:20:12,https://api.github.com/repos/zingchart/zingtouch/git/commits/5f2b6b564eccd92de21b99ba27d5e614e1294b4e,5f2b6b564eccd92de21b99ba27d5e614e1294b4e,Make normalizeEvent an object (more efficient).
mvanderkamp,2018-08-20 16:19:18,https://api.github.com/repos/zingchart/zingtouch/git/commits/e5bb3c502fdbf89dbe4b594211d24b88c90774a1,e5bb3c502fdbf89dbe4b594211d24b88c90774a1,"Remove unused calculation, use 'const' i/o 'let'"
mvanderkamp,2018-08-20 15:55:19,https://api.github.com/repos/zingchart/zingtouch/git/commits/bd85380d7bd0f4c584cb443d6861f02b5f457d48,bd85380d7bd0f4c584cb443d6861f02b5f457d48,"Use common 'Pinch' gesture instead of Distance.

Pinch reports a 'change' piece of data that allows the user to
distinguish between what were previously termed Pinch and Expand."
mvanderkamp,2018-08-20 15:33:17,https://api.github.com/repos/zingchart/zingtouch/git/commits/c588e111dbc35f359d9c9f3b1e08eb59dd1f2e62,c588e111dbc35f359d9c9f3b1e08eb59dd1f2e62,Add repository field to package.json
wagoid,2018-03-28 14:17:17,https://api.github.com/repos/zingchart/zingtouch/git/commits/9249e48678c395f2344e9a0a7b09f2e0a385cf79,9249e48678c395f2344e9a0a7b09f2e0a385cf79,Update index.js to use default export when importing from zingtouch.min.js
mike-schultz,2018-03-26 21:01:27,https://api.github.com/repos/zingchart/zingtouch/git/commits/b6fbc6bcfa6e84c8c1ce092a59399ac7301a2ff8,b6fbc6bcfa6e84c8c1ce092a59399ac7301a2ff8,Fixes custom expand recognizer #37
mike-schultz,2018-03-23 23:19:03,https://api.github.com/repos/zingchart/zingtouch/git/commits/a5ce838d9c760c976d4edce995468238f7011b8e,a5ce838d9c760c976d4edce995468238f7011b8e,"Merge pull request #38 from AquiGorka/master

Swipe: added duration and distance to the returned info on swipe"
AquiGorka,2018-03-23 16:57:15,https://api.github.com/repos/zingchart/zingtouch/git/commits/8d38b9e9484e2acc51c1329a4ba66fedd0caf920,8d38b9e9484e2acc51c1329a4ba66fedd0caf920,Swipe: added duration and distance to the returned info on swipe
wagoid,2018-03-09 21:07:32,https://api.github.com/repos/zingchart/zingtouch/git/commits/aa009f67fd343de90efe825f0f0affebf335f8b6,aa009f67fd343de90efe825f0f0affebf335f8b6,"Add Server Side Rendering Support
Added UMD support to webpack config file but kept defining ZingTouch to window if it's available, to make the change backwards compatible"
mike-schultz,2017-05-12 16:03:31,https://api.github.com/repos/zingchart/zingtouch/git/commits/8a667126f29dbd5e7099ff86786e4f83454bef6b,8a667126f29dbd5e7099ff86786e4f83454bef6b,Adds Pan event with mutations pitfall to README
mike-schultz,2017-03-15 04:15:17,https://api.github.com/repos/zingchart/zingtouch/git/commits/f66f655b815a289510d6dc9682b99c1b75f49825,f66f655b815a289510d6dc9682b99c1b75f49825,"Fixes #22, missing fn param"
mike-schultz,2017-03-13 15:18:22,https://api.github.com/repos/zingchart/zingtouch/git/commits/5f82ca240f65b6bee423ba50865201766b2c1c3c,5f82ca240f65b6bee423ba50865201766b2c1c3c,Allows webpack config to pull the version number from package.json
mike-schultz,2017-03-12 23:22:11,https://api.github.com/repos/zingchart/zingtouch/git/commits/c2679586c7c21b87cfe79548289725f45effaf4d,c2679586c7c21b87cfe79548289725f45effaf4d,Changes logic to track if gestures originated from the correct bound element
mike-schultz,2017-03-03 16:48:54,https://api.github.com/repos/zingchart/zingtouch/git/commits/7bffb34b449f5a3e7ade044957d896761ec6fa1f,7bffb34b449f5a3e7ade044957d896761ec6fa1f,Update version on package.json
mike-schultz,2017-01-16 06:40:25,https://api.github.com/repos/zingchart/zingtouch/git/commits/6ada7839f513f8d13b82750f031e45f2af08111f,6ada7839f513f8d13b82750f031e45f2af08111f,Disallows chrome 55+ from using pointer events to avoid buggy feedback #15
mike-schultz,2017-01-16 06:30:04,https://api.github.com/repos/zingchart/zingtouch/git/commits/988f787bff806c676ca294154fdd619842ff0093,988f787bff806c676ca294154fdd619842ff0093,Adds center information to expand and pinch (#17)
tpowell,2017-01-06 22:42:08,https://api.github.com/repos/zingchart/zingtouch/git/commits/3780f3e1894f514b10e8cb768a5026e8ce71c3a3,3780f3e1894f514b10e8cb768a5026e8ce71c3a3,"Copyright updates

Yes a year has passed!"
tpowell,2017-01-06 22:41:01,https://api.github.com/repos/zingchart/zingtouch/git/commits/1a6ceaebd43a701e34a2db86c07a43c453845985,1a6ceaebd43a701e34a2db86c07a43c453845985,"Slight readme updates

Minor edits and copyright update!  Look contributions!"
mike-schultz,2017-01-06 22:25:35,https://api.github.com/repos/zingchart/zingtouch/git/commits/3ac140d680722108f4ec6bc61ad04a191866b0a8,3ac140d680722108f4ec6bc61ad04a191866b0a8,Changes code style to es-config-google
mike-schultz,2017-01-06 21:38:31,https://api.github.com/repos/zingchart/zingtouch/git/commits/a6b497c63b745d6325c7f8e2022b305386348938,a6b497c63b745d6325c7f8e2022b305386348938,Adds node 6.3.0 to travis-ci
mike-schultz,2017-01-06 21:24:22,https://api.github.com/repos/zingchart/zingtouch/git/commits/c1d5bfccd12c408f1b76632dc6ade3fdd6646954,c1d5bfccd12c408f1b76632dc6ade3fdd6646954,Fixes main ZingTouch test case
mike-schultz,2017-01-06 16:53:28,https://api.github.com/repos/zingchart/zingtouch/git/commits/a7d2dd8c6b606677fd0d1f6ede1a3ed5c0bd91a2,a7d2dd8c6b606677fd0d1f6ede1a3ed5c0bd91a2,Adds webpack-dev-server and webpack-dashboard
mike-schultz,2016-12-22 22:52:30,https://api.github.com/repos/zingchart/zingtouch/git/commits/a233d2d5fd0a4700c99f600bc8f97d4aefb4385c,a233d2d5fd0a4700c99f600bc8f97d4aefb4385c,Converts JSCS to eslint google code style
mike-schultz,2016-10-28 21:01:11,https://api.github.com/repos/zingchart/zingtouch/git/commits/dd83e13e39c432589c86ed59a11df191616318e1,dd83e13e39c432589c86ed59a11df191616318e1,v1.0.3 build
mike-schultz,2016-10-28 20:59:08,https://api.github.com/repos/zingchart/zingtouch/git/commits/2264b5efd562a7b880c54042719a05a396e7a2a4,2264b5efd562a7b880c54042719a05a396e7a2a4,v1.0.3
mike-schultz,2016-10-28 20:57:39,https://api.github.com/repos/zingchart/zingtouch/git/commits/b22230b89e3a636eee631e6b545e13cbcf29e678,b22230b89e3a636eee631e6b545e13cbcf29e678,Fixes issue where custom events were being reassigned an internal id during bind #11
mike-schultz,2016-08-23 15:48:23,https://api.github.com/repos/zingchart/zingtouch/git/commits/cd4ac24b54c494c097a20efa7e32a9c39a234936,cd4ac24b54c494c097a20efa7e32a9c39a234936,Modifies build script to prepend file header
mike-schultz,2016-07-27 05:52:32,https://api.github.com/repos/zingchart/zingtouch/git/commits/39eec919b81d0831a756647d55f3f13f72dd4cb4,39eec919b81d0831a756647d55f3f13f72dd4cb4,Allowed one-finger rotate to be used on touch devices
mike-schultz,2016-07-27 05:37:29,https://api.github.com/repos/zingchart/zingtouch/git/commits/ac6846ff6d43c197b67ca234f4fa7e42a167bb54,ac6846ff6d43c197b67ca234f4fa7e42a167bb54,Added mouse (single input) functionality to the rotate gesture #6
mike-schultz,2016-07-27 04:40:59,https://api.github.com/repos/zingchart/zingtouch/git/commits/d91e45a5c29f63371409a105c83e21254c05b269,d91e45a5c29f63371409a105c83e21254c05b269,Added dev deps and unminified compiled code #7
mike-schultz,2016-07-15 16:44:47,https://api.github.com/repos/zingchart/zingtouch/git/commits/5b6a3afa17781ed19acad414b2f46d0cfae40261,5b6a3afa17781ed19acad414b2f46d0cfae40261,Configured karma to run once and exit. Was hanging on travis-ci.
mike-schultz,2016-07-15 16:27:33,https://api.github.com/repos/zingchart/zingtouch/git/commits/8240677fd20b86d4a3314bf9edc8eb90908d8a6e,8240677fd20b86d4a3314bf9edc8eb90908d8a6e,Added travis-ci badge to readme
mike-schultz,2016-07-15 16:26:00,https://api.github.com/repos/zingchart/zingtouch/git/commits/e1fd1f050155ef57ac6a8b2b6eff0b8eb4fdba58,e1fd1f050155ef57ac6a8b2b6eff0b8eb4fdba58,Added travis-ci config
mike-schultz,2016-07-15 03:11:27,https://api.github.com/repos/zingchart/zingtouch/git/commits/53a1ce53bdb5ebde9cc497b0ff0a57f7c55eda72,53a1ce53bdb5ebde9cc497b0ff0a57f7c55eda72,Added cdn/cdnjs link
mike-schultz,2016-07-11 05:18:58,https://api.github.com/repos/zingchart/zingtouch/git/commits/856145f79653d31823f62deb7f3b622d23481ec9,856145f79653d31823f62deb7f3b622d23481ec9,"Merge pull request #4 from nighca/master

Update es6-style include"
nighca,2016-07-11 02:23:27,https://api.github.com/repos/zingchart/zingtouch/git/commits/046d46fb32a24675751ee2b0791b8759e8113dda,046d46fb32a24675751ee2b0791b8759e8113dda,Update es6-style include
mike-schultz,2016-07-11 00:14:10,https://api.github.com/repos/zingchart/zingtouch/git/commits/3c65a0fb3bbbe878e5f788e92930b023c77bd9c1,3c65a0fb3bbbe878e5f788e92930b023c77bd9c1,"Merge pull request #2 from HugoGiraudel/patch-1

Added syntax highlighting to readme"
mike-schultz,2016-07-11 00:11:24,https://api.github.com/repos/zingchart/zingtouch/git/commits/d829846bb1f5513eb2cd68145d87ec2c7c83da9b,d829846bb1f5513eb2cd68145d87ec2c7c83da9b,Added link of demos to the codepen collection
HugoGiraudel,2016-07-10 16:59:49,https://api.github.com/repos/zingchart/zingtouch/git/commits/899b69fa1ab5d1bd159f3cd8157ab3539c47f23b,899b69fa1ab5d1bd159f3cd8157ab3539c47f23b,Added syntax highlighting to readme
mike-schultz,2016-07-09 20:10:14,https://api.github.com/repos/zingchart/zingtouch/git/commits/48bdee24317a7c4c8a125f193833dfee56a44752,48bdee24317a7c4c8a125f193833dfee56a44752,Formatting on browser compat on readme
mike-schultz,2016-07-09 20:08:45,https://api.github.com/repos/zingchart/zingtouch/git/commits/17139fc0a01e97f6680294584044201d2057afb5,17139fc0a01e97f6680294584044201d2057afb5,Added browser compatibility to readme
mike-schultz,2016-07-06 22:44:49,https://api.github.com/repos/zingchart/zingtouch/git/commits/8697d77978b5aa830ca2568455e8a39d16457fb7,8697d77978b5aa830ca2568455e8a39d16457fb7,"Exposed production file, updated build include instructions, and added license"
mike-schultz,2016-07-01 16:49:46,https://api.github.com/repos/zingchart/zingtouch/git/commits/20bcdf05f87e00b4115085db23817199e29dad31,20bcdf05f87e00b4115085db23817199e29dad31,Fixed broken readme h1 outlink
mike-schultz,2016-07-01 16:48:26,https://api.github.com/repos/zingchart/zingtouch/git/commits/ad1ad755d364942799222432d6dad87c531e6af6,ad1ad755d364942799222432d6dad87c531e6af6,Swapped out codeclimate for a public one
mike-schultz,2016-06-28 20:51:20,https://api.github.com/repos/zingchart/zingtouch/git/commits/d9365038ec58ae3190f4672954d118613544dc00,d9365038ec58ae3190f4672954d118613544dc00,"Fixed test cases, updated readme to reflect old api changes"
mike-schultz,2016-05-11 18:19:51,https://api.github.com/repos/zingchart/zingtouch/git/commits/ead8c9058cdb2eaa7feffdbb3adbfe63443710ce,ead8c9058cdb2eaa7feffdbb3adbfe63443710ce,Prefer array functions over accumulators
mike-schultz,2016-05-10 22:40:22,https://api.github.com/repos/zingchart/zingtouch/git/commits/c47a5cabb65cb6abdefd7a8f10086fa6c2e53f14,c47a5cabb65cb6abdefd7a8f10086fa6c2e53f14,"Refactored state updates, favored forEach and arrow instead of for loops"
mike-schultz,2016-05-10 00:13:16,https://api.github.com/repos/zingchart/zingtouch/git/commits/00ffa1ae21dbd2c04d8dc845611b0964128dd56e,00ffa1ae21dbd2c04d8dc845611b0964128dd56e,Fixed issue with Region.unbind not working
mike-schultz,2016-05-03 15:35:29,https://api.github.com/repos/zingchart/zingtouch/git/commits/dd4101a2cc6ee57cae33665e4b8f378b4cff5393,dd4101a2cc6ee57cae33665e4b8f378b4cff5393,Microsoft prevent default disabling through css
mike-schultz,2016-04-18 22:13:48,https://api.github.com/repos/zingchart/zingtouch/git/commits/4495b78b245d3c8c034ba270ab633c81bc5deba6,4495b78b245d3c8c034ba270ab633c81bc5deba6,Removed thresholdDirection from Pan gesture. Direction can be interpreted from emitted 'currentDirection' angle
mike-schultz,2016-04-18 19:32:00,https://api.github.com/repos/zingchart/zingtouch/git/commits/25114478652f83332c333122f91648530dc945da,25114478652f83332c333122f91648530dc945da,"normalized parameter names, collapsed some emitted properties to be accessible through a data array (pan and swipe)."
mike-schultz,2016-04-08 17:02:06,https://api.github.com/repos/zingchart/zingtouch/git/commits/554f4ea1d3b4956394f0fe7ca6bc8074aca03d40,554f4ea1d3b4956394f0fe7ca6bc8074aca03d40,Added currentDirection and directionFromOrigin to Pan
mike-schultz,2016-04-06 16:44:48,https://api.github.com/repos/zingchart/zingtouch/git/commits/1cfd6d9323e7cc540d27ca3874ff1b64f6e3e972,1cfd6d9323e7cc540d27ca3874ff1b64f6e3e972,Generalized state.updateInputs and fixed an issue with panning and thresholds
mike-schultz,2016-04-06 00:28:46,https://api.github.com/repos/zingchart/zingtouch/git/commits/a397115eb34ddf8c24b63436f881c6708ac935ec,a397115eb34ddf8c24b63436f881c6708ac935ec,Added PointerEvent detection for MS Edge
mike-schultz,2016-04-05 21:59:00,https://api.github.com/repos/zingchart/zingtouch/git/commits/488a66e05728098bb5811f66cb2d06a0e3d82122,488a66e05728098bb5811f66cb2d06a0e3d82122,Added comment documentation and fixed a few method signatures
mike-schultz,2016-04-05 21:26:31,https://api.github.com/repos/zingchart/zingtouch/git/commits/2b64475db719139aff0c6a0843e5a076867a8a52,2b64475db719139aff0c6a0843e5a076867a8a52,Removed the Press Gesture. Can easily be derived from Tap
mike-schultz,2016-04-05 21:07:01,https://api.github.com/repos/zingchart/zingtouch/git/commits/d5204a21fb6375e12134f83852c49c81e1c9cfb1,d5204a21fb6375e12134f83852c49c81e1c9cfb1,Added ids for regions and implemented gesture wide id tracking
mike-schultz,2016-04-05 17:54:47,https://api.github.com/repos/zingchart/zingtouch/git/commits/67c59009cb1f804a5fab3c9c822a3825594f51b1,67c59009cb1f804a5fab3c9c822a3825594f51b1,Region bug fix and fixed issue where events would not propagate up to all listeners
mike-schultz,2016-04-05 00:33:55,https://api.github.com/repos/zingchart/zingtouch/git/commits/40c28dc58636c879fb19297e68e8747f0f09b64b,40c28dc58636c879fb19297e68e8747f0f09b64b,Added a check for state events/ lost focus on the browser
mike-schultz,2016-04-05 00:05:20,https://api.github.com/repos/zingchart/zingtouch/git/commits/8b81236d83730cc83c1b914302a0d01959209e98,8b81236d83730cc83c1b914302a0d01959209e98,Changed arbiter to grab bindings based off of x/y instead of event.target to properly propagate events. Fixed Pinch
mike-schultz,2016-04-04 22:02:32,https://api.github.com/repos/zingchart/zingtouch/git/commits/a224af51baf1a18bb6edbca1f96cae2803fbf419,a224af51baf1a18bb6edbca1f96cae2803fbf419,"Implemented a new way to check if events are within regions, and fixed the Distance class for checking activeInputs"
mike-schultz,2016-04-04 20:49:29,https://api.github.com/repos/zingchart/zingtouch/git/commits/f55413b10b61361055a5316e40205b085ff483dd,f55413b10b61361055a5316e40205b085ff483dd,"Replaced synthetic event propagation for the native one, and fixed a bug with expand and pinch not resetting progress"
mike-schultz,2016-03-30 00:22:40,https://api.github.com/repos/zingchart/zingtouch/git/commits/e0bf2c160912ed7f3dce4c8b95e114a715767957,e0bf2c160912ed7f3dce4c8b95e114a715767957,Bugfix for a leftover reference for State
mike-schultz,2016-03-30 00:15:13,https://api.github.com/repos/zingchart/zingtouch/git/commits/8e8be0b93a9d124c1da1039c1b60df8d443f8ee8,8e8be0b93a9d124c1da1039c1b60df8d443f8ee8,Reduced Distance's threshold and introduced threshold to Pan
mike-schultz,2016-03-28 21:46:33,https://api.github.com/repos/zingchart/zingtouch/git/commits/93a086896fe6c3da96d08279cdc8c9bf20b741d2,93a086896fe6c3da96d08279cdc8c9bf20b741d2,Added update method to Gesture Class to update internal properties on the fly
mike-schultz,2016-03-28 21:28:25,https://api.github.com/repos/zingchart/zingtouch/git/commits/255aa68a1d8a518dcc264938926d372be256681c,255aa68a1d8a518dcc264938926d372be256681c,Added an abstract class 'Distance' and subclassed Expand and Pinch from it
mike-schultz,2016-03-28 20:07:08,https://api.github.com/repos/zingchart/zingtouch/git/commits/fc7e9359ffc4cdea83b5fce0dfc8858c18216f9e,fc7e9359ffc4cdea83b5fce0dfc8858c18216f9e,Moved the min delay from Press into Tap and utilized it more as a subclass
mike-schultz,2016-03-23 22:18:40,https://api.github.com/repos/zingchart/zingtouch/git/commits/365a011e81dbdd685e490bbcc932fe65171df153,365a011e81dbdd685e490bbcc932fe65171df153,Added the Press Gesture
mike-schultz,2016-03-23 21:45:11,https://api.github.com/repos/zingchart/zingtouch/git/commits/c064566122b0cde7b901cbd3f8cb90f165f62a33,c064566122b0cde7b901cbd3f8cb90f165f62a33,Set a Gesture's id to be 'type-id' instead of a number
mike-schultz,2016-03-23 21:20:22,https://api.github.com/repos/zingchart/zingtouch/git/commits/2630d1ae0507811e83396a0ac658aa809e0e909a,2630d1ae0507811e83396a0ac658aa809e0e909a,"Added ZingEvent information to each event.detail, and fixed a bug where multiple events bound to the same key were being fired n times"
mike-schultz,2016-03-21 21:51:22,https://api.github.com/repos/zingchart/zingtouch/git/commits/4912ff992cde2a0c922b2c4c2d5b2e431f5e2586,4912ff992cde2a0c922b2c4c2d5b2e431f5e2586,Arbiter now looks at the event's .currentTarget instead of it's .target
mike-schultz,2016-03-21 21:15:45,https://api.github.com/repos/zingchart/zingtouch/git/commits/9829358a178881e3019c7c1dc0e3f103d216a5e6,9829358a178881e3019c7c1dc0e3f103d216a5e6,Added capture parameter to the Region contructor
mike-schultz,2016-03-16 22:57:02,https://api.github.com/repos/zingchart/zingtouch/git/commits/64f5c0d64c4b72ebf3e6c75670c5a119ea6579c6,64f5c0d64c4b72ebf3e6c75670c5a119ea6579c6,Fixed documentation badge link to esdocs
mike-schultz,2016-03-16 20:46:58,https://api.github.com/repos/zingchart/zingtouch/git/commits/c06f81cf9ec5fe0805c2c88214f8b06d47fae0eb,c06f81cf9ec5fe0805c2c88214f8b06d47fae0eb,Cleaned up Region bind and unbind logic
mike-schultz,2016-03-16 19:03:25,https://api.github.com/repos/zingchart/zingtouch/git/commits/a0f3d091a4a51794d1756d1bd9691a0d54b94791,a0f3d091a4a51794d1756d1bd9691a0d54b94791,Added codeclimate and esdoc badges
mike-schultz,2016-03-16 17:09:16,https://api.github.com/repos/zingchart/zingtouch/git/commits/1e17333851e09f257149103fdbca355793040c38,1e17333851e09f257149103fdbca355793040c38,Changed ZingTouch.Listener to ZingTouch.Region
mike-schultz,2016-03-16 16:35:45,https://api.github.com/repos/zingchart/zingtouch/git/commits/f4b9339726bfebd6ef7bfcfb44aebd95d1733b14,f4b9339726bfebd6ef7bfcfb44aebd95d1733b14,Merge branch 'master' of github.com:zingchart/zingtouch
mike-schultz,2016-03-15 21:53:46,https://api.github.com/repos/zingchart/zingtouch/git/commits/7435a015cd39b2f7d02db81fbb1600c0da1d185a,7435a015cd39b2f7d02db81fbb1600c0da1d185a,Added link to the codebase documentation
mike-schultz,2016-03-16 16:28:44,https://api.github.com/repos/zingchart/zingtouch/git/commits/c5f0a0db9c2dbfb2cd5799f25927ea83ded07cd5,c5f0a0db9c2dbfb2cd5799f25927ea83ded07cd5,Fixed test cases and added new ones to reflect the new class structure and api
mike-schultz,2016-03-15 21:53:46,https://api.github.com/repos/zingchart/zingtouch/git/commits/38548fc567b1b5332fe7d40fe7dddd7404f6fcdc,38548fc567b1b5332fe7d40fe7dddd7404f6fcdc,Added link to the codebase documentation
mike-schultz,2016-03-15 21:10:57,https://api.github.com/repos/zingchart/zingtouch/git/commits/ae63d7d37cc78dfc5c82e81322f6306215151e1d,ae63d7d37cc78dfc5c82e81322f6306215151e1d,Fixed broken images on readme
mike-schultz,2016-03-15 21:08:22,https://api.github.com/repos/zingchart/zingtouch/git/commits/8e01b33b0d3710c818f7681332e3dcee13a093f4,8e01b33b0d3710c818f7681332e3dcee13a093f4,Updated readme with new syntax and images
mike-schultz,2016-03-15 18:05:54,https://api.github.com/repos/zingchart/zingtouch/git/commits/193a5e1287c1b2efc3e643a0cc8e0d181383e37d,193a5e1287c1b2efc3e643a0cc8e0d181383e37d,Renamed the Listener class to Region
mike-schultz,2016-03-14 23:22:27,https://api.github.com/repos/zingchart/zingtouch/git/commits/ba7e25a6a25112c4a216310c5b2cd44ffe7dd83a,ba7e25a6a25112c4a216310c5b2cd44ffe7dd83a,Refactored the state object to be a newable Class
mike-schultz,2016-03-14 21:21:51,https://api.github.com/repos/zingchart/zingtouch/git/commits/f065f36268596cd76f854b710c2aa6d0980de013,f065f36268596cd76f854b710c2aa6d0980de013,Abstracted out the API methods from ZingTouch into a new class Listener
mike-schultz,2016-03-11 22:55:39,https://api.github.com/repos/zingchart/zingtouch/git/commits/709beba03a37be0349522a700f2083cef5259908,709beba03a37be0349522a700f2083cef5259908,Laxed conflicting gestures
mike-schultz,2016-03-11 18:15:13,https://api.github.com/repos/zingchart/zingtouch/git/commits/c4e7e779d6ca2dbad7dc95bbe88c9dd355bb75d0,c4e7e779d6ca2dbad7dc95bbe88c9dd355bb75d0,Fixed touch not working with ios / safari
mike-schultz,2016-03-11 01:02:25,https://api.github.com/repos/zingchart/zingtouch/git/commits/96ec2bd915d6758b2a60f84e20f97e6fb5fef534,96ec2bd915d6758b2a60f84e20f97e6fb5fef534,Added build tool and docgen to be accessed with npm scripts
mike-schultz,2016-03-10 23:05:46,https://api.github.com/repos/zingchart/zingtouch/git/commits/99d328e49ebc04fd97c2309401e9fedf41bca3c6,99d328e49ebc04fd97c2309401e9fedf41bca3c6,README documentation of the API
mike-schultz,2016-03-10 19:38:43,https://api.github.com/repos/zingchart/zingtouch/git/commits/f141675e124d1ca187f28260ea2bbb6addeef542,f141675e124d1ca187f28260ea2bbb6addeef542,Changed all gesture constructor parameters to accept an options object rather than a list of params
mike-schultz,2016-03-10 04:36:37,https://api.github.com/repos/zingchart/zingtouch/git/commits/ad2fa4eda3607bcc8c3c20ebf325c7ab8d70ae27,ad2fa4eda3607bcc8c3c20ebf325c7ab8d70ae27,Broke up lines to meet max char < 100
mike-schultz,2016-03-10 00:59:22,https://api.github.com/repos/zingchart/zingtouch/git/commits/6f199125c92a2a834653fa5eb8cb7d33ba4a79f1,6f199125c92a2a834653fa5eb8cb7d33ba4a79f1,Implemented bindOnce
mike-schultz,2016-03-10 00:24:35,https://api.github.com/repos/zingchart/zingtouch/git/commits/4e352f00183a98a6e3ad46c4bd71687ae1c43d56,4e352f00183a98a6e3ad46c4bd71687ae1c43d56,"Implemented unbind, register, and unregister"
mike-schultz,2016-03-09 23:32:01,https://api.github.com/repos/zingchart/zingtouch/git/commits/ff46c00dff1113b729fd10168523bc8a7b28190d,ff46c00dff1113b729fd10168523bc8a7b28190d,Removed test files
mike-schultz,2016-03-09 23:17:44,https://api.github.com/repos/zingchart/zingtouch/git/commits/3e557541422e37ceeeb55fa756fe2ae02b1fb896,3e557541422e37ceeeb55fa756fe2ae02b1fb896,Linked existing testcases to esdocs
mike-schultz,2016-03-09 22:52:51,https://api.github.com/repos/zingchart/zingtouch/git/commits/2381aea8a3d9d30d58f659c19ed05ddd870f6587,2381aea8a3d9d30d58f659c19ed05ddd870f6587,Exposed internal limits as parameters for Swipe
mike-schultz,2016-03-09 22:34:06,https://api.github.com/repos/zingchart/zingtouch/git/commits/2e195f63281f67083b3584a84b296a573ee569f2,2e195f63281f67083b3584a84b296a573ee569f2,Complete code documentation with jsdocs
mike-schultz,2016-03-09 22:30:20,https://api.github.com/repos/zingchart/zingtouch/git/commits/a5348f74e9a358af8de5bfec6e640c3b2c9c5e10,a5348f74e9a358af8de5bfec6e640c3b2c9c5e10,Complete code documentation for esdoc
mike-schultz,2016-03-09 00:59:56,https://api.github.com/repos/zingchart/zingtouch/git/commits/70c6d1c6085cf9dc39ef5fe5bc14ad9eba8a893d,70c6d1c6085cf9dc39ef5fe5bc14ad9eba8a893d,Removed index.js
mike-schultz,2016-03-09 00:56:53,https://api.github.com/repos/zingchart/zingtouch/git/commits/edaf68786e6fd51ab8d40cb4e6cc1a42b14fb778,edaf68786e6fd51ab8d40cb4e6cc1a42b14fb778,"Changed test files to .spec.js, added support for esdoc"
mike-schultz,2016-03-08 00:32:38,https://api.github.com/repos/zingchart/zingtouch/git/commits/538c1e742184412735e3a7f316ba6c79d18c4dc5,538c1e742184412735e3a7f316ba6c79d18c4dc5,Keeping track of swipe moves in addition to applying a time distortion
mike-schultz,2016-03-08 00:18:41,https://api.github.com/repos/zingchart/zingtouch/git/commits/540f7a3eb915e5275924775364e6a0e252c96023,540f7a3eb915e5275924775364e6a0e252c96023,Implemented swipe gesture
mike-schultz,2016-03-07 21:49:13,https://api.github.com/repos/zingchart/zingtouch/git/commits/afc7601334a52f5839d1e7e6e0ba745ee78395d2,afc7601334a52f5839d1e7e6e0ba745ee78395d2,Finished rotate gesture with appropriate metadata being emitted
mike-schultz,2016-03-05 00:46:31,https://api.github.com/repos/zingchart/zingtouch/git/commits/2ff9ef88a0b4180271684b434dd056dfa5553677,2ff9ef88a0b4180271684b434dd056dfa5553677,Changes to the rotate algorithm
mike-schultz,2016-03-04 18:13:17,https://api.github.com/repos/zingchart/zingtouch/git/commits/14936dfe79e1fdc156cfd4a8cbcef9cbd50b622f,14936dfe79e1fdc156cfd4a8cbcef9cbd50b622f,Basic rotate and calculations
mike-schultz,2016-03-02 23:44:27,https://api.github.com/repos/zingchart/zingtouch/git/commits/852e0b88806ed289b6c9aa7a11780882deafefad,852e0b88806ed289b6c9aa7a11780882deafefad,Implemented basic expand with distance
mike-schultz,2016-03-02 23:34:43,https://api.github.com/repos/zingchart/zingtouch/git/commits/d1832abe8f919be0fbd92efce1c18d3ff3a86153,d1832abe8f919be0fbd92efce1c18d3ff3a86153,Implemented basic pinch with distance
mike-schultz,2016-03-02 22:48:47,https://api.github.com/repos/zingchart/zingtouch/git/commits/dc4631fc3d3662fea103ea77689ad2ddd340f3bd,dc4631fc3d3662fea103ea77689ad2ddd340f3bd,"Fixed circular dependecy for mocha tests, and added util testcases"
mike-schultz,2016-03-02 21:41:58,https://api.github.com/repos/zingchart/zingtouch/git/commits/75189868f13badb67dea96cd9618d9642e9e0de0,75189868f13badb67dea96cd9618d9642e9e0de0,Multi finger panning implemented
mike-schultz,2016-03-02 16:52:59,https://api.github.com/repos/zingchart/zingtouch/git/commits/5b42ab01e249583c9ea05b1e3a0b56d0417ab8e2,5b42ab01e249583c9ea05b1e3a0b56d0417ab8e2,Added warning supressions with JSDOC params for members
mike-schultz,2016-03-01 23:49:50,https://api.github.com/repos/zingchart/zingtouch/git/commits/3c5f48f7585c21143682caf729fb0a7b1fc581a0,3c5f48f7585c21143682caf729fb0a7b1fc581a0,Implemented multitouch recognition for multi-tap gesture
mike-schultz,2016-02-29 20:03:11,https://api.github.com/repos/zingchart/zingtouch/git/commits/4f8b656e902d136ee24009d287a4f90b7a30e491,4f8b656e902d136ee24009d287a4f90b7a30e491,Fixed a bug iOS where event.touches is an object of non-numerical parameters
mike-schultz,2016-02-29 17:55:59,https://api.github.com/repos/zingchart/zingtouch/git/commits/822e1073887a12e484be6d4dbe66d6d0051f968e,822e1073887a12e484be6d4dbe66d6d0051f968e,Added ability for bind to accept a new Gesture object
mike-schultz,2016-02-26 23:42:40,https://api.github.com/repos/zingchart/zingtouch/git/commits/cbca2b934ea348e16dd1b006843b1a743402073e,cbca2b934ea348e16dd1b006843b1a743402073e,Moved private functions out of util and into respective files
mike-schultz,2016-02-26 00:57:56,https://api.github.com/repos/zingchart/zingtouch/git/commits/9b95b5a6f97dd4f6531cd3844b5144a7a6cef26b,9b95b5a6f97dd4f6531cd3844b5144a7a6cef26b,"Test cases for core functionality, code styling conformity"
mike-schultz,2016-02-25 00:48:24,https://api.github.com/repos/zingchart/zingtouch/git/commits/0f59bc8f371190a5b2971d76aadba05c8abac8fa,0f59bc8f371190a5b2971d76aadba05c8abac8fa,Code cleanup and ide supresssions
mike-schultz,2016-02-24 23:50:30,https://api.github.com/repos/zingchart/zingtouch/git/commits/a6c7bc7da0b341ea1aaa4ab0679ca3605b14caca,a6c7bc7da0b341ea1aaa4ab0679ca3605b14caca,"Added the Binder class, modified the subclasses to interpret state better, ZingTouch main object test cases"
mike-schultz,2016-02-24 00:46:29,https://api.github.com/repos/zingchart/zingtouch/git/commits/7b8dea182b8ef0e6ccef763e18a3231e13af4f54,7b8dea182b8ef0e6ccef763e18a3231e13af4f54,Filled out stubs to the point where the Tap gesture is testable
mike-schultz,2016-02-23 01:06:04,https://api.github.com/repos/zingchart/zingtouch/git/commits/ddfd4dd6cf65606cb0c8faf10afdd3276e2ff547,ddfd4dd6cf65606cb0c8faf10afdd3276e2ff547,"Re-stubbed the new class structure, added test cases for state"
mike-schultz,2016-02-20 00:29:55,https://api.github.com/repos/zingchart/zingtouch/git/commits/923166a0268d362060a1e3238dbed3a510394c12,923166a0268d362060a1e3238dbed3a510394c12,"Simplified bind parameters, switched karma from browserify for test cases, simplified util functions"
mike-schultz,2016-02-19 17:28:19,https://api.github.com/repos/zingchart/zingtouch/git/commits/71619c1622343f378329454d80c1886b252b9743,71619c1622343f378329454d80c1886b252b9743,Removed .idea and dist/ folders from git
mike-schultz,2016-02-19 17:24:18,https://api.github.com/repos/zingchart/zingtouch/git/commits/3347c3f62474e883c41eafcd1cd9edee08f47129,3347c3f62474e883c41eafcd1cd9edee08f47129,"Core skeleton complete with stubs, test cases, and build tool"
tpowell,2016-02-08 19:21:54,https://api.github.com/repos/zingchart/zingtouch/git/commits/0ad417abf54697a92eee158052c2277079a51fcc,0ad417abf54697a92eee158052c2277079a51fcc,Initial commit
